title,content,references,clean_text,tokens
"Enfield, County Meath","
 Enfield (Irish: An Bóthar Buí, meaning 'the yellow road'), also known as Innfield,[2][3] is a town in south County Meath, Ireland, situated between Kilcock and Kinnegad and very close to the border with County Kildare. The town is on the Dublin-Sligo railway line. It is located on the R148 regional road,[3] formerly the N4 national primary road connecting Dublin to Connacht.
 In the 20 years between the 1996 and 2016 census, the population of Enfield grew considerably from just 566 inhabitants to 3,239 people.[4][5] This increase is due to its location on the commuter belt to Dublin.[6] Similarly to many other dormitory towns in this vicinity, numerous housing estates have been constructed, with 2016 census numbers indicating that 80% of the town's housing stock (826 of 1,024 households) was built between 1991 and 2010.[4] By the 2022 census, population had increased to 3,663.[1]
 The village's Irish name, An Bóthar Buí (the yellow road), is derived from the yellow mud that formed on the main street of the village through a combination of rain and the churning effect of the wheels of the stagecoach on the soil. Another theory is that the name arose from the yellow colour of the ragwort vegetation at the sides of the road.[7]
 Enfield's phased growth is paralleled with the various phases of transport history throughout south County Meath.
Going back to Ancient Times, prior to and during the early part of the first millennium A.D., the Enfield area is believed to have been situated on one of the main roads to Tara, the coronation site and seat of the High Kings of Ireland from the 3rd century until 1022. From the great heart and centre of the Irish Kingdom, five great arteries or roads radiated from Tara to the various parts of the country, namely, the Slighe (a way or path) Cualann, which ran toward the present County Wicklow, the Slighe Mór, the great Western road, which ran via Dublin to Galway, the Slighe Asail, which ran near the present Mullingar, the Slighe Dala, which ran southwest, and the Slighe Midluachra, the Northern road.[7]
 During Norman times (from 1169) under the Fitzgeralds, Earls of Kildare, a road was built from Maynooth Castle to Courtown House in Kilcock, to the Windmill on Cappagh Hill, to Cloncurry over to Johnstown House (now the Johnstown House Hotel and Spa), and from there on to Newcastle and Balyna House.[7]
 When the stagecoach was used as a form of transport in Ireland, this road took a slightly different route to include the area that is now known as Enfield. The road between Dublin and Mullingar running through Enfield was built in 1735.[7]
 A livery stable and courtyard existed opposite the old post office building (now a Chinese restaurant) at the east end of the town, to service people travelling on this road. Fresh teams of horses were available for hire at the livery stable when the coaches stopped at the post office. The building also provided some stopover accommodation. Some of the remains of the original livery courtyard could be seen adjacent to the SuperValu (formerly Centra) supermarket and car park. These sites were protected once by the Office of Public Works, but have made way for redevelopment in 2014. The first postal deliveries by stagecoach, in the area, occurred around 1740, during the time of Robert Fitzgerald, 19th Earl of Kildare.[7]
 In the 1790s, maps denote the site as ""A New Inn"", later ""The New Inn"" and eventually, Innfield. This derives from a mail-coach inn on the 18th century Dublin to Mullingar coach route called ""The Royal Oak Inn"", which is estimated to have been where the Bridge House Inn now stands. The Royal Canal also passed through Innfield, and with the arrival of the Midland Great Western Railway, the name became anglicised to Enfield. The name Innfield became Enfield towards the end of the 19th Century when a new postmaster came from Enfield, Middlesex, England and decided to use the same name for the area.[7] The N4, the main road to the west from Dublin, passed through Enfield and plagued it with traffic problems. In December 2005, a new stretch of the M4 motorway opened and most traffic now bypasses the town.[8] The section of the N4 which was bypassed has been redesignated as the R148.[3]
 In 2013, St. Mary's National School was redeveloped and officially opened by Enda Kenny and Bishop Michael Smith of the Meath Diocese.[citation needed]
 The Royal Canal construction began in Dublin in 1790 and signaled the end of the stagecoach era, as the canals were a cheaper and more efficient means of transport. The stretch from Dublin to Mullingar opened as a trade route around 1807 and the canal eventually reached the Shannon in 1817, though the company was heavily in debt. The decision by the Duke of Leinster to build a spur from the canal to his country residence at Carton House was one of the contributing factors which finally broke the company.[7]
 Even though rail travel was much quicker, the canal continued to carry traffic until the 1950s. It is only now, at the turn of the millennium,[when?] that the potential of the canal for tourism and as a natural amenity is being realised. The Office of Public Works took charge of it in 1986, and subsequent investment and significant restoration mean it has great prospects of becoming popular again as a means of leisurely transport.[7]
 The railway reached Enfield in 1847, when the Midland Great Western Railway opened between Broadstone Station in Dublin and Enfield railway station (opened on 28 June 1847).[9]
 Upon the opening of the railway, canal boats ceased all passenger traffic between Dublin and Enfield, passengers travelling west using the train to Enfield and transferring to the canal in the town.[citation needed] Both the canal and the railway had stopover points in Enfield, and this contributed to the development of the area.[7]
 The line was extended to Hill of Down by the end of 1847 and to Mullingar in October 1848. In 1877, a branch line from Nesbitt Junction (about 2 km (1.2 mi) west of Enfield) to Edenderry was opened. The Edenderry branch line and Enfield station closed in 1963, although there had been no regular passenger service to Edenderry since 1931.[9]
 Passenger services from Enfield resumed in 1988.[9]
 Enfield is located on the Sligo to Dublin rail line with termini at Sligo Mac Diarmada and Dublin Connolly, operated by Irish Rail. As of 9 December 2018, there are 10 trains into Dublin city centre & 9 westbound trains Monday to Friday, 7 trains to Dublin & 7 trains westbound on Saturdays, and on Sundays, there are 6 trains to Dublin & 6 trains westbound.[10]
 Enfield is served by Bus Éireann route 115 (Mullingar/Enfield) to Dublin)[11] and  Irish Citylink route 763 (Dublin to Galway),[12] in addition to less regular routes run by Kearns and Mullally's.
 There is an amenity park along with a small harbour and slipway at the Royal Canal on the western side of the town.[7] The local swimming pool and gym is in the Johnstown House Estate.[13]
 Enfield is located near The Rathcore Golf and Country Club[14] and the Darren Clarke-designed Champions Club in Moyvalley.
 Na Fianna CLG (established in 2000) is the local Gaelic Athletic Association club. The town is also home to Enfield Celtic Football Club, established in 1989.[15]
","
^ a b ""Census 2022 - F1015 Population"". Central Statistics Office Census 2022 Reports. Central Statistics Office Ireland. August 2023. Retrieved 16 September 2023.

^ ""An Bóthar Buí/Innfield"". www.logainm.ie. Placenames Database of Ireland. Archived from the original on 25 December 2019. Retrieved 25 December 2019.

^ a b c Ordnance Survey of Ireland map

^ a b ""Sap map Area - Settlements - Enfield"". Census 2016. CSO. 2016. Archived from the original on 13 February 2018. Retrieved 12 February 2018.

^ ""ENFIELD (Ireland)"". City Population. Archived from the original on 16 February 2020. Retrieved 16 February 2020.

^ ""Enfield - Meath Adopted County Development Plan"". Meath County Council. November 2021. Retrieved 22 September 2023.

^ a b c d e f g h i j ""Enfield History"". www.enfieldonline.net. Archived from the original on 31 January 2020. Retrieved 25 April 2020.

^ ""New 50km stretch of motorway opens"". RTÉ. 12 December 2005. Archived from the original on 26 October 2020. Retrieved 24 January 2020.

^ a b c ""Irish Railways"" (PDF). www.railscot.co.uk. Archived (PDF) from the original on 2 March 2011. Retrieved 6 September 2007.

^ ""Dublin - Sligo - Monday - Sunday (excluding public holidays) - Valid from 09.12.2018 until further notice"" (PDF). Iarnród Éireann. Archived from the original (PDF) on 29 December 2018.

^ ""View Timetables"". Bus Éireann. Archived from the original on 14 December 2020. Retrieved 26 October 2019.

^ ""763 Route: Time Schedules, Stops & Maps"". Moovit. Archived from the original on 26 October 2019. Retrieved 26 October 2019.

^ ""Leisure Centre"". www.thejohnstownestate.ie. Archived from the original on 24 September 2020. Retrieved 16 April 2020.

^ Fagan, Jack (25 January 2017). ""Golf course and clubhouse near Enfield, Co Meath, for €650,000"". The Irish Times. Archived from the original on 7 October 2018. Retrieved 7 October 2018.

^ ""Enfield Celtic FC | Clubforce"". enfieldcelticfc.clubforce.com. Retrieved 19 March 2023.

^ Clarke, Frances (October 2009). ""Brayton, Teresa C."" Dictionary of Irish Biography. Retrieved 16 January 2025.

^ ""Miriam meets.... Sarah Carey and her father Bill Carey"". RTÉ. 24 September 2012. Retrieved 15 January 2025.

^ ""The English literature major from Meath who took on Evander Holyfield"". the42.ie. 25 December 2016. Retrieved 15 January 2025.

^ ""Enfield man for Oxford"". Meath Chronicle.

","
 enfield  irish  an b thar bu   meaning  the yellow road    also known as innfield    is a town in south county meath  ireland  situated between kilcock and kinnegad and very close to the border with county kildare  the town is on the dublin sligo railway line  it is located on the r    regional road   formerly the n  national primary road connecting dublin to connacht 
 in the    years between the      and      census  the population of enfield grew considerably from just     inhabitants to       people    this increase is due to its location on the commuter belt to dublin   similarly to many other dormitory towns in this vicinity  numerous housing estates have been constructed  with      census numbers indicating that     of the town s housing stock      of       households  was built between      and        by the      census  population had increased to        
 the village s irish name  an b thar bu   the yellow road   is derived from the yellow mud that formed on the main street of the village through a combination of rain and the churning effect of the wheels of the stagecoach on the soil  another theory is that the name arose from the yellow colour of the ragwort vegetation at the sides of the road  
 enfield s phased growth is paralleled with the various phases of transport history throughout south county meath 
going back to ancient times  prior to and during the early part of the first millennium a d   the enfield area is believed to have been situated on one of the main roads to tara  the coronation site and seat of the high kings of ireland from the  rd century until       from the great heart and centre of the irish kingdom  five great arteries or roads radiated from tara to the various parts of the country  namely  the slighe  a way or path  cualann  which ran toward the present county wicklow  the slighe m r  the great western road  which ran via dublin to galway  the slighe asail  which ran near the present mullingar  the slighe dala  which ran southwest  and the slighe midluachra  the northern road  
 during norman times  from       under the fitzgeralds  earls of kildare  a road was built from maynooth castle to courtown house in kilcock  to the windmill on cappagh hill  to cloncurry over to johnstown house  now the johnstown house hotel and spa   and from there on to newcastle and balyna house  
 when the stagecoach was used as a form of transport in ireland  this road took a slightly different route to include the area that is now known as enfield  the road between dublin and mullingar running through enfield was built in       
 a livery stable and courtyard existed opposite the old post office building  now a chinese restaurant  at the east end of the town  to service people travelling on this road  fresh teams of horses were available for hire at the livery stable when the coaches stopped at the post office  the building also provided some stopover accommodation  some of the remains of the original livery courtyard could be seen adjacent to the supervalu  formerly centra  supermarket and car park  these sites were protected once by the office of public works  but have made way for redevelopment in       the first postal deliveries by stagecoach  in the area  occurred around       during the time of robert fitzgerald    th earl of kildare  
 in the     s  maps denote the site as  a new inn   later  the new inn  and eventually  innfield  this derives from a mail coach inn on the   th century dublin to mullingar coach route called  the royal oak inn   which is estimated to have been where the bridge house inn now stands  the royal canal also passed through innfield  and with the arrival of the midland great western railway  the name became anglicised to enfield  the name innfield became enfield towards the end of the   th century when a new postmaster came from enfield  middlesex  england and decided to use the same name for the area   the n   the main road to the west from dublin  passed through enfield and plagued it with traffic problems  in december       a new stretch of the m  motorway opened and most traffic now bypasses the town   the section of the n  which was bypassed has been redesignated as the r     
 in       st  mary s national school was redeveloped and officially opened by enda kenny and bishop michael smith of the meath diocese  citation needed 
 the royal canal construction began in dublin in      and signaled the end of the stagecoach era  as the canals were a cheaper and more efficient means of transport  the stretch from dublin to mullingar opened as a trade route around      and the canal eventually reached the shannon in       though the company was heavily in debt  the decision by the duke of leinster to build a spur from the canal to his country residence at carton house was one of the contributing factors which finally broke the company  
 even though rail travel was much quicker  the canal continued to carry traffic until the     s  it is only now  at the turn of the millennium  when   that the potential of the canal for tourism and as a natural amenity is being realised  the office of public works took charge of it in       and subsequent investment and significant restoration mean it has great prospects of becoming popular again as a means of leisurely transport  
 the railway reached enfield in       when the midland great western railway opened between broadstone station in dublin and enfield railway station  opened on    june        
 upon the opening of the railway  canal boats ceased all passenger traffic between dublin and enfield  passengers travelling west using the train to enfield and transferring to the canal in the town  citation needed  both the canal and the railway had stopover points in enfield  and this contributed to the development of the area  
 the line was extended to hill of down by the end of      and to mullingar in october       in       a branch line from nesbitt junction  about   km      mi  west of enfield  to edenderry was opened  the edenderry branch line and enfield station closed in       although there had been no regular passenger service to edenderry since       
 passenger services from enfield resumed in       
 enfield is located on the sligo to dublin rail line with termini at sligo mac diarmada and dublin connolly  operated by irish rail  as of   december       there are    trains into dublin city centre     westbound trains monday to friday    trains to dublin     trains westbound on saturdays  and on sundays  there are   trains to dublin     trains westbound  
 enfield is served by bus  ireann route      mullingar enfield  to dublin   and  irish citylink route      dublin to galway    in addition to less regular routes run by kearns and mullally s 
 there is an amenity park along with a small harbour and slipway at the royal canal on the western side of the town   the local swimming pool and gym is in the johnstown house estate  
 enfield is located near the rathcore golf and country club  and the darren clarke designed champions club in moyvalley 
 na fianna clg  established in       is the local gaelic athletic association club  the town is also home to enfield celtic football club  established in       
","['enfield', 'irish', 'thar', 'meaning', 'yellow', 'road', 'also', 'known', 'innfield', 'town', 'south', 'county', 'meath', 'ireland', 'situated', 'kilcock', 'kinnegad', 'close', 'border', 'county', 'kildare', 'town', 'dublin', 'sligo', 'railway', 'line', 'located', 'regional', 'road', 'formerly', 'national', 'primary', 'road', 'connecting', 'dublin', 'connacht', 'years', 'census', 'population', 'enfield', 'grew', 'considerably', 'inhabitants', 'people', 'increase', 'due', 'location', 'commuter', 'belt', 'dublin', 'similarly', 'many', 'dormitory', 'towns', 'vicinity', 'numerous', 'housing', 'estates', 'constructed', 'census', 'numbers', 'indicating', 'town', 'housing', 'stock', 'households', 'built', 'census', 'population', 'increased', 'village', 'irish', 'name', 'thar', 'yellow', 'road', 'derived', 'yellow', 'mud', 'formed', 'main', 'street', 'village', 'combination', 'rain', 'churning', 'effect', 'wheels', 'stagecoach', 'soil', 'another', 'theory', 'name', 'arose', 'yellow', 'colour', 'ragwort', 'vegetation', 'sides', 'road', 'enfield', 'phased', 'growth', 'paralleled', 'various', 'phases', 'transport', 'history', 'throughout', 'south', 'county', 'meath', 'going', 'back', 'ancient', 'times', 'prior', 'early', 'part', 'first', 'millennium', 'enfield', 'area', 'believed', 'situated', 'one', 'main', 'roads', 'tara', 'coronation', 'site', 'seat', 'high', 'kings', 'ireland', 'century', 'great', 'heart', 'centre', 'irish', 'kingdom', 'five', 'great', 'arteries', 'roads', 'radiated', 'tara', 'various', 'parts', 'country', 'namely', 'slighe', 'way', 'path', 'cualann', 'ran', 'toward', 'present', 'county', 'wicklow', 'slighe', 'great', 'western', 'road', 'ran', 'via', 'dublin', 'galway', 'slighe', 'asail', 'ran', 'near', 'present', 'mullingar', 'slighe', 'dala', 'ran', 'southwest', 'slighe', 'midluachra', 'northern', 'road', 'norman', 'times', 'fitzgeralds', 'earls', 'kildare', 'road', 'built', 'maynooth', 'castle', 'courtown', 'house', 'kilcock', 'windmill', 'cappagh', 'hill', 'cloncurry', 'johnstown', 'house', 'johnstown', 'house', 'hotel', 'spa', 'newcastle', 'balyna', 'house', 'stagecoach', 'used', 'form', 'transport', 'ireland', 'road', 'took', 'slightly', 'different', 'route', 'include', 'area', 'known', 'enfield', 'road', 'dublin', 'mullingar', 'running', 'enfield', 'built', 'livery', 'stable', 'courtyard', 'existed', 'opposite', 'old', 'post', 'office', 'building', 'chinese', 'restaurant', 'east', 'end', 'town', 'service', 'people', 'travelling', 'road', 'fresh', 'teams', 'horses', 'available', 'hire', 'livery', 'stable', 'coaches', 'stopped', 'post', 'office', 'building', 'also', 'provided', 'stopover', 'accommodation', 'remains', 'original', 'livery', 'courtyard', 'could', 'seen', 'adjacent', 'supervalu', 'formerly', 'centra', 'supermarket', 'car', 'park', 'sites', 'protected', 'office', 'public', 'works', 'made', 'way', 'redevelopment', 'first', 'postal', 'deliveries', 'stagecoach', 'area', 'occurred', 'around', 'time', 'robert', 'fitzgerald', 'earl', 'kildare', 'maps', 'denote', 'site', 'new', 'inn', 'later', 'new', 'inn', 'eventually', 'innfield', 'derives', 'mail', 'coach', 'inn', 'century', 'dublin', 'mullingar', 'coach', 'route', 'called', 'royal', 'oak', 'inn', 'estimated', 'bridge', 'house', 'inn', 'stands', 'royal', 'canal', 'also', 'passed', 'innfield', 'arrival', 'midland', 'great', 'western', 'railway', 'name', 'became', 'anglicised', 'enfield', 'name', 'innfield', 'became', 'enfield', 'towards', 'end', 'century', 'new', 'postmaster', 'came', 'enfield', 'middlesex', 'england', 'decided', 'use', 'name', 'area', 'main', 'road', 'west', 'dublin', 'passed', 'enfield', 'plagued', 'traffic', 'problems', 'december', 'new', 'stretch', 'motorway', 'opened', 'traffic', 'bypasses', 'town', 'section', 'bypassed', 'redesignated', 'mary', 'national', 'school', 'redeveloped', 'officially', 'opened', 'enda', 'kenny', 'bishop', 'michael', 'smith', 'meath', 'diocese', 'citation', 'needed', 'royal', 'canal', 'construction', 'began', 'dublin', 'signaled', 'end', 'stagecoach', 'era', 'canals', 'cheaper', 'efficient', 'means', 'transport', 'stretch', 'dublin', 'mullingar', 'opened', 'trade', 'route', 'around', 'canal', 'eventually', 'reached', 'shannon', 'though', 'company', 'heavily', 'debt', 'decision', 'duke', 'leinster', 'build', 'spur', 'canal', 'country', 'residence', 'carton', 'house', 'one', 'contributing', 'factors', 'finally', 'broke', 'company', 'even', 'though', 'rail', 'travel', 'much', 'quicker', 'canal', 'continued', 'carry', 'traffic', 'turn', 'millennium', 'potential', 'canal', 'tourism', 'natural', 'amenity', 'realised', 'office', 'public', 'works', 'took', 'charge', 'subsequent', 'investment', 'significant', 'restoration', 'mean', 'great', 'prospects', 'becoming', 'popular', 'means', 'leisurely', 'transport', 'railway', 'reached', 'enfield', 'midland', 'great', 'western', 'railway', 'opened', 'broadstone', 'station', 'dublin', 'enfield', 'railway', 'station', 'opened', 'june', 'upon', 'opening', 'railway', 'canal', 'boats', 'ceased', 'passenger', 'traffic', 'dublin', 'enfield', 'passengers', 'travelling', 'west', 'using', 'train', 'enfield', 'transferring', 'canal', 'town', 'citation', 'needed', 'canal', 'railway', 'stopover', 'points', 'enfield', 'contributed', 'development', 'area', 'line', 'extended', 'hill', 'end', 'mullingar', 'october', 'branch', 'line', 'nesbitt', 'junction', 'west', 'enfield', 'edenderry', 'opened', 'edenderry', 'branch', 'line', 'enfield', 'station', 'closed', 'although', 'regular', 'passenger', 'service', 'edenderry', 'since', 'passenger', 'services', 'enfield', 'resumed', 'enfield', 'located', 'sligo', 'dublin', 'rail', 'line', 'termini', 'sligo', 'mac', 'diarmada', 'dublin', 'connolly', 'operated', 'irish', 'rail', 'december', 'trains', 'dublin', 'city', 'centre', 'westbound', 'trains', 'monday', 'friday', 'trains', 'dublin', 'trains', 'westbound', 'saturdays', 'sundays', 'trains', 'dublin', 'trains', 'westbound', 'enfield', 'served', 'bus', 'ireann', 'route', 'mullingar', 'enfield', 'dublin', 'irish', 'citylink', 'route', 'dublin', 'galway', 'addition', 'less', 'regular', 'routes', 'run', 'kearns', 'mullally', 'amenity', 'park', 'along', 'small', 'harbour', 'slipway', 'royal', 'canal', 'western', 'side', 'town', 'local', 'swimming', 'pool', 'gym', 'johnstown', 'house', 'estate', 'enfield', 'located', 'near', 'rathcore', 'golf', 'country', 'club', 'darren', 'clarke', 'designed', 'champions', 'club', 'moyvalley', 'fianna', 'clg', 'established', 'local', 'gaelic', 'athletic', 'association', 'club', 'town', 'also', 'home', 'enfield', 'celtic', 'football', 'club', 'established']"
Viktor Lowenfeld,"Austrian Viktor Lowenfeld (1903–1960) was an Austrian-born professor of art education at the Hampton Institute and the Pennsylvania State University. His ideas influenced many art educators in the post-World War II United States. In particular, he emphasized ""ways in which children at different stages of artistic development should be stimulated by appropriate media and themes, and ... the curriculum ... guided mainly by developmental considerations.""[1]
 Born in Linz, Austria, in 1903, Viktor Lowenfeld had always been drawn to the arts.  Through his personal narration, Lowenfeld mentioned that he was pulling toward music at an early age – probably four or five.  He started to play violin at the age of nine or ten.  And because he used to play by ear, rather than reading notes, he was often called a “Gypsy.”  That same year Lowenfeld started painting.  This early exposure to the visual and performing arts led him to a career devoted to the practice of educating himself and the public in art.
 Dr. Lowenfeld graduated from the College of Applied Arts in Vienna, as well as the Academy of Fine Arts in the same city.  He later received his doctorate in Education from the University of Vienna, and during this time served as an elementary and secondary school teacher.  While in Vienna, he also served as the director of art in the Blind Institute.  In 1938 Lowenfeld fled to England before arriving in the United States.  He became a citizen in 1946 after serving in the Navy as a wartime visual aids consultant.
 Lowenfeld joined the Hampton Institute in Virginia in 1939 as assistant professor of Industrial Arts, studio art teacher, and later Chairman of the Art Department.  In 1945 he was named curator of the distinguished collection of Black African Art at the Hampton Institute.  Lowenfeld came to The Pennsylvania State University as professor of Art Education in 1946.  Ten years later he became head of the newly founded Department of Art Education.  He stayed in this position until his death in 1960.
Dr. Lowenfeld is well known for his Visual-Haptic theory in Art Education which was assimilated from Viennese sources.  He always regarded good teaching as a dialogue, therefore his motivation and evaluations had a strong Expressionist bias.  His psychological training enabled him to gain a therapeutic position in his early months in America, labeling him a “Viennese Psychologist” in Time.  He was an active leader in the National Art Education Association and The National Committee on Art Education.
 According to Peter Smith, “Lowenfeld is still a name of power in American art education.  Although his own death, and the deaths and retirements of his disciples, have lessened Lowenfeldian political in academia (and therefore in teacher education), his concepts go marching on.”[2]  Lowenfeld’s philosophy reached a large audience through the theories documented in his books:  Genesis of Sculpturing, 1932; Sculptures by the Blind, 1934; The Nature of Creativity, 1938; Creative and Mental Growth, 1947; and Your Child and his Art.  He also published numerous articles on art education aesthetics, art for the handicapped, black art, and testing.  He published more than one hundred articles.
 Among his students was the American muralist John T. Biggers.
 Lowenfeld's 1947 Creative and Mental Growth was published and became the single most influential textbook in art education. Many elementary school teacher preparation programs used this book since it described characteristics of child art. Lowenfeld believed evidence of aesthetic, social, physical, intellectual, and emotional growth is reflected in the art of children.
 He further developed a theory of stages in artistic development. The stages consisted of
 Lowenfeld's ideas of art as a catalyst of creativity have prompted many research dissertations in the field of art education.
 Viktor Lowenfeld left behind an association of friends and followers including Edward L. Mattil who helped establish the Viktor Lowenfeld Memorial Fund.  Dr. Mattil, at the time of Dr. Lowenfeld’s death, was also asked to serve as head of the Department of Art Education.  The Memorial Fund was administered by a local committee composed of Elizabeth Yeager, Yar Chomicky, George Pappas, Walter C. Reid, and George S. Zoretich; and by the National Committee which included Kenneth R. Beittel, Mayo Brice, F. Louis Hoover, Edward L. Mattil, Charles M. Robertson and D. Kenneth Winebrenner.  The national memorial provided moneys for research papers by eminent scholars every second year at the NAEA convention.  About five such papers have been delivered.  The money of the local committee was spent to purchase sculpture, trees, and plaques for a memorial garden area at Penn State College of Education.  During this drive, graduated students contributed paintings, sculptures, and drawings to the Lowenfeld Memorial Collection.
 The contributions are still welcomed today.  The collection which amounts to more than seventy works is located within the Arts Cottage, the Chambers Building, the Cedar Building, and the Rackley Building at the University Park Campus.
","
^ Douglas C. Allen. ""United States of America: Art Education"". Grove Art Online.

^ Lowenfeld in a Viennese Perspective:  Formative Influences for the American Art Educator, Journal of Studies in Art Education

","austrian viktor lowenfeld             was an austrian born professor of art education at the hampton institute and the pennsylvania state university  his ideas influenced many art educators in the post world war ii united states  in particular  he emphasized  ways in which children at different stages of artistic development should be stimulated by appropriate media and themes  and     the curriculum     guided mainly by developmental considerations   
 born in linz  austria  in       viktor lowenfeld had always been drawn to the arts   through his personal narration  lowenfeld mentioned that he was pulling toward music at an early age   probably four or five   he started to play violin at the age of nine or ten   and because he used to play by ear  rather than reading notes  he was often called a  gypsy    that same year lowenfeld started painting   this early exposure to the visual and performing arts led him to a career devoted to the practice of educating himself and the public in art 
 dr  lowenfeld graduated from the college of applied arts in vienna  as well as the academy of fine arts in the same city   he later received his doctorate in education from the university of vienna  and during this time served as an elementary and secondary school teacher   while in vienna  he also served as the director of art in the blind institute   in      lowenfeld fled to england before arriving in the united states   he became a citizen in      after serving in the navy as a wartime visual aids consultant 
 lowenfeld joined the hampton institute in virginia in      as assistant professor of industrial arts  studio art teacher  and later chairman of the art department   in      he was named curator of the distinguished collection of black african art at the hampton institute   lowenfeld came to the pennsylvania state university as professor of art education in        ten years later he became head of the newly founded department of art education   he stayed in this position until his death in      
dr  lowenfeld is well known for his visual haptic theory in art education which was assimilated from viennese sources   he always regarded good teaching as a dialogue  therefore his motivation and evaluations had a strong expressionist bias   his psychological training enabled him to gain a therapeutic position in his early months in america  labeling him a  viennese psychologist  in time   he was an active leader in the national art education association and the national committee on art education 
 according to peter smith   lowenfeld is still a name of power in american art education   although his own death  and the deaths and retirements of his disciples  have lessened lowenfeldian political in academia  and therefore in teacher education   his concepts go marching on     lowenfeld s philosophy reached a large audience through the theories documented in his books   genesis of sculpturing        sculptures by the blind        the nature of creativity        creative and mental growth        and your child and his art   he also published numerous articles on art education aesthetics  art for the handicapped  black art  and testing   he published more than one hundred articles 
 among his students was the american muralist john t  biggers 
 lowenfeld s      creative and mental growth was published and became the single most influential textbook in art education  many elementary school teacher preparation programs used this book since it described characteristics of child art  lowenfeld believed evidence of aesthetic  social  physical  intellectual  and emotional growth is reflected in the art of children 
 he further developed a theory of stages in artistic development  the stages consisted of
 lowenfeld s ideas of art as a catalyst of creativity have prompted many research dissertations in the field of art education 
 viktor lowenfeld left behind an association of friends and followers including edward l  mattil who helped establish the viktor lowenfeld memorial fund   dr  mattil  at the time of dr  lowenfeld s death  was also asked to serve as head of the department of art education   the memorial fund was administered by a local committee composed of elizabeth yeager  yar chomicky  george pappas  walter c  reid  and george s  zoretich  and by the national committee which included kenneth r  beittel  mayo brice  f  louis hoover  edward l  mattil  charles m  robertson and d  kenneth winebrenner   the national memorial provided moneys for research papers by eminent scholars every second year at the naea convention   about five such papers have been delivered   the money of the local committee was spent to purchase sculpture  trees  and plaques for a memorial garden area at penn state college of education   during this drive  graduated students contributed paintings  sculptures  and drawings to the lowenfeld memorial collection 
 the contributions are still welcomed today   the collection which amounts to more than seventy works is located within the arts cottage  the chambers building  the cedar building  and the rackley building at the university park campus 
","['austrian', 'viktor', 'lowenfeld', 'austrian', 'born', 'professor', 'art', 'education', 'hampton', 'institute', 'pennsylvania', 'state', 'university', 'ideas', 'influenced', 'many', 'art', 'educators', 'post', 'world', 'war', 'united', 'states', 'particular', 'emphasized', 'ways', 'children', 'different', 'stages', 'artistic', 'development', 'stimulated', 'appropriate', 'media', 'themes', 'curriculum', 'guided', 'mainly', 'developmental', 'considerations', 'born', 'linz', 'austria', 'viktor', 'lowenfeld', 'always', 'drawn', 'arts', 'personal', 'narration', 'lowenfeld', 'mentioned', 'pulling', 'toward', 'music', 'early', 'age', 'probably', 'four', 'five', 'started', 'play', 'violin', 'age', 'nine', 'ten', 'used', 'play', 'ear', 'rather', 'reading', 'notes', 'often', 'called', 'gypsy', 'year', 'lowenfeld', 'started', 'painting', 'early', 'exposure', 'visual', 'performing', 'arts', 'led', 'career', 'devoted', 'practice', 'educating', 'public', 'art', 'lowenfeld', 'graduated', 'college', 'applied', 'arts', 'vienna', 'well', 'academy', 'fine', 'arts', 'city', 'later', 'received', 'doctorate', 'education', 'university', 'vienna', 'time', 'served', 'elementary', 'secondary', 'school', 'teacher', 'vienna', 'also', 'served', 'director', 'art', 'blind', 'institute', 'lowenfeld', 'fled', 'england', 'arriving', 'united', 'states', 'became', 'citizen', 'serving', 'navy', 'wartime', 'visual', 'aids', 'consultant', 'lowenfeld', 'joined', 'hampton', 'institute', 'virginia', 'assistant', 'professor', 'industrial', 'arts', 'studio', 'art', 'teacher', 'later', 'chairman', 'art', 'department', 'named', 'curator', 'distinguished', 'collection', 'black', 'african', 'art', 'hampton', 'institute', 'lowenfeld', 'came', 'pennsylvania', 'state', 'university', 'professor', 'art', 'education', 'ten', 'years', 'later', 'became', 'head', 'newly', 'founded', 'department', 'art', 'education', 'stayed', 'position', 'death', 'lowenfeld', 'well', 'known', 'visual', 'haptic', 'theory', 'art', 'education', 'assimilated', 'viennese', 'sources', 'always', 'regarded', 'good', 'teaching', 'dialogue', 'therefore', 'motivation', 'evaluations', 'strong', 'expressionist', 'bias', 'psychological', 'training', 'enabled', 'gain', 'therapeutic', 'position', 'early', 'months', 'america', 'labeling', 'viennese', 'psychologist', 'time', 'active', 'leader', 'national', 'art', 'education', 'association', 'national', 'committee', 'art', 'education', 'according', 'peter', 'smith', 'lowenfeld', 'still', 'name', 'power', 'american', 'art', 'education', 'although', 'death', 'deaths', 'retirements', 'disciples', 'lessened', 'lowenfeldian', 'political', 'academia', 'therefore', 'teacher', 'education', 'concepts', 'marching', 'lowenfeld', 'philosophy', 'reached', 'large', 'audience', 'theories', 'documented', 'books', 'genesis', 'sculpturing', 'sculptures', 'blind', 'nature', 'creativity', 'creative', 'mental', 'growth', 'child', 'art', 'also', 'published', 'numerous', 'articles', 'art', 'education', 'aesthetics', 'art', 'handicapped', 'black', 'art', 'testing', 'published', 'one', 'hundred', 'articles', 'among', 'students', 'american', 'muralist', 'john', 'biggers', 'lowenfeld', 'creative', 'mental', 'growth', 'published', 'became', 'single', 'influential', 'textbook', 'art', 'education', 'many', 'elementary', 'school', 'teacher', 'preparation', 'programs', 'used', 'book', 'since', 'described', 'characteristics', 'child', 'art', 'lowenfeld', 'believed', 'evidence', 'aesthetic', 'social', 'physical', 'intellectual', 'emotional', 'growth', 'reflected', 'art', 'children', 'developed', 'theory', 'stages', 'artistic', 'development', 'stages', 'consisted', 'lowenfeld', 'ideas', 'art', 'catalyst', 'creativity', 'prompted', 'many', 'research', 'dissertations', 'field', 'art', 'education', 'viktor', 'lowenfeld', 'left', 'behind', 'association', 'friends', 'followers', 'including', 'edward', 'mattil', 'helped', 'establish', 'viktor', 'lowenfeld', 'memorial', 'fund', 'mattil', 'time', 'lowenfeld', 'death', 'also', 'asked', 'serve', 'head', 'department', 'art', 'education', 'memorial', 'fund', 'administered', 'local', 'committee', 'composed', 'elizabeth', 'yeager', 'yar', 'chomicky', 'george', 'pappas', 'walter', 'reid', 'george', 'zoretich', 'national', 'committee', 'included', 'kenneth', 'beittel', 'mayo', 'brice', 'louis', 'hoover', 'edward', 'mattil', 'charles', 'robertson', 'kenneth', 'winebrenner', 'national', 'memorial', 'provided', 'moneys', 'research', 'papers', 'eminent', 'scholars', 'every', 'second', 'year', 'naea', 'convention', 'five', 'papers', 'delivered', 'money', 'local', 'committee', 'spent', 'purchase', 'sculpture', 'trees', 'plaques', 'memorial', 'garden', 'area', 'penn', 'state', 'college', 'education', 'drive', 'graduated', 'students', 'contributed', 'paintings', 'sculptures', 'drawings', 'lowenfeld', 'memorial', 'collection', 'contributions', 'still', 'welcomed', 'today', 'collection', 'amounts', 'seventy', 'works', 'located', 'within', 'arts', 'cottage', 'chambers', 'building', 'cedar', 'building', 'rackley', 'building', 'university', 'park', 'campus']"
Yugoslav Olympic Committee,"The Yugoslav Olympic Committee (Croatian: Jugoslavenski olimpijski komitet; Serbian: Југословенски олимпијски комитет / Jugoslovenski olimpijski komitet; Slovene: Jugoslovanski оlimpijski кomite; Macedonian: Југословенски олимписки комитет, romanized: Jugoslovenski olimpiski komitet; also known by the acronym JOK) was the non-profit organization representing Yugoslav athletes in the International Olympic Committee. 
 Throughout its existence JOK was the country's authority in charge of organizing the sending of Yugoslavia's teams to the Summer and Winter Olympic Games, as well as organizing the hosting of large international sporting events in the country.
 The Yugoslav Olympic Committee (country code YUG) was the governing body responsible for organizing delegations to Olympic Games during three distinct periods in the history of the country, from the 1920s until the 2000s:
 The organization was originally established in Zagreb in December 1919 as Jugoslavenski olimpijski odbor (JOO), intended to represent athletes from the newly established Kingdom of Yugoslavia (officially styled as ""Kingdom of Serbs, Croats and Slovenes"" from 1918 to 1929). 
 In 1920 it was recognized by the IOC as a successor to the pre-war Olympic Committee of Serbia (Olimpijski komitet Serbije, OKS) which had been accepted by the IOC in June 1912 as representative of the Kingdom of Serbia, and which had previously competed in the Olympics once, at the 1912 Summer Olympics in Stockholm. (Before World War I Slavic athletes from areas in modern-day Slovenia, Croatia, Bosnia and Herzegovina and Vojvodina, which had all been part of Austria-Hungary at the time, competed as part of Austrian or Hungarian teams in the Olympics held between 1896 and 1912.)
 In 1927 the organization was briefly moved to capital Belgrade, when it changed its name to Jugoslovenski olimpijski komitet (JOK), only to relocate back to Zagreb in 1931. 
 During this period Yugoslav athletes competed in five Summer Olympics (1920, 1924, 1928, 1932, 1936) and three Winter Olympics (1924, 1928, 1936), missing only the 1932 Winter Olympics at Lake Placid. Following the May 1938 cancellation of the planned 1940 Games in Japan and the outbreak of World War II in Europe in 1939 JOK's activities were put on hiatus. In April 1941 Yugoslavia was invaded, and soon after that the newly installed authorities of the Nazi-allied NDH regime in Zagreb officially dissolved and banned the organization.
 In its first appearance in 1920 Yugoslavia sent only the men's football team, who suffered a humiliating 0–7 defeat to Czechoslovakia in their only match of the tournament. Yugoslavia's first medalist was the gymnast Leon Štukelj four years later in Paris, who won two golds, in men's all-round competition and in horizontal bars events. Štukelj also competed in the 1928 edition in Amsterdam and the 1936 Olympics in Berlin, winning one more gold, two bronzes, and one silver. 
 His silver in Berlin, in the rings event, was the last medal won by any athlete for the Kingdom of Yugoslavia—and with a career total of six medals, including three golds, he remains the most decorated Yugoslav Olympian of all times.
 Between 1920 and 1936 Yugoslav athletes won a total of eight Olympic medals, including three golds. The country's last flagbearer in this period was hammer thrower Milan Stepišnik, at the 1936 Summer Olympics opening ceremony in Berlin. He led Yugoslavia's largest team to date, which included 93 athletes in 13 sports.
 After World War II, the new communist authorities of SFR Yugoslavia re-established the organization as JOK in August 1947, this time permanently headquartered in capital Belgrade, in order to send athletes to the first post-war Games, the January–February 1948 Winter Olympics in St. Moritz and the July–August 1948 Summer Olympics in London.
 The first post-war Olympians from Yugoslavia were therefore a delegation of 17 athletes at the St. Moritz Olympics (all of them Slovene), and a 90-strong team (79 men and 11 women) who competed in London in eight sports. Yugoslavia won two silver medals, in the men's football tournament, and men's hammer throw. 
 Athletes representing SFR Yugoslavia went on to compete in 11 Summer Olympics between 1948 and 1988, and 11 Winter Olympics between 1948 and 1992. Yugoslavia also hosted the 1984 Winter Olympics in Sarajevo, with alpine skier Jure Franko becoming the only Yugoslav athlete in history to win a medal on home soil, a silver in the men's giant slalom race held at Bjelašnica.
 The first post-war flag bearer was water polo player Božo Grkinić, and the first gold medalists of this era were men's rowers in the coxless four event at the 1952 Olympics in Helsinki, all members of VK Gusar from Split. The first gold in any team sports was won by the men's national football team at the 1960 Olympics in Rome, and the first Yugoslav woman to win an Olympic gold was the swimmer Đurđica Bjedov at the 1968 Olympics in Mexico City, who later became the only Yugoslav inducted into the International Swimming Hall of Fame. 
 Slovenia's Mateja Svet was the last ever Winter Olympic medalist for SFR Yugoslavia, winning silver in women's slalom on 26 February 1988 in Nakiska, a resort west of Calgary, behind Switzerland's Vreni Schneider. The country's last Summer Olympics medalists were the men's national water polo team who won gold on 1 October 1988 in Seoul, beating the United States 9–7 in the final of the tournament. 
 In the era between 1948 and 1988 Yugoslav Olympians won a total of 75 medals, including 23 golds. Their best result was at the 1984 Summer Olympics in Los Angeles, which was boycotted by the Warsaw Pact countries in retaliation for the West's boycott of the 1980 Summer Olympics in Moscow. As a staunchly non-aligned country Yugoslavia competed in both editions, and in Los Angeles the team won 18 medals, including seven golds, ending up 9th in the medal table, the only time the nation was ranked among the top 10 Olympic performers.
 The largest team Yugoslavia ever sent was for the 1980 Moscow Olympics, which had 164 competitors (135 men and 28 women). Other notable achievements of Yugoslav Olympians in this era were in wrestling (16 medals, including four golds) and boxing (11 medals, including three golds). In team sports, between 1968 and 1988 men's and women's national basketball teams won seven medals, and in the same period Yugoslavia's Olympic water polo team also won seven, including four golds.
 The very last flagbearer for Yugoslavia before the country began falling apart was the celebrated canoeist Matija Ljubek, at the 1988 opening ceremony in Seoul.
 In 1991 the violent dissolution of Yugoslavia began, and by late 1991 SR Slovenia and SR Croatia had declared independence from Yugoslavia, forming their own National Olympic Committees. Slovenia's NOC was officially recognized by the IOC in January 1992, and Croatia's was provisionally accepted in January 1992, with full membership granted in September 1993. They both sent teams to the 1992 Winter Olympics in Albertville and the subsequent 1992 Summer Olympics in Barcelona.
 Meanwhile, the Yugoslav Olympic Committee, now representing the ""rump"" of SFR Yugoslavia, also sent a team to the 1992 Winter Olympics. This proved to be the last appearance for the team under that name and flag. By that time SR Macedonia had also declared independence from Yugoslavia (but was not yet recognized by the IOC) and in March 1992 SR Bosnia and Herzegovina followed, leaving only SR Serbia and SR Montenegro carrying the Yugoslav name.
 In April 1992, two months after the Albertville Olympics, Serbia and Montenegro reformed into the new Federal Republic of Yugoslavia, with its Olympic Committee in Belgrade claiming legacy and historical records of previous Yugoslav teams. In May 1992 the country was also hit by UN sanctions which banned it from taking part in international sporting events, so its athletes slated to compete in the upcoming 1992 Summer Olympics in July were billed as part of the Independent Olympic Participants team (IOC), rather than representatives of Yugoslavia (along with athletes from Macedonia, whose NOC was recognized only after the Games, in 1993). The ban lasted until 1995, meaning that FR Yugoslavia was also banned from competing at the 1994 Winter Olympics in Lillehammer.
 FR Yugoslavia and its Yugoslav Olympic Committee returned for the 1996 Summer Olympics in Atlanta. Under that name, they competed in two Summer Olympics and two Winter Olympics, with their last appearance at the 2002 Winter Olympics in Salt Lake City.
 Between 1996 and 2002 athletes competing for FR Yugoslavia won seven Olympic medals, including two golds. The last medalists in this era were the men's volleyball team who won gold at the 2000 Olympics, beating Russia in the final, and the last flagbearer was volleyball player Vladimir Grbić, at the opening ceremony of the same Games held in Sydney. 
 In early 2003 FR Yugoslavia was officially renamed Serbia and Montenegro, and, conversely, on 3 April 2003 the Belgrade-based Yugoslav Olympic Committee was renamed Olympic Committee of Serbia and Montenegro (OKSCG), marking a historic end to the name under which athletes had been competing for more than 80 years.[1]
 As ""Serbia and Montenegro"" (designated new team code SCG) the team competed in the 2004 Summer Olympics in Athens, and the 2006 Winter Olympics in Turin. Although the Belgrade-based NOC's claim of continuity was eventually recognized by the IOC, in some sources the entire period from 1996 to 2006 is retroactively attributed to Serbia and Montenegro, while others conflate the entire 1920–2002 period under ""Yugoslavia"".
 In June 2006 Montenegro declared independence, peacefully broke away and formed its own NOC in Podgorica. Serbia once again became an independent country at the Olympics (country code SRB) and renamed its national committee in Belgrade Olympic Committee of Serbia (OKS), the same name it had before 1919. The modern-day OKS claims unbroken lineage from 1912 to the present day.
 Serbia and Montenegro competed as separate nations for the first time in the 2008 Summer Olympics in Beijing.
 Meanwhile, the 1998–99 Kosovo War later led to Kosovo's declaration of independence in February 2008. Although recognized by many countries, the declaration is disputed by Serbia which regards Kosovo as its southern province. Nevertheless, in December 2014 the IOC recognized the Olympic Committee of Kosovo (KOK), with the first Kosovar team appearing at the 2016 Olympics in Rio de Janeiro.
 The JOK was also tasked with organizing Yugoslavia's bidding for hosting of major multi-sport events in Yugoslavia, and was involved with planning and rating large sports development projects and infrastructure needed for them. These included the following:
 
 1: National Olympic Committee is suspended by the International Olympic Committee
","
^ ""JOK postao Olimpijski komitet Srbije i Crne Gore"". B92.net (in Serbian). Beta. 3 April 2003. Retrieved 30 November 2024.

^ a b c ""Past Olympic host city election results"". GamesBids. Archived from the original on 24 January 2011. Retrieved 30 November 2024.

","the yugoslav olympic committee  croatian  jugoslavenski olimpijski komitet  serbian                                     jugoslovenski olimpijski komitet  slovene  jugoslovanski  limpijski  omite  macedonian                                   romanized  jugoslovenski olimpiski komitet  also known by the acronym jok  was the non profit organization representing yugoslav athletes in the international olympic committee  
 throughout its existence jok was the country s authority in charge of organizing the sending of yugoslavia s teams to the summer and winter olympic games  as well as organizing the hosting of large international sporting events in the country 
 the yugoslav olympic committee  country code yug  was the governing body responsible for organizing delegations to olympic games during three distinct periods in the history of the country  from the     s until the     s 
 the organization was originally established in zagreb in december      as jugoslavenski olimpijski odbor  joo   intended to represent athletes from the newly established kingdom of yugoslavia  officially styled as  kingdom of serbs  croats and slovenes  from      to        
 in      it was recognized by the ioc as a successor to the pre war olympic committee of serbia  olimpijski komitet serbije  oks  which had been accepted by the ioc in june      as representative of the kingdom of serbia  and which had previously competed in the olympics once  at the      summer olympics in stockholm   before world war i slavic athletes from areas in modern day slovenia  croatia  bosnia and herzegovina and vojvodina  which had all been part of austria hungary at the time  competed as part of austrian or hungarian teams in the olympics held between      and       
 in      the organization was briefly moved to capital belgrade  when it changed its name to jugoslovenski olimpijski komitet  jok   only to relocate back to zagreb in       
 during this period yugoslav athletes competed in five summer olympics                                and three winter olympics                     missing only the      winter olympics at lake placid  following the may      cancellation of the planned      games in japan and the outbreak of world war ii in europe in      jok s activities were put on hiatus  in april      yugoslavia was invaded  and soon after that the newly installed authorities of the nazi allied ndh regime in zagreb officially dissolved and banned the organization 
 in its first appearance in      yugoslavia sent only the men s football team  who suffered a humiliating     defeat to czechoslovakia in their only match of the tournament  yugoslavia s first medalist was the gymnast leon  tukelj four years later in paris  who won two golds  in men s all round competition and in horizontal bars events   tukelj also competed in the      edition in amsterdam and the      olympics in berlin  winning one more gold  two bronzes  and one silver  
 his silver in berlin  in the rings event  was the last medal won by any athlete for the kingdom of yugoslavia and with a career total of six medals  including three golds  he remains the most decorated yugoslav olympian of all times 
 between      and      yugoslav athletes won a total of eight olympic medals  including three golds  the country s last flagbearer in this period was hammer thrower milan stepi nik  at the      summer olympics opening ceremony in berlin  he led yugoslavia s largest team to date  which included    athletes in    sports 
 after world war ii  the new communist authorities of sfr yugoslavia re established the organization as jok in august       this time permanently headquartered in capital belgrade  in order to send athletes to the first post war games  the january february      winter olympics in st  moritz and the july august      summer olympics in london 
 the first post war olympians from yugoslavia were therefore a delegation of    athletes at the st  moritz olympics  all of them slovene   and a    strong team     men and    women  who competed in london in eight sports  yugoslavia won two silver medals  in the men s football tournament  and men s hammer throw  
 athletes representing sfr yugoslavia went on to compete in    summer olympics between      and       and    winter olympics between      and       yugoslavia also hosted the      winter olympics in sarajevo  with alpine skier jure franko becoming the only yugoslav athlete in history to win a medal on home soil  a silver in the men s giant slalom race held at bjela nica 
 the first post war flag bearer was water polo player bo o grkini   and the first gold medalists of this era were men s rowers in the coxless four event at the      olympics in helsinki  all members of vk gusar from split  the first gold in any team sports was won by the men s national football team at the      olympics in rome  and the first yugoslav woman to win an olympic gold was the swimmer  ur ica bjedov at the      olympics in mexico city  who later became the only yugoslav inducted into the international swimming hall of fame  
 slovenia s mateja svet was the last ever winter olympic medalist for sfr yugoslavia  winning silver in women s slalom on    february      in nakiska  a resort west of calgary  behind switzerland s vreni schneider  the country s last summer olympics medalists were the men s national water polo team who won gold on   october      in seoul  beating the united states     in the final of the tournament  
 in the era between      and      yugoslav olympians won a total of    medals  including    golds  their best result was at the      summer olympics in los angeles  which was boycotted by the warsaw pact countries in retaliation for the west s boycott of the      summer olympics in moscow  as a staunchly non aligned country yugoslavia competed in both editions  and in los angeles the team won    medals  including seven golds  ending up  th in the medal table  the only time the nation was ranked among the top    olympic performers 
 the largest team yugoslavia ever sent was for the      moscow olympics  which had     competitors      men and    women   other notable achievements of yugoslav olympians in this era were in wrestling     medals  including four golds  and boxing     medals  including three golds   in team sports  between      and      men s and women s national basketball teams won seven medals  and in the same period yugoslavia s olympic water polo team also won seven  including four golds 
 the very last flagbearer for yugoslavia before the country began falling apart was the celebrated canoeist matija ljubek  at the      opening ceremony in seoul 
 in      the violent dissolution of yugoslavia began  and by late      sr slovenia and sr croatia had declared independence from yugoslavia  forming their own national olympic committees  slovenia s noc was officially recognized by the ioc in january       and croatia s was provisionally accepted in january       with full membership granted in september       they both sent teams to the      winter olympics in albertville and the subsequent      summer olympics in barcelona 
 meanwhile  the yugoslav olympic committee  now representing the  rump  of sfr yugoslavia  also sent a team to the      winter olympics  this proved to be the last appearance for the team under that name and flag  by that time sr macedonia had also declared independence from yugoslavia  but was not yet recognized by the ioc  and in march      sr bosnia and herzegovina followed  leaving only sr serbia and sr montenegro carrying the yugoslav name 
 in april       two months after the albertville olympics  serbia and montenegro reformed into the new federal republic of yugoslavia  with its olympic committee in belgrade claiming legacy and historical records of previous yugoslav teams  in may      the country was also hit by un sanctions which banned it from taking part in international sporting events  so its athletes slated to compete in the upcoming      summer olympics in july were billed as part of the independent olympic participants team  ioc   rather than representatives of yugoslavia  along with athletes from macedonia  whose noc was recognized only after the games  in        the ban lasted until       meaning that fr yugoslavia was also banned from competing at the      winter olympics in lillehammer 
 fr yugoslavia and its yugoslav olympic committee returned for the      summer olympics in atlanta  under that name  they competed in two summer olympics and two winter olympics  with their last appearance at the      winter olympics in salt lake city 
 between      and      athletes competing for fr yugoslavia won seven olympic medals  including two golds  the last medalists in this era were the men s volleyball team who won gold at the      olympics  beating russia in the final  and the last flagbearer was volleyball player vladimir grbi   at the opening ceremony of the same games held in sydney  
 in early      fr yugoslavia was officially renamed serbia and montenegro  and  conversely  on   april      the belgrade based yugoslav olympic committee was renamed olympic committee of serbia and montenegro  okscg   marking a historic end to the name under which athletes had been competing for more than    years  
 as  serbia and montenegro   designated new team code scg  the team competed in the      summer olympics in athens  and the      winter olympics in turin  although the belgrade based noc s claim of continuity was eventually recognized by the ioc  in some sources the entire period from      to      is retroactively attributed to serbia and montenegro  while others conflate the entire           period under  yugoslavia  
 in june      montenegro declared independence  peacefully broke away and formed its own noc in podgorica  serbia once again became an independent country at the olympics  country code srb  and renamed its national committee in belgrade olympic committee of serbia  oks   the same name it had before       the modern day oks claims unbroken lineage from      to the present day 
 serbia and montenegro competed as separate nations for the first time in the      summer olympics in beijing 
 meanwhile  the         kosovo war later led to kosovo s declaration of independence in february       although recognized by many countries  the declaration is disputed by serbia which regards kosovo as its southern province  nevertheless  in december      the ioc recognized the olympic committee of kosovo  kok   with the first kosovar team appearing at the      olympics in rio de janeiro 
 the jok was also tasked with organizing yugoslavia s bidding for hosting of major multi sport events in yugoslavia  and was involved with planning and rating large sports development projects and infrastructure needed for them  these included the following 
 
    national olympic committee is suspended by the international olympic committee
","['yugoslav', 'olympic', 'committee', 'croatian', 'jugoslavenski', 'olimpijski', 'komitet', 'serbian', 'jugoslovenski', 'olimpijski', 'komitet', 'slovene', 'jugoslovanski', 'limpijski', 'omite', 'macedonian', 'romanized', 'jugoslovenski', 'olimpiski', 'komitet', 'also', 'known', 'acronym', 'jok', 'non', 'profit', 'organization', 'representing', 'yugoslav', 'athletes', 'international', 'olympic', 'committee', 'throughout', 'existence', 'jok', 'country', 'authority', 'charge', 'organizing', 'sending', 'yugoslavia', 'teams', 'summer', 'winter', 'olympic', 'games', 'well', 'organizing', 'hosting', 'large', 'international', 'sporting', 'events', 'country', 'yugoslav', 'olympic', 'committee', 'country', 'code', 'yug', 'governing', 'body', 'responsible', 'organizing', 'delegations', 'olympic', 'games', 'three', 'distinct', 'periods', 'history', 'country', 'organization', 'originally', 'established', 'zagreb', 'december', 'jugoslavenski', 'olimpijski', 'odbor', 'joo', 'intended', 'represent', 'athletes', 'newly', 'established', 'kingdom', 'yugoslavia', 'officially', 'styled', 'kingdom', 'serbs', 'croats', 'slovenes', 'recognized', 'ioc', 'successor', 'pre', 'war', 'olympic', 'committee', 'serbia', 'olimpijski', 'komitet', 'serbije', 'oks', 'accepted', 'ioc', 'june', 'representative', 'kingdom', 'serbia', 'previously', 'competed', 'olympics', 'summer', 'olympics', 'stockholm', 'world', 'war', 'slavic', 'athletes', 'areas', 'modern', 'day', 'slovenia', 'croatia', 'bosnia', 'herzegovina', 'vojvodina', 'part', 'austria', 'hungary', 'time', 'competed', 'part', 'austrian', 'hungarian', 'teams', 'olympics', 'held', 'organization', 'briefly', 'moved', 'capital', 'belgrade', 'changed', 'name', 'jugoslovenski', 'olimpijski', 'komitet', 'jok', 'relocate', 'back', 'zagreb', 'period', 'yugoslav', 'athletes', 'competed', 'five', 'summer', 'olympics', 'three', 'winter', 'olympics', 'missing', 'winter', 'olympics', 'lake', 'placid', 'following', 'may', 'cancellation', 'planned', 'games', 'japan', 'outbreak', 'world', 'war', 'europe', 'jok', 'activities', 'put', 'hiatus', 'april', 'yugoslavia', 'invaded', 'soon', 'newly', 'installed', 'authorities', 'nazi', 'allied', 'ndh', 'regime', 'zagreb', 'officially', 'dissolved', 'banned', 'organization', 'first', 'appearance', 'yugoslavia', 'sent', 'men', 'football', 'team', 'suffered', 'humiliating', 'defeat', 'czechoslovakia', 'match', 'tournament', 'yugoslavia', 'first', 'medalist', 'gymnast', 'leon', 'tukelj', 'four', 'years', 'later', 'paris', 'two', 'golds', 'men', 'round', 'competition', 'horizontal', 'bars', 'events', 'tukelj', 'also', 'competed', 'edition', 'amsterdam', 'olympics', 'berlin', 'winning', 'one', 'gold', 'two', 'bronzes', 'one', 'silver', 'silver', 'berlin', 'rings', 'event', 'last', 'medal', 'athlete', 'kingdom', 'yugoslavia', 'career', 'total', 'six', 'medals', 'including', 'three', 'golds', 'remains', 'decorated', 'yugoslav', 'olympian', 'times', 'yugoslav', 'athletes', 'total', 'eight', 'olympic', 'medals', 'including', 'three', 'golds', 'country', 'last', 'flagbearer', 'period', 'hammer', 'thrower', 'milan', 'stepi', 'nik', 'summer', 'olympics', 'opening', 'ceremony', 'berlin', 'led', 'yugoslavia', 'largest', 'team', 'date', 'included', 'athletes', 'sports', 'world', 'war', 'new', 'communist', 'authorities', 'sfr', 'yugoslavia', 'established', 'organization', 'jok', 'august', 'time', 'permanently', 'headquartered', 'capital', 'belgrade', 'order', 'send', 'athletes', 'first', 'post', 'war', 'games', 'january', 'february', 'winter', 'olympics', 'moritz', 'july', 'august', 'summer', 'olympics', 'london', 'first', 'post', 'war', 'olympians', 'yugoslavia', 'therefore', 'delegation', 'athletes', 'moritz', 'olympics', 'slovene', 'strong', 'team', 'men', 'women', 'competed', 'london', 'eight', 'sports', 'yugoslavia', 'two', 'silver', 'medals', 'men', 'football', 'tournament', 'men', 'hammer', 'throw', 'athletes', 'representing', 'sfr', 'yugoslavia', 'went', 'compete', 'summer', 'olympics', 'winter', 'olympics', 'yugoslavia', 'also', 'hosted', 'winter', 'olympics', 'sarajevo', 'alpine', 'skier', 'jure', 'franko', 'becoming', 'yugoslav', 'athlete', 'history', 'win', 'medal', 'home', 'soil', 'silver', 'men', 'giant', 'slalom', 'race', 'held', 'bjela', 'nica', 'first', 'post', 'war', 'flag', 'bearer', 'water', 'polo', 'player', 'grkini', 'first', 'gold', 'medalists', 'era', 'men', 'rowers', 'coxless', 'four', 'event', 'olympics', 'helsinki', 'members', 'gusar', 'split', 'first', 'gold', 'team', 'sports', 'men', 'national', 'football', 'team', 'olympics', 'rome', 'first', 'yugoslav', 'woman', 'win', 'olympic', 'gold', 'swimmer', 'ica', 'bjedov', 'olympics', 'mexico', 'city', 'later', 'became', 'yugoslav', 'inducted', 'international', 'swimming', 'hall', 'fame', 'slovenia', 'mateja', 'svet', 'last', 'ever', 'winter', 'olympic', 'medalist', 'sfr', 'yugoslavia', 'winning', 'silver', 'women', 'slalom', 'february', 'nakiska', 'resort', 'west', 'calgary', 'behind', 'switzerland', 'vreni', 'schneider', 'country', 'last', 'summer', 'olympics', 'medalists', 'men', 'national', 'water', 'polo', 'team', 'gold', 'october', 'seoul', 'beating', 'united', 'states', 'final', 'tournament', 'era', 'yugoslav', 'olympians', 'total', 'medals', 'including', 'golds', 'best', 'result', 'summer', 'olympics', 'los', 'angeles', 'boycotted', 'warsaw', 'pact', 'countries', 'retaliation', 'west', 'boycott', 'summer', 'olympics', 'moscow', 'staunchly', 'non', 'aligned', 'country', 'yugoslavia', 'competed', 'editions', 'los', 'angeles', 'team', 'medals', 'including', 'seven', 'golds', 'ending', 'medal', 'table', 'time', 'nation', 'ranked', 'among', 'top', 'olympic', 'performers', 'largest', 'team', 'yugoslavia', 'ever', 'sent', 'moscow', 'olympics', 'competitors', 'men', 'women', 'notable', 'achievements', 'yugoslav', 'olympians', 'era', 'wrestling', 'medals', 'including', 'four', 'golds', 'boxing', 'medals', 'including', 'three', 'golds', 'team', 'sports', 'men', 'women', 'national', 'basketball', 'teams', 'seven', 'medals', 'period', 'yugoslavia', 'olympic', 'water', 'polo', 'team', 'also', 'seven', 'including', 'four', 'golds', 'last', 'flagbearer', 'yugoslavia', 'country', 'began', 'falling', 'apart', 'celebrated', 'canoeist', 'matija', 'ljubek', 'opening', 'ceremony', 'seoul', 'violent', 'dissolution', 'yugoslavia', 'began', 'late', 'slovenia', 'croatia', 'declared', 'independence', 'yugoslavia', 'forming', 'national', 'olympic', 'committees', 'slovenia', 'noc', 'officially', 'recognized', 'ioc', 'january', 'croatia', 'provisionally', 'accepted', 'january', 'full', 'membership', 'granted', 'september', 'sent', 'teams', 'winter', 'olympics', 'albertville', 'subsequent', 'summer', 'olympics', 'barcelona', 'meanwhile', 'yugoslav', 'olympic', 'committee', 'representing', 'rump', 'sfr', 'yugoslavia', 'also', 'sent', 'team', 'winter', 'olympics', 'proved', 'last', 'appearance', 'team', 'name', 'flag', 'time', 'macedonia', 'also', 'declared', 'independence', 'yugoslavia', 'yet', 'recognized', 'ioc', 'march', 'bosnia', 'herzegovina', 'followed', 'leaving', 'serbia', 'montenegro', 'carrying', 'yugoslav', 'name', 'april', 'two', 'months', 'albertville', 'olympics', 'serbia', 'montenegro', 'reformed', 'new', 'federal', 'republic', 'yugoslavia', 'olympic', 'committee', 'belgrade', 'claiming', 'legacy', 'historical', 'records', 'previous', 'yugoslav', 'teams', 'may', 'country', 'also', 'hit', 'sanctions', 'banned', 'taking', 'part', 'international', 'sporting', 'events', 'athletes', 'slated', 'compete', 'upcoming', 'summer', 'olympics', 'july', 'billed', 'part', 'independent', 'olympic', 'participants', 'team', 'ioc', 'rather', 'representatives', 'yugoslavia', 'along', 'athletes', 'macedonia', 'whose', 'noc', 'recognized', 'games', 'ban', 'lasted', 'meaning', 'yugoslavia', 'also', 'banned', 'competing', 'winter', 'olympics', 'lillehammer', 'yugoslavia', 'yugoslav', 'olympic', 'committee', 'returned', 'summer', 'olympics', 'atlanta', 'name', 'competed', 'two', 'summer', 'olympics', 'two', 'winter', 'olympics', 'last', 'appearance', 'winter', 'olympics', 'salt', 'lake', 'city', 'athletes', 'competing', 'yugoslavia', 'seven', 'olympic', 'medals', 'including', 'two', 'golds', 'last', 'medalists', 'era', 'men', 'volleyball', 'team', 'gold', 'olympics', 'beating', 'russia', 'final', 'last', 'flagbearer', 'volleyball', 'player', 'vladimir', 'grbi', 'opening', 'ceremony', 'games', 'held', 'sydney', 'early', 'yugoslavia', 'officially', 'renamed', 'serbia', 'montenegro', 'conversely', 'april', 'belgrade', 'based', 'yugoslav', 'olympic', 'committee', 'renamed', 'olympic', 'committee', 'serbia', 'montenegro', 'okscg', 'marking', 'historic', 'end', 'name', 'athletes', 'competing', 'years', 'serbia', 'montenegro', 'designated', 'new', 'team', 'code', 'scg', 'team', 'competed', 'summer', 'olympics', 'athens', 'winter', 'olympics', 'turin', 'although', 'belgrade', 'based', 'noc', 'claim', 'continuity', 'eventually', 'recognized', 'ioc', 'sources', 'entire', 'period', 'retroactively', 'attributed', 'serbia', 'montenegro', 'others', 'conflate', 'entire', 'period', 'yugoslavia', 'june', 'montenegro', 'declared', 'independence', 'peacefully', 'broke', 'away', 'formed', 'noc', 'podgorica', 'serbia', 'became', 'independent', 'country', 'olympics', 'country', 'code', 'srb', 'renamed', 'national', 'committee', 'belgrade', 'olympic', 'committee', 'serbia', 'oks', 'name', 'modern', 'day', 'oks', 'claims', 'unbroken', 'lineage', 'present', 'day', 'serbia', 'montenegro', 'competed', 'separate', 'nations', 'first', 'time', 'summer', 'olympics', 'beijing', 'meanwhile', 'kosovo', 'war', 'later', 'led', 'kosovo', 'declaration', 'independence', 'february', 'although', 'recognized', 'many', 'countries', 'declaration', 'disputed', 'serbia', 'regards', 'kosovo', 'southern', 'province', 'nevertheless', 'december', 'ioc', 'recognized', 'olympic', 'committee', 'kosovo', 'kok', 'first', 'kosovar', 'team', 'appearing', 'olympics', 'rio', 'janeiro', 'jok', 'also', 'tasked', 'organizing', 'yugoslavia', 'bidding', 'hosting', 'major', 'multi', 'sport', 'events', 'yugoslavia', 'involved', 'planning', 'rating', 'large', 'sports', 'development', 'projects', 'infrastructure', 'needed', 'included', 'following', 'national', 'olympic', 'committee', 'suspended', 'international', 'olympic', 'committee']"
József Sátori,"
 József Sátori (25 February 1926 – 23 February 2014) was a Hungarian rower. He competed at the 1948 Summer Olympics, the 1952 Summer Olympics and the 1960 Summer Olympics.[1] Along with his family, he helped to hide Jewish people from the Nazis during World War II.[1][2]
 
 This biographical article relating to Hungarian rowing is a stub. You can help Wikipedia by adding missing information.","
^ a b Evans, Hilary; Gjerde, Arild; Heijmans, Jeroen; Mallon, Bill; et al. ""József Sátori Olympic Results"". Olympics at Sports-Reference.com. Sports Reference LLC. Archived from the original on 18 April 2020. Retrieved 3 August 2018.

^ ""József Sátori: Hungary"". The Jewish Foundation. Retrieved 3 August 2018.

","
 j zsef s tori     february           february       was a hungarian rower  he competed at the      summer olympics  the      summer olympics and the      summer olympics   along with his family  he helped to hide jewish people from the nazis during world war ii   
 
 this biographical article relating to hungarian rowing is a stub  you can help wikipedia by adding missing information ","['zsef', 'tori', 'february', 'february', 'hungarian', 'rower', 'competed', 'summer', 'olympics', 'summer', 'olympics', 'summer', 'olympics', 'along', 'family', 'helped', 'hide', 'jewish', 'people', 'nazis', 'world', 'war', 'biographical', 'article', 'relating', 'hungarian', 'rowing', 'stub', 'help', 'wikipedia', 'adding', 'missing', 'information']"
Luang Prabang montane rain forests,"The Luang Prabang montane rain forests ecoregion (WWF ID: IM0121) covers elevations over 800 meters in the Luang Prabang mountains that straddle the border between northern Thailand and north-central Laos, and the highlands that stretch eastward across north-central Laos. While much of the forest cover has been degraded, there are still large areas of relatively untouched forest.[2][3][1]
 The Luang Prabang Range is the easternmost of the north-south mountain ranges of northern Thailand. Together with the highlands of north-central Laos they form an ecoregion of very high rainfall (2,000-3,000 mm/year) during the May to October rainy season, and a relatively long dry season during the rest of the year.
 The ecoregion grades into the montane Northern Indochina subtropical forests to the northeast and the Northern Annamites rain forests to the east. dry forests covers the lower-elevation Khorat Plateau to the south and the Chao Phraya lowlands to the west. The Northern Khorat Plateau moist deciduous forests are a transition between the Luang Prabang forests and the Khorat Plateau's dry forests, and the Northern Thailand-Laos moist deciduous forests cover the foothills and river valleys to the north and west of the Luang Prabang forests.[2]
 The climate of the ecoregion is Tropical monsoon climate (Köppen climate classification (Aw)).  This climate is characterized by relatively even temperatures throughout the year (all months being greater than 18 °C (64 °F) average temperature), and a pronounced dry season.  The driest month has less than 60 mm of precipitation, but more than (100-(monthly average)/25) mm.  The dry month usually at or right after the winter solstice in the Northern Hemisphere.[4][5]  Rainfall in the mountains of northern Laos can average 2,000-3,000 mm/year.[2]
 There is not one single type of rainforest in the ecoregion. Rather, there are many different forest communities reflecting location, elevation, and local climate.[2]  Starting at 800 meters elevation, the lower tropical seasonal rainforest becomes the montane rainforest, with a dominant canopy of Dipterocarpus turbinatus (source of keruing wood), and Wax tree (Toxicodendron succedaneum).  Also present at this transitional level are palm trees such as the Sugar palm (Arenga pinnata).  At elevations of 1,500 meters, broadleaf evergreen forests of Castanopsis hystrix are found. The low, open nature of the forest may be due to past clearing or fire. At these levels there are also conifer hardwood forests of Quercus griffithii (an oak with an oblong crown) and Keteleeria (Keteleeria evelyniana). Thinner soils support Engelhardia on granitic soils, or Khasi pine (Pinus kesiya) on clay or sandstone.[2]
 Due to the relative isolation of the area, there are significant populations of rare large mammals including the critically endangered Red-shanked douc, the endangered Asian elephant, and the endangered Eld's deer. Over 540 bird species are known to have territory extending into the ecoregion.
 18.9% of the ecoregion is in protected areas. Protected areas in the ecoregion include:
","
^ a b ""Luang Prabang montane rain forests"". Digital Observatory for Protected Areas. Retrieved 30 May 2023.

^ a b c d e ""Luang Prabang montane rain forests"". World Wildlife Federation. Retrieved March 21, 2020.

^ ""Map of Ecoregions 2017"". Resolve, using WWF data. Retrieved September 14, 2019.

^ Kottek, M.; Grieser, J.; Beck, C.; Rudolf, B.; Rubel, F. (2006). ""World Map of Koppen-Geiger Climate Classification Updated"" (PDF). Gebrüder Borntraeger 2006. Retrieved September 14, 2019.

^ ""Dataset - Koppen climate classifications"". World Bank. Retrieved September 14, 2019.

","the luang prabang montane rain forests ecoregion  wwf id  im      covers elevations over     meters in the luang prabang mountains that straddle the border between northern thailand and north central laos  and the highlands that stretch eastward across north central laos  while much of the forest cover has been degraded  there are still large areas of relatively untouched forest    
 the luang prabang range is the easternmost of the north south mountain ranges of northern thailand  together with the highlands of north central laos they form an ecoregion of very high rainfall              mm year  during the may to october rainy season  and a relatively long dry season during the rest of the year 
 the ecoregion grades into the montane northern indochina subtropical forests to the northeast and the northern annamites rain forests to the east  dry forests covers the lower elevation khorat plateau to the south and the chao phraya lowlands to the west  the northern khorat plateau moist deciduous forests are a transition between the luang prabang forests and the khorat plateau s dry forests  and the northern thailand laos moist deciduous forests cover the foothills and river valleys to the north and west of the luang prabang forests  
 the climate of the ecoregion is tropical monsoon climate  k ppen climate classification  aw     this climate is characterized by relatively even temperatures throughout the year  all months being greater than     c      f  average temperature   and a pronounced dry season   the driest month has less than    mm of precipitation  but more than       monthly average      mm   the dry month usually at or right after the winter solstice in the northern hemisphere     rainfall in the mountains of northern laos can average             mm year  
 there is not one single type of rainforest in the ecoregion  rather  there are many different forest communities reflecting location  elevation  and local climate    starting at     meters elevation  the lower tropical seasonal rainforest becomes the montane rainforest  with a dominant canopy of dipterocarpus turbinatus  source of keruing wood   and wax tree  toxicodendron succedaneum    also present at this transitional level are palm trees such as the sugar palm  arenga pinnata    at elevations of       meters  broadleaf evergreen forests of castanopsis hystrix are found  the low  open nature of the forest may be due to past clearing or fire  at these levels there are also conifer hardwood forests of quercus griffithii  an oak with an oblong crown  and keteleeria  keteleeria evelyniana   thinner soils support engelhardia on granitic soils  or khasi pine  pinus kesiya  on clay or sandstone  
 due to the relative isolation of the area  there are significant populations of rare large mammals including the critically endangered red shanked douc  the endangered asian elephant  and the endangered eld s deer  over     bird species are known to have territory extending into the ecoregion 
       of the ecoregion is in protected areas  protected areas in the ecoregion include 
","['luang', 'prabang', 'montane', 'rain', 'forests', 'ecoregion', 'wwf', 'covers', 'elevations', 'meters', 'luang', 'prabang', 'mountains', 'straddle', 'border', 'northern', 'thailand', 'north', 'central', 'laos', 'highlands', 'stretch', 'eastward', 'across', 'north', 'central', 'laos', 'much', 'forest', 'cover', 'degraded', 'still', 'large', 'areas', 'relatively', 'untouched', 'forest', 'luang', 'prabang', 'range', 'easternmost', 'north', 'south', 'mountain', 'ranges', 'northern', 'thailand', 'together', 'highlands', 'north', 'central', 'laos', 'form', 'ecoregion', 'high', 'rainfall', 'year', 'may', 'october', 'rainy', 'season', 'relatively', 'long', 'dry', 'season', 'rest', 'year', 'ecoregion', 'grades', 'montane', 'northern', 'indochina', 'subtropical', 'forests', 'northeast', 'northern', 'annamites', 'rain', 'forests', 'east', 'dry', 'forests', 'covers', 'lower', 'elevation', 'khorat', 'plateau', 'south', 'chao', 'phraya', 'lowlands', 'west', 'northern', 'khorat', 'plateau', 'moist', 'deciduous', 'forests', 'transition', 'luang', 'prabang', 'forests', 'khorat', 'plateau', 'dry', 'forests', 'northern', 'thailand', 'laos', 'moist', 'deciduous', 'forests', 'cover', 'foothills', 'river', 'valleys', 'north', 'west', 'luang', 'prabang', 'forests', 'climate', 'ecoregion', 'tropical', 'monsoon', 'climate', 'ppen', 'climate', 'classification', 'climate', 'characterized', 'relatively', 'even', 'temperatures', 'throughout', 'year', 'months', 'greater', 'average', 'temperature', 'pronounced', 'dry', 'season', 'driest', 'month', 'less', 'precipitation', 'monthly', 'average', 'dry', 'month', 'usually', 'right', 'winter', 'solstice', 'northern', 'hemisphere', 'rainfall', 'mountains', 'northern', 'laos', 'average', 'year', 'one', 'single', 'type', 'rainforest', 'ecoregion', 'rather', 'many', 'different', 'forest', 'communities', 'reflecting', 'location', 'elevation', 'local', 'climate', 'starting', 'meters', 'elevation', 'lower', 'tropical', 'seasonal', 'rainforest', 'becomes', 'montane', 'rainforest', 'dominant', 'canopy', 'dipterocarpus', 'turbinatus', 'source', 'keruing', 'wood', 'wax', 'tree', 'toxicodendron', 'succedaneum', 'also', 'present', 'transitional', 'level', 'palm', 'trees', 'sugar', 'palm', 'arenga', 'pinnata', 'elevations', 'meters', 'broadleaf', 'evergreen', 'forests', 'castanopsis', 'hystrix', 'found', 'low', 'open', 'nature', 'forest', 'may', 'due', 'past', 'clearing', 'fire', 'levels', 'also', 'conifer', 'hardwood', 'forests', 'quercus', 'griffithii', 'oak', 'oblong', 'crown', 'keteleeria', 'keteleeria', 'evelyniana', 'thinner', 'soils', 'support', 'engelhardia', 'granitic', 'soils', 'khasi', 'pine', 'pinus', 'kesiya', 'clay', 'sandstone', 'due', 'relative', 'isolation', 'area', 'significant', 'populations', 'rare', 'large', 'mammals', 'including', 'critically', 'endangered', 'red', 'shanked', 'douc', 'endangered', 'asian', 'elephant', 'endangered', 'eld', 'deer', 'bird', 'species', 'known', 'territory', 'extending', 'ecoregion', 'ecoregion', 'protected', 'areas', 'protected', 'areas', 'ecoregion', 'include']"
"Hajjiabad, Amol","Hajjiabad (Persian: حاجي اباد, also Romanized as Ḩājjīābād)[1] is a village in Dabuy-ye Jonubi Rural District, Dabudasht District, Amol County, Mazandaran Province, Iran. At the 2006 census, its population was 327, in 78 families.[2]
 
 This Amol County location article is a stub. You can help Wikipedia by adding missing information.","
^ Hajjiabad can be found at GEOnet Names Server, at this link, by opening the Advanced Search box, entering ""-3841661""  in the ""Unique Feature Id"" form, and clicking on ""Search Database"".

^ ""Census of the Islamic Republic of Iran, 1385 (2006)"" (Excel). Statistical Center of Iran. Archived from the original on 2011-09-20.

","hajjiabad  persian             also romanized as   jj  b d   is a village in dabuy ye jonubi rural district  dabudasht district  amol county  mazandaran province  iran  at the      census  its population was      in    families  
 
 this amol county location article is a stub  you can help wikipedia by adding missing information ","['hajjiabad', 'persian', 'also', 'romanized', 'village', 'dabuy', 'jonubi', 'rural', 'district', 'dabudasht', 'district', 'amol', 'county', 'mazandaran', 'province', 'iran', 'census', 'population', 'families', 'amol', 'county', 'location', 'article', 'stub', 'help', 'wikipedia', 'adding', 'missing', 'information']"
William Wedderburn (Canadian politician),"
William Wedderburn, QC (October 12, 1834 – April 5, 1918) was a lawyer, journalist, judge and political figure in the Province of New Brunswick, Canada. He represented the city of Saint John in the Legislative Assembly of New Brunswick from 1870 to 1882.
 He was born and raised in Saint John, the son of Alexander Wedderburn, a Scottish immigrant, and Jane Heaviside, from London, England. He studied law with John Hamilton Gray and was called to the bar in 1858. In that same year, he married Jeannie Vaughan. In 1873, he was named Queen's Counsel. Also in 1873, Wedderburn was named a commissioner to consolidate the statutes for the province. Wedderburn served as president of the St. John Mechanics' Institute,  was a Grand Master for the Freemasons and was a prominent member of the Sons of Temperance. He served as speaker for the provincial assembly from 1875 to 1878, when he was named provincial secretary. Wedderburn was an early supporter of Confederation. In 1882, he was named a judge for the court for Kings and Albert counties.
 
 This article about a member of the Legislative Assembly of New Brunswick is a stub. You can help Wikipedia by adding missing information.",,"
william wedderburn  qc  october            april          was a lawyer  journalist  judge and political figure in the province of new brunswick  canada  he represented the city of saint john in the legislative assembly of new brunswick from      to      
 he was born and raised in saint john  the son of alexander wedderburn  a scottish immigrant  and jane heaviside  from london  england  he studied law with john hamilton gray and was called to the bar in       in that same year  he married jeannie vaughan  in       he was named queen s counsel  also in       wedderburn was named a commissioner to consolidate the statutes for the province  wedderburn served as president of the st  john mechanics  institute   was a grand master for the freemasons and was a prominent member of the sons of temperance  he served as speaker for the provincial assembly from      to       when he was named provincial secretary  wedderburn was an early supporter of confederation  in       he was named a judge for the court for kings and albert counties 
 
 this article about a member of the legislative assembly of new brunswick is a stub  you can help wikipedia by adding missing information ","['william', 'wedderburn', 'october', 'april', 'lawyer', 'journalist', 'judge', 'political', 'figure', 'province', 'new', 'brunswick', 'canada', 'represented', 'city', 'saint', 'john', 'legislative', 'assembly', 'new', 'brunswick', 'born', 'raised', 'saint', 'john', 'son', 'alexander', 'wedderburn', 'scottish', 'immigrant', 'jane', 'heaviside', 'london', 'england', 'studied', 'law', 'john', 'hamilton', 'gray', 'called', 'bar', 'year', 'married', 'jeannie', 'vaughan', 'named', 'queen', 'counsel', 'also', 'wedderburn', 'named', 'commissioner', 'consolidate', 'statutes', 'province', 'wedderburn', 'served', 'president', 'john', 'mechanics', 'institute', 'grand', 'master', 'freemasons', 'prominent', 'member', 'sons', 'temperance', 'served', 'speaker', 'provincial', 'assembly', 'named', 'provincial', 'secretary', 'wedderburn', 'early', 'supporter', 'confederation', 'named', 'judge', 'court', 'kings', 'albert', 'counties', 'article', 'member', 'legislative', 'assembly', 'new', 'brunswick', 'stub', 'help', 'wikipedia', 'adding', 'missing', 'information']"
Heroes (American TV series),"
 Heroes is an American superhero drama television series created by Tim Kring that aired on NBC for four seasons from September 25, 2006, to February 8, 2010. The series tells the stories of ordinary people who discover that they have superhuman abilities and how these abilities take effect in the characters' lives as they work together to prevent catastrophic futures. The series emulates the aesthetic style and storytelling of American comic books, using multi-episode story arcs that build upon a larger, more encompassing narrative.[1] It was produced by Tailwind Productions in association with Universal Media Studios.[2] It was filmed primarily in Los Angeles, California.[3]
 Four complete seasons aired, ending on February 8, 2010.[4] The critically acclaimed first season had a run of 23 episodes and garnered an average of 14.3 million viewers in the United States, receiving the highest rating for an NBC drama premiere in five years.[5] The second season of Heroes attracted an average of 13.1 million viewers in the U.S.[6] and marked NBC's sole series among the top 20 ranked programs in total viewership for the 2007–2008 season.[7] Heroes earned a number of awards and nominations, including Primetime Emmy Awards, Golden Globes, People's Choice Awards, and British Academy Television Awards.[2]
 An online extension of the series, Heroes 360 Experience (later rebranded as Heroes Evolutions), was created to explore the Heroes universe and provides insight into the show's mythology.[8] Other official Heroes media include magazines, action figures, tie-in and interactive websites, a mobile game, a novel, clothing and other merchandise. In the fall of 2008, NBC Digital Entertainment released a series of online content for the summer, including more original web content, wireless iTV interactivity, graphic novels available for mobile viewing and webisodes.[9]
 A 13-episode follow-up miniseries, Heroes Reborn, premiered on NBC on September 24, 2015.[10][11]
 Deadline reported in April 2024 that a new series is in development, reportedly titled Heroes: Eclipsed.[12][13]
 Kring designed the series to have an ever-shifting cast. However, his motivation changed when he realized how popular the original cast was with audiences; therefore, he brought back most of the first-season cast for the second season, with a few additions who received star billing.[14] In its first season, the show features an ensemble cast of twelve main characters making it the third largest cast in American primetime television behind Desperate Housewives and Lost. Although NBC's first-season cast page listed only ten characters,[15] Leonard Roberts, who first appeared in the series' fifth episode as D L Hawkins, was an additional member of the original full-time cast. In the first-season episode ""Fallout"", Jack Coleman, who portrays Noah Bennet, was upgraded from a recurring role to become the twelfth full-time cast member.[16]
 The following remained major characters during all four seasons:
 Starting in season three, recurring character Angela Petrelli, portrayed by Cristine Rose, was promoted to a main character.[17] Elle, Adam, and Micah were removed from the main cast. Monica Dawson did not appear after scenes including her were cut. Niki was also written out but actress Ali Larter remained on the show portraying a new character Tracy Strauss, Niki's triplet sister with the power to freeze objects with a touch.[18] For season four, a new character Samuel Sullivan, portrayed by Robert Knepper, was added. Cast as a recurring part, the part was changed to a starring role.[19]
 The plot of Heroes is designed to be told in a way similar to the comic books stories. Each season of Heroes contains one or two ""volumes"". There are several main story lines in each volume. As the main plots develop, smaller, more intimate stories are told within them. Each main character's story is developed separately and as time passes their paths cross and it is explained how their stories are intertwined and connected. This is the story of ordinary people who discover extraordinary super powers after a solar eclipse reveals them, and how these abilities affect the characters' daily lives.
 The first season, known as ""Volume One: Genesis"", begins with a seemingly ordinary group of people who gradually become aware that they have special abilities. The story develops showing their reactions to those powers, and how that discovery affects their personal and professional lives. At the same time, several ordinary individuals are investigating the origins and extent of those abilities. Mohinder Suresh (Sendhil Ramamurthy), a research geneticist, continues his late father's research into the biological source of the powers, while Noah Bennet (Jack Coleman) represents, and is a lead agent for, a secret organization known only as ""the Company"" that wants to control, and if necessary, terminate those who are gifted. After only having a short time to come to terms with their new abilities, each of the heroes is drawn into the final showdown. They must each do their part to stop the destruction of the world that starts with an impending explosion at Kirby Plaza in New York City.
 Season two, known as ""Volume Two: Generations"",[20] begins four months after the events at Kirby Plaza. The main plot of Generations deals with the Company and its research on the Shanti virus. In a flashback to 1977, the research is performed by the Company's founders, whose identities are eventually revealed, to discover what the effects of various strains of the virus will do to the human and superhuman population. The virus is weaponized and locked away at Primatech Paper, the Company's facility used as a front. Returning to the present, the heroes must come together in an attempt to stop the release of a deadly strain of the virus and avert a global pandemic.
 The first part of season three is called ""Volume Three: Villains"". Volume three begins with an assassination attempt on Nathan Petrelli (Adrian Pasdar), a political figure who can fly, and explores its consequences. Meanwhile, several villains escape from the confines of Level 5, a maximum security area owned and operated by the Company within Primatech, and Noah Bennet attempts to recapture them. Arthur Petrelli (Robert Forster), Nathan's father, heals from systemic nerve damage and aims to create a formula to give ordinary people superhuman abilities, simultaneously stealing Peter's powers. The second part of season three, ""Volume Four: Fugitives"", reveals what happens after Nathan fails to produce the formula. After the destruction of Primatech and Pinehearst, the rival company of Primatech, the heroes attempt to lead normal lives until Nathan initiates his plan to round up all people with abilities. He is opposed in that plan by the other heroes, led by Peter, who used the synthetic formula to acquire a new ability where he can only copy one power at a time as opposed to his previous array of abilities. Sylar kills Nathan in an intense duel. However, because Nathan is a prominent political player, Matt Parkman (Greg Grunberg), who has power over people's minds, is instructed to alter Sylar's mind so that he will believe that he is Nathan and take his place, utilising Sylar's new powers of shapeshifting and psychometry to take on Nathan's appearance while his psychometry would 'fill in the blanks' on other details. This has a negative side effect causing Sylar's consciousness to become trapped in Matt Parkman's mind.
 Season four contains ""Volume Five: Redemption"", and takes place six weeks after the events of season three. The heroes try to return to their normal lives; Peter returns to his job as a paramedic, while Claire attends college. Sylar's body is causing his previously acquired abilities to manifest as he struggles with his forced identity as Nathan. Sylar's actual consciousness, trapped in Matt Parkman's mind, taunts Matt and seeks out his own body. Meanwhile, Hiro has to deal with a brain tumor that is slowly killing him and preventing him from controlling his powers. A carnival group is introduced whose leader, Samuel, tries to recruit more people with abilities into his carnival family. Samuel claims he is creating a community for special people where they are welcome to be open with their abilities and respected by outsiders. In truth, he is bringing together as many people with abilities as possible to build up his own power, moving earth. The more special people he has around him, the stronger his power. The heroes have to come together to battle Samuel and his plan to expose ""specials"" to the world by killing thousands of people. The series finale ends by opening the nonexistent ""Volume Six: Brave New World"" in which Claire reveals the existence of people with special abilities to a group of reporters and photographers.
The series mimics how it started, with the last scene involving Claire Bennet jumping from a ferris wheel and stating, ""My name is Claire Bennet, and that was attempt number—I guess I've kind of lost count.""
 Heroes began development early in 2006, when Tim Kring, creator of NBC's Crossing Jordan, came up with the show's concept. Kring wanted to create a ""large ensemble saga"" that would connect with the audience. He began thinking about how big, scary and complicated he felt the world is, and wanted to create a character-driven series about people who could do something about it. Kring felt that a cop or medical drama did not have characters that were big enough to save the world. He came up with the thought of superheroes; ordinary people who would discover extraordinary abilities, while still rooted in the real world and in reality. Each episode of the series cost $4 million to produce.[21]
 Casting directors Jason La Padura and Natalie Hart brought forth a cast of new faces such as Milo Ventimiglia, who described the TV pilot as a ""character drama about everyday people with a heightened reality."" Said heightened reality was brought to light through the work of production designer Ruth Ammon. Kring wanted the series to have touchstones that involved the characters and the world they lived in.[22][23]
 Before he began putting his ideas together, he spoke with Lost executive producer Damon Lindelof, with whom he had worked for three years on Crossing Jordan. Kring credits Lindelof for giving him ideas on how to pitch the series to the network and advice on the lessons he (Lindelof) learned about working on a serialized drama. The two still speak and support each other's projects.[24][25][26] When Kring pitched the idea for Heroes to the NBC network, he described the network's reaction as ""excited...very supportive.""[27] He comments that he has been partners with NBC for some time based on his six-year run as showrunner for Crossing Jordan.[27] When he pitched the pilot, he described every detail, including the cliffhanger ending. When NBC executives asked him what was going to happen next, Kring responded, ""Well, you'll just have to wait and find out.""[28] After the project was greenlit, a special 73-minute version of the pilot was first screened to a large audience at the 2006 San Diego Comic-Con.[29] It was initially reported that this unaired pilot would not be released, but it was included on the season one DVD set.[30]
 When the writing team worked on an episode, each writer took a character and wrote the individual scenes surrounding them. These stories were then combined and given to the episode writer. This system allowed every writer to contribute to every episode,[31] and enabled the writing team to finish scripts sooner, so the filming crew could shoot more scenes at a location.[28] Kring described the writing process as a collaborative one and stated that the collaboration process was important because production needed to shoot several scenes at a single location. To do this, several scripts had to be ready. Jesse Alexander, co-producer and writer, explained that this process was important in a serialized drama because one has to know where each character's development is heading.[28]
 Season two coincided with the WGA writers' strike, meaning only 11 out of the planned 24 episodes were produced.[32] That forced the producers to redesign the season to encompass only the Generations volume out of the three planned.[33] The planned third volume, Exodus,[34] which was designed to be a story arc reflecting the effects of the release of strain 138 of the Shanti virus, was cancelled. The planned fourth volume, Villains, was changed to the third volume and moved into season three.[6] Scenes from the volume two finale, ""Powerless"", were reshot to reflect the cancelation of the Exodus volume, and to tie up all the loose plot storylines of Generations.[35][36]
 Following criticisms of the second and third volumes, Tim Molloy from TV Guide reported that Heroes would return to its roots with the fourth volume, Fugitives, to attract new viewers and regain those who gave up on the show because of too many characters and plotlines.[37] In November 2008, NBC fired Jesse Alexander and Jeph Loeb from the production staff of Heroes over creative differences and budget problems.[38] As a result, Kring would refocus the series on character development and simple storytelling.[39] However, a high-ranking insider told TV Guide that rather than pressure from NBC or Universal Media responding to recent plummeting ratings, it was Kring himself who fired Alexander and Loeb, because the duo refused to continue character-driven stories that made the first season popular from the start.[40] In December 2008, Bryan Fuller signed a two-year deal with Universal Media Studios after the cancellation of his ABC series Pushing Daisies.[41] He rejoined the writing staff of Heroes starting with the 20th episode of season three and had a ""key role in the writing and direction"" of the series.[41] On June 22 it was revealed that Fuller left Heroes to work on other projects.[42] On April 28, 2009, director/producer Greg Beeman was fired by NBC.[43]
 The series score is composed by Wendy Melvoin and Lisa Coleman, with music engineer Michael Perfitt[44] and vocals provided by Shankar. Each episode averages 30–35 minutes of music. Melvoin and Coleman became involved with Heroes from their previous work with executive producer Allan Arkush.[45] Kring gave general instructions to the pair, including the emotion and direction for each character. Kring wanted incredibly unusual music and gave Melvoin and Coleman a lot of freedom and permission to experiment.[citation needed] In the pilot episode, Kring suggested that a ""dreamy"" cue be used in the scene involving Claire Bennet running into a burning train. The ""dreamy"" cue became a signature piece of the show. Melvoin and Coleman developed musical cues for each character. Claude's theme involved wind and voices to create the feeling of a ghost-like presence. Sylar's involves marimbas and bassoons with staccato to re-create the sound of clocks ticking in reference to the character's power. Matt Parkman's theme involves voices being played backwards when he uses his power of telepathy. Peter Petrelli's theme involves marcato strings. Niki Sanders's theme was based on her character's alter-ego Jessica and involved winds and Indian voices chanting in an underscore to give a feeling that she was possessed. Mohinder Suresh's theme is the piano composition that plays at the end of some episodes.[45]
 In 2007, the ASCAP Film and Television Music Awards gave Melvoin and Coleman the Top Television Series award for their work on Heroes.[46] In France, the theme music of Heroes is composed by Victoria Petrosillo.[47] Her song, ""Le Héros d'un autre"", is used by television network TF1 to replace the show's original incidental music. The network created a new opening credit sequence so they could play Petrosillo's theme.[47] The official Heroes soundtrack was released on March 18, 2008, by The NBCUniversal Television, DVD, Music & Consumer Products Group. On February 29, 2008, the Group released five music videos created by Heroes producer/director Allan Arkush, each combining show footage with songs from the soundtrack.[48][49][50] In September 2008, Melvoin and Coleman announced that they would be releasing Heroes: Original Score, an album consisting entirely of the score from Heroes.[51] It was released on April 14, 2009, by La-La Land Records.[52]
 Eric Grenaudier and John Han of Stargate Digital are the visual effects supervisors and Mark Spatny[53] is the visual effects producer for Heroes. They work with visual effects animators Anthony Ocampo and Ryan Wieber, who are also from Stargate.[22][54] The series visual effects consist of blue screens and 2D and 3D animation. The visual effects for the series are created after the scene is shot in post-production, unlike special effects, which are incorporated into the scenes during filming.[55] Notable visual effects include radioactive Ted in ""Company Man"", Nathan flying from Mr. Bennet and The Haitian in ""Hiros"", and Hiro's time freezing encounter with the schoolgirl in the red bow in ""One Giant Leap"".[22] The special effects were coordinated by Gary D'Amico. Stunts were coordinated by Ian Ouinn, who also used blue screens to accomplish some of the stunts in the series, such as Nathan Petrelli flying away from Heidi during the car accident scene in ""Six Months Ago"". Principal filming for Heroes occurred in Los Angeles and Santa Clarita, California.[3] The Stargate Digital team were  responsible for making Los Angeles look like international locations, such as India and Ukraine, using blue screens and set designs by Ruth Ammon, production designer for the series.[56] The series was recorded using a single-camera setup.
 In keeping with the comic book thematic elements used on Heroes, professional comic book artists Tim Sale and Alex Maleev were brought in to provide the artwork used within the series under the direction of Ruth Ammon, including the artwork of Isaac Mendez, and Mendez's metafictional comic book series, 9th Wonders!.[57] Additionally, the font used in captions and credits for the show is reminiscent of traditional hand-rendered comic book lettering. It was created by Sale and is based on his handwriting style.[58] Heroes was designed by production designer Ruth Ammon. Ammon was nominated for her work on Heroes twice by the Art Directors Guild and nominated for two Emmy Awards for excellence in art direction.
 On May 14, 2007, NBC announced that it would air a six-episode Heroes spin-off, Heroes: Origins, during the 2007–08 season.[59] The show was to introduce a new character each week, and viewers were to select which one would stay for the following season of the regular series.[60] The show was supposed to air after the completion of the second season of Heroes in April 2008;[59] however, on October 31, 2007, it was reported that Origins had been postponed because of the Writers Guild of America strike.[61] Kring stated in an interview that the first episode of Origins was to reveal the secrets and meanings behind the Helix symbol. Because of the WGA Strike, Kring commented that the secret will have to be revealed down the line. Kring revealed that he was to write the first episode of Origins, and that John August had been hired to write another episode.[62] Director Kevin Smith, a fan of Heroes, was set to write and direct an episode for the spin-off,[63] as were Eli Roth and Michael Dougherty.[64] On April 3, 2008, a day after NBC announced its 2008–2009 primetime schedule, Ben Silverman confirmed Origins's cancellation.[65]
 Heroes includes some mysterious fictional recurring elements that have been ascribed to science fiction or supernatural phenomena. Kring and the creators of the series referred to these fictional elements as part of the mythology of the series. Kring confirmed that although the show has a unique mythology, he did not want to sink too deeply into it. Rather, Kring used volumes to wrap up ongoing plot lines instead of carrying storylines over long periods of time as in Lost.[66] Among the show's mythological elements are the Company, the legend of Takezo Kensei, paintings of the future, superpowers and their origins, the Shanti virus, 9th Wonders! comic book, and numerous other elements and mythological themes.
 Season one received highly positive reviews. During the season, the American Film Institute named Heroes one of the ten ""best television programs of the year.""[67] Doug Elfman of the Chicago Sun-Times stated, ""the show's super strengths are its well-developed filmmaking, smooth pacing and a perfect cast. It views like the first hour of a fun, thoughtful movie."" Barry Garron at The Hollywood Reporter also stated, ""Heroes is one of TV's most imaginative creations and might, with luck, become this year's Lost.""[68] Less favorable reviews included The Philadelphia Inquirer, who commented that although the show had lots of ""cool effects,"" it ""lands, splat, in a pile of nonsense and dim dialogue."" In response to the first pod of season one episodes, The Chicago Tribune went as far as saying, ""you could watch the first few episodes of Heroes, or you could repeatedly hit yourself on the head with a brick. The effect is surprisingly similar.""[69] At Metacritic, the Heroes pilot received a 67/100, with generally favorable reviews from critics.[70] The show was declared the fourth highest rated show for the first ten years of IMDbPro (2002–2012).[71]
 Season two received generally positive reviews, but was criticized by commentators and fans for a much slower pace, less engaging storyline and lack of focus compared to the first season. Milo Ventimiglia stated that ""when there's a little bit of a delay, there's not that instant, rewarding scene or moment or episode... people get impatient, so it has been extremely important for them to strike a balance between giving and getting.""[72] In an interview with Entertainment Weekly, Heroes creator Tim Kring commented on criticisms of season two, and the series' 15% decline in ratings.[73] Kring said that he felt he had made mistakes with the direction of season two. He had thought that the audience was looking for a ""build-up of characters and the discovery of their powers"", when viewers were instead looking for ""adrenaline."" Kring also outlined what he felt were problems with plot development, stating that season two ""took too long to get to the big-picture story"", explaining that Peter's vision of the viral armageddon should have occurred in the first episode instead of the seventh. He feels that it would have been better to introduce new characters within the context of the main storyline, as with Elle, rather than in unattached arcs such as that of Maya and Alejandro. Kring also admitted that he should have resolved the ""Hiro in Japan"" storyline much more quickly, and that the romantic stories were not working well. With regard to Claire and West, and Hiro and Yaeko, he said, ""I've seen more convincing romances on TV. In retrospect, I don't think romance is a natural fit for us.""[73]
 For season 3, Los Angeles Times said ""Even just a half-hour in, it's difficult not to wish everyone would just lighten the heck up. The graphic novel noir feel is becoming increasingly oppressive, and everyone is just so grim.""[74] New York Post wrote ""This show, which was once so thrilling and fun, has become full of itself, its characters spouting crazy nonsense.""[74]
 By the time Heroes completed the first half of the first season, the show had already collected an assortment of honors and accolades. On December 13, 2006, the Writers Guild of America nominated the program for ""best new series"" of 2007.[75] On December 14, the Hollywood Foreign Press Association nominated the program for a Golden Globe Award for Best Television Drama, and nominated Masi Oka (Hiro Nakamura) for Best Supporting Actor on a TV Series.[76] On January 9, 2007, Heroes won the award for Favorite New TV Drama at the 33rd People's Choice Awards.[77] The National Association for the Advancement of Colored People nominated Heroes on January 9, 2007, for an Image Award in the ""Outstanding Drama Series"" category.[78] On February 21, 2007, Heroes was nominated for five Saturn Awards. The nominations included ""Best Network Television Series"", ""Best Supporting Actor in a Television Series"" for both Greg Grunberg and Masi Oka, and ""Best Supporting Actress in a Television Series"" for Hayden Panettiere and Ali Larter.[79] On February 22, 2008, it was announced that Heroes was again nominated for five Saturn Awards. The nominations for 2008 include ""Best Network Television Series,"" ""Best Supporting Actor in a Television Series"" for both Greg Grunberg and Masi Oka, ""Best Supporting Actress in a Television Series"" for Hayden Panettiere, and ""Best Television Series on DVD."" The 2008 nominations are similar to the 2007 nominations, except Ali Larter was not nominated this year; instead the Heroes Season one DVD was nominated, in a different category.[79]
 On July 19, 2007, the Academy of Television Arts & Sciences announced their nominations for the 2007 Primetime Emmy Awards. Heroes was nominated in eight categories, including Outstanding Drama Series. The first episode, ""Genesis"", earned six nominations: Outstanding Directing (David Semel), Outstanding Art Direction for a Single-Camera Series, Outstanding Single-Camera Picture Editing for a Drama Series, Outstanding Sound Mixing for a Comedy or Drama Series, and Outstanding Stunt Coordination. The episode ""Five Years Gone"" also received a nomination for Outstanding Visual Effects for a Series. Masi Oka was nominated for Outstanding Supporting Actor in a Drama Series.[80] On September 16, 2007, the 59th Primetime Emmy Awards were held and Heroes failed to win a single Emmy award despite the eight nominations. On July 21, 2007, the Television Critics Association awarded Heroes with the prestigious Outstanding Program of the Year title during their 23rd Annual TCA Awards ceremony.[81] The cast of Heroes was named in the 2006 Time magazine's Person of the Year issue under ""People Who Mattered"".[82]
 The pilot episode generated 14.3 million viewers,[83] with the season high topping out at 16.03 million viewers for episode 9.[84] When the series returned from hiatus on January 22, 2007, the ratings averaged about the same as the pilot with 14.9 million viewers.[85] When the show went on a second hiatus during the first season, from March 4, 2007, to April 23, 2007 (7 weeks), ratings hit a new low; the lowest being 11.14 million viewers during part one of the three part finale, ""The Hard Part.""[86] In season two, the opener gained the highest rating of the entire series, however, week-by-week, the ratings declined, reaching another new low for the series on episode seven, ""Out of Time"", with only 9.87 million viewers. Although the ratings were lower than average, this episode was considered to be a turning point for the declining season, as a major plot twist was introduced and the volume's ""big picture storyline"" was presented.[73][87] The season two/volume 2 finale generated 11.06 million viewers in the ratings, down more than 3 million viewers from the season opener and series pilot.[88]
 While the show premiered with high ratings, ratings slowly diminished throughout its run. The first episode of season two was the highest viewed, whereas each successive season had fewer viewers than the one preceding it.
 Season three of Heroes started with strong ratings that dropped steadily throughout the season. The season's finale placed last in its timeslot.[89]
 The season four premiere of Heroes was the lowest rated episode of the series to that point, averaging 5.9 million viewers.[90] Despite the season's low ratings, executive producer Tim Kring was ""fully expecting"" a fifth season.[91] However, while creator Kring was hopeful over the show's future, many media insiders were not so confident. There was growing speculation on some news sites that NBC would cancel the series at the conclusion of its fourth season[92] or that it might renew the show for a fifth and final season by ordering either 6 or 13 episodes and possibly airing them as a backup or mid-season replacement.[93] On May 14, 2010, NBC made it official that Heroes was indeed cancelled.[94]
 Following the debut of Heroes in 2006, the tagline Save the Cheerleader, Save the World was recognized within the television industry as an effective marketing device.[96] In 2006, NBC also created a Heroes parody titled Zeroes. Zeroes, which was released as a viral video on sites including YouTube, features parodies including four chapters and an open audition. Development and production of the project was kept secret from Kring.[97] NBC hosted panels at the 2006, 2007, 2008, and 2009 San Diego Comic-Con to promote the series. Major announcements have been made during the panel, along with sneak peeks of forthcoming seasons. In 2006, the Heroes panel presented the entire season one 72-minute pilot. In 2008 the first half of the season three premiere was shown. Comic-Con also allows the cast and crew to answer questions from the press and from fans.[98][99] On July 21, 2007, Kring announced that cast and crew members of Heroes would travel the world for the Heroes World Tour to promote the season one DVD release and the forthcoming season two. The tour took place in North America (New York and Toronto), Asia (Singapore, Tokyo, and Hong Kong) and Europe (Munich, Paris and London). The tour began on August 26, and ended on September 1, 2007.[100] The post-hardcore bands Alesana and I See Stars have both respectively named songs after the show, ""This Is Usually the Part Where People Scream"" and ""Save the Cheerleader"".
 The first DVD release of Heroes was a sampler disc, containing only the first episode, and was released in Ireland and the UK on September 3, 2007.[101] UK Region 2 split Heroes into two-halves on its initial release; part one being released on October 1, 2007, and part two on December 10, 2007.[102][103] When the second part was released, a complete first season boxset was also released on the same day on both DVD and HD DVD formats[104] The complete first season DVD includes nearly 3 hours of bonus features including: an extended 73-minute version of the pilot episode with audio commentary; 50 deleted and extended scenes; behind the scenes featurettes, including the making of Heroes, stunts, a profile of artist Tim Sale, and the score; and audio commentaries with cast, crew and Kring.[105] On February 22, 2008, the Heroes Season One DVD was nominated for a 2008 Saturn Award, in the category of ""Best Television Series on DVD.""[79] The complete first season was released in USA and Canada on August 28, 2007.[106] It was released in Australia and New Zealand on September 17, 2007.[105]
 Universal Studios Home Entertainment and Sony Pictures Home Entertainment has announced that the first and second seasons would be released on Blu-ray on August 26, 2008, the same date as the DVD release of the second season. Specifications and bonus features include: Generations Alternate Ending; Inside the Alternate Ending: What if Peter didn't catch the virus?; untold stories that didn't make it on air; Season three sneak peek; deleted scenes; a documentary on Takezo Kensei; behind the scenes featurettes; NBC.com featurettes; and audio commentaries with cast, crew and show creator Tim Kring.[107] The complete second season was released on July 28, 2008, in the UK.[108] Season 2 was released on October 1, 2008, in New Zealand and Australia.[109]
 The Season 3 DVD Box set was released in North America on September 1, 2009,[110] and in Australia on September 2, 2009, with an alternative cover,[111] and in the UK on October 12, 2009.[112]
 The Season 4 DVD Box set was released on August 3, 2010, in the US[113] and on October 4, 2010, in the UK.[114]
 The Complete Series DVD Box set was released on November 16, 2010, in the US.[115]
 In Canada, Heroes episodes run concurrently with the NBC first-run on the Global Television Network, Mondays at 10 p.m. ET. A Canadian French-dubbed version of season one also airs on TVA, Thursdays at 9:00 p.m. and two episodes of season two on Mystère (addikTV), Mondays at 8:00 p.m.[116]
 The first season aired in Australia on the Seven Network Wednesday nights at 8:30 p.m. The series debuted strongly, attracting more than 2 million viewers in five of the capital cities. To keep viewer numbers high the Seven Network began showing the second season on Thursday nights at 9:30 p.m. across all areas, a week after the US screening.[117] The third season began airing on October 9, 2008, and Volume 4 began airing on April 23, 2009.[118] Because of low ratings, it was pushed back half-an-hour to 11:00 p.m. after Scrubs and the season concluded July 9, 2009. The Sci-Fi (available through Foxtel, Optus TV and Austar) screened season two re-runs in late 2009. From June 2010, season three is screening on the Sci-Fi Channel in Australia. Season four aired, approximately one month behind the US, on Seven's new digital channel 7Two, on November 4, 2009, at the new time of Wednesdays 8:30 p.m. It started with the double premiere and had double episode runs instead of one episode a week, until it caught up to the US, after that it began to air episodes once a week at 8:30 p.m.[119][120] It currently airs on Thursdays 9:30 p.m. on 7Two.
 In the United Kingdom, the series first aired on February 19, 2007, on digital channel Sci Fi UK.[121] The series averaged 450,000 viewers, which is almost four times more viewers than those of other programs on Sci Fi UK.[122] The series was then picked up by the BBC, which gave season one its terrestrial premiere from July 25 to December 5, 2007, on BBC Two.[123] Season two of Heroes first aired from April 24 to July 3, 2008, on BBC Two, attracting around 3.7 million viewers. Season three began on October 1, 2008, and gained 3.81 million viewers.[citation needed] Season four began on January 9, 2010,[124] but viewership as of February 8 had declined to just 0.74 million.[125]
 In Indonesia, Season 1 aired on Trans TV on weeknights starting from January 31, 2007, at 6:00 p.m. WIB. All subsequent seasons aired on Trans7 on Wednesdays starting from August 6, 2007, at 8:00 p.m. WIB.
 Ubisoft announced that they had licensed the rights to produce a Heroes video game;[126] however, the company later chose to give the rights back to NBCUniversal.[127] Gameloft released the first Heroes mobile game on October 5, 2007. It consists of 8 levels and playable characters include Hiro Nakamura, Niki Sanders and Peter Petrelli.[128][129]
 Each week, NBC released a Heroes webcomic. The comics gave additional character background and plot information not shown in the television episodes. The graphic novels continued on a weekly basis during the show's 2007 summer hiatus. Wildstorm, a subsidiary of DC Comics, released them in published form on November 7, 2007.[130] The first collected volume included novels 1–34, and featured two different covers by Alex Ross and Jim Lee as well as an introduction by Masi Oka and artwork by Tim Sale. The second volume included 35–80. It has an advertisement for a third volume, that would at least have 81–103, and more, and it was scheduled for fall 2009. For unknown reasons, the third volume has not been released.
 On December 26, 2007, the only Heroes novel was published, titled Saving Charlie. Written by Aury Wallington, who wrote the book with the full cooperation of the Heroes writing staff, the novel revolves around the relationship of Hiro Nakamura and Charlie Andrews, when Hiro went back in time six months to attempt to save her.[131]
 Titan Magazines released the first issue of Heroes Magazine on November 20, 2007. It is the first of a series of six, slated to be released bi-monthly. The first issue is a 100-page premiere issue. Feature articles include a cast group interview, a secret origins featurette, and a season one episode guide.[132] Greg Beeman, executive producer of Heroes has confirmed that this is an official Heroes release, with the full support and cooperation of Tim Kring and the rest of the Heroes production team.[133][134] The magazine ceased publication with the twelfth issue.
 Mezco announced at Toy Fair 2007 that they would be producing a line of action figures based on the television show Heroes.[135][136] The first series, Series I, includes Peter Petrelli, Claire Bennet, Hiro Nakamura, Sylar and Mohinder Suresh.[137][138] The second series, Series II, includes Niki Sanders/Jessica Sanders, Noah Bennet, Daniel Linderman, Matt Parkman (with Molly Walker) and Claude.[139]
 Heroes Unmasked is a series on BBC that goes behind-the-scenes of the production of Heroes. Many details of Heroes are revealed. Among them are props, set design, blue and green screen animation, and special effects and costuming. The first two series of this show were narrated by Anthony Head, the third by Santiago Cabrera.[140] American network G4 began airing Heroes episodes on November 3, 2007, along with an American version of Heroes Unmasked titled The Post Show. The series, aired following Heroes, included interviews, live viewer commentary, interactive polls, behind-the-scenes footage and other Heroes content.[141] American network MOJO HD also aired Heroes episodes in high definition.[142] However, that network left the air at the start of December 2008, and on the day and date of MOJO's discontinuation G4 launched their HD simulcast feed, thus now carrying the show in both regular and high definition forms.
 In November 2007, the BBC made four short '2 Dimensional' films where actors from the series look through a '2' shaped hole into a room that reflects the character they play in Heroes.[143] A new short was revealed just before episode one of season three aired on BBC2, featuring Masi Oka staring into an anime-styled montage of Hiro.
 BBC Radio 7 broadcast ""Heroes—The Official Radio Show"" with Jon Holmes, every Saturday at 7:30 on BBC7 DAB digital radio. The program was also available as a podcast.[144]
 The Heroes production team also has official series content on the internet. Writers Joe Pokaski and Aron Coleite hold a ""Question and Answer"" column hosted by Comic Book Resources titled ""Behind the Eclipse"".[145] Show producer and director Greg Beeman also posts weekly on his blog where he discusses how the episode is filmed and gives spoilers for the upcoming episode.[146]
 Heroes Evolutions, released on January 19, 2007, is a digital extension of the series that explores the Heroes universe and provides clues to the show's mythology. It was titled Heroes 360 Experience throughout the first season and rebranded for the second season.[8] Heroes Interactive is an interactive web page that began operation on January 29, 2007, during the airing of ""The Fix"". Hosted at NBC.com, it offers behind the scenes information, polls, trivia, and quizzes, as well as recent posts by Hana Gitelman. The features air once a week, and are designed to be viewed concurrently with that week's episode.[147]
 Complete episodes of Heroes are available online, to US residents only, along with downloads through the ""NBC Direct"" service.[148] Episodes are also available on iTunes in 720p High Definition, although they were unavailable for a few months when NBC and Apple Inc. were unable to come to a renewal deal. Seasons 1, 2, 3, and 4 are currently available for streaming via subscription on Netflix,[149] Amazon Video,[150] and Hulu Plus.[151]
 NBC Universal announced on April 2, 2008, that NBC Digital Entertainment would release a series on online content for the summer and fall of 2008, including more original web content and webisodes. Heroes webisodes are expected to air through an extension of the Heroes Evolutions in July. Other media and digital extensions announced include an online manhunts for the villains, the addition of more micro sites that allow the users to uncover more of the Heroes universe, wireless iTV interactivity and the ability to view the graphic novel on mobile platforms.[152]
 Create Your Hero is a fan-based, interactive promotion on NBC.com, which calls upon Heroes fans to vote on various personalities and physical attributes for the creation of a new hero. The new hero ""[comes] to life"" in an original, live-action series run exclusively on NBC.com. The promotion is sponsored by Sprint.[153] The first hero created by this process, Santiago, has the dual powers of enhanced probability and superhuman speed. He began appearing in the live-action web series, Heroes: Destiny, on November 10, 2008 (sweeps week).[154] On October 18, 2008, Heroes Wiki announced that it had officially partnered with NBC. NBC now directs those interested in a wiki on Heroes to Heroes Wiki, and directly funds the site in exchange for the site running advertisements for the network.[155]
 The show has been described as having a very similar setting to Rising Stars, a comic that debuted in 1999, which led to some discussion of whether Heroes was plagiarizing ideas from the Rising Stars. Heroes creator, Tim Kring, addressed this directly when asked about it some time after his show premiered by stating that he has never read Rising Stars, and that he purposefully refused to familiarize himself with a number of superhero-related works to avoid such accusations of improper inspiration.[156]
 On March 19, 2007, Clifton Mallery and Amnau Karam Eele filed suit against NBC and Tim Kring claiming that the idea for Isaac Mendez, who can paint the future, was stolen from a short story, painting and short film that they had produced. The suit was dismissed. On December 11, 2007, the New York Law Journal reported on Mallery v. NBC Universal, quoting from Southern District Judge Denise Cote's opinion that ""the line between mere 'ideas' and protected 'expression' is 'famously difficult to fix precisely'"", and stating that Heroes was not close to infringing.[157][158]
","
^ Kring, Tim (September 24, 2006). ""How many seasons/scripts are plotted out?"". nbcuni.com. NBC Universal Heroes Live Blog. Archived from the original on November 26, 2006. Retrieved October 31, 2006.

^ a b ""Heroes TV Show on NBC"". NBC.com. Archived from the original on March 29, 2008. Retrieved March 28, 2008.

^ a b ""Real locations or movie magic?"". NBC.com. September 25, 2005. Archived from the original on February 26, 2008. Retrieved March 28, 2008.

^ Schneider, Michael (May 14, 2010). ""NBC stops holding out for ""Heroes"""". Variety. Archived from the original on May 17, 2010. Retrieved November 23, 2019.

^ ""Heroes debut paces NBC's second Monday win of the new season"". thefutoncritic.com (Press release). NBCUniversal. September 26, 2006. Retrieved August 24, 2014.

^ a b ""NBC Renews Drama Series Chuck, Life and Heroes for 2008–09 Season"". thefutoncritic.com. February 13, 2008. Retrieved August 25, 2014.

^ ""TV News: TV shows, TV news, cable TV, satellite TV, TV schedules on Zap2it"". Zap2it. Retrieved May 27, 2009.{{cite web}}:  CS1 maint: deprecated archival service (link)

^ a b ""Heroes TV Show on NBC"". NBC.com. Archived from the original on February 16, 2009. Retrieved April 8, 2008.

^ ""NBC Digital Entertainment Brings More Video, Original Content And Interactivity For Summer And Fall Season Programming"". thefutoncritic.com (Press release). NBCUniversal. April 2, 2008. Retrieved August 25, 2014.

^ ""NBC Announces Fall Premiere Dates for 2015-16 Season"". Zap2it. June 22, 2015. Archived from the original on June 23, 2015. Retrieved June 23, 2015.

^ Littleton, Cynthia (February 22, 2014). ""NBC's 'Heroes' to Return as Miniseries in 2015"". Variety. Archived from the original on February 2, 2015. Retrieved January 31, 2015.

^ Andreeva, Nellie (April 10, 2024). ""'Heroes' Reboot In The Works From Series Creator Tim Kring"". Deadline. Retrieved April 11, 2024.

^ Reilly, Luke (April 11, 2024). ""New Heroes Series in Development From Series Creator Tim Kring"". IGN. Retrieved April 11, 2024.

^ ""Spoiler Chat: Grey's 2.0 Borrows from Betty; Heroes to Get New Hero"". E! Online Mexico. May 22, 2009. Archived from the original on June 11, 2008. Retrieved May 27, 2009.

^ ""Heroes cast page"". NBC. Archived from the original on October 31, 2008. Retrieved May 18, 2007.

^ Schneider, Michael (October 23, 2006). ""Heroes zeros in on its bad guy"". Variety. Archived from the original on May 10, 2007. Retrieved November 23, 2019.

^ ""NBC Universal Media Village"". Nbcumv.com. Retrieved May 27, 2009.{{cite web}}:  CS1 maint: deprecated archival service (link)

^ Wieselman, Jarett (August 19, 2008). ""Dana Davis: I'm Leaving ""Heroes"" – POPWRAP | Gossip | Entertainment | News"". Blogs.nypost.com. Archived from the original on April 29, 2009. Retrieved May 27, 2009.

^ Mitovich, Matt (July 29, 2009). ""Robert Knepper's Villainous Heroes Role Is Supersized"". TV Guide. Archived from the original on October 9, 2009. Retrieved September 19, 2009.

^ Logan, Michael (December 4, 2007). ""Exclusive: Tim Kring Explains Heroes' ""Generations"" Finale"". TV Guide. Archived from the original on September 6, 2008. Retrieved April 18, 2008.

^ Wyatt, Edward (November 9, 2008). ""Flagging 'Heroes' Attempts Self-Rescue"". The New York Times. Archived from the original on May 31, 2023. Retrieved March 3, 2024.

^ a b c Kring, Tim (creator) (August 28, 2008). (Unknown episode) (DVD) (Season one episodes). NBC Universal Media. Archived from the original on February 18, 2008. Retrieved January 20, 2008.

^ Kring, Tim. ""Heroes Live Blog: Why I wanted to do a show like Heroes"". NBC. Archived from the original on February 28, 2008. Retrieved February 2, 2008.

^ Kring, Tim. ""Heroes Live Blog: Friends with the creator of LOST"". NBC. Archived from the original on February 13, 2008. Retrieved February 2, 2008.

^ ""Interview with Jef Loeb"". NBC. Archived from the original on February 13, 2008. Retrieved February 2, 2008.

^ Weiss, Joanna (March 4, 2007). ""Heroes conspiracy theory isn't Lost on series' fan"". The Boston Globe. Archived from the original on July 31, 2009. Retrieved May 27, 2009 – via Boston.com.

^ a b Kring, Tim. ""Heroes Live Blog: The Pitch Process to NBC"". NBC. Archived from the original on February 28, 2008. Retrieved February 2, 2008.

^ a b c ""Heroes Execs discuss show's future, LOST, more/"". ogmog.com. Archived from the original on February 10, 2007.

^ Goldman, Eric (June 22, 2006). ""Comic-Con 2006: Heroes Pilot Premiere"". IGN. Archived from the original on November 8, 2006. Retrieved November 1, 2006.

^ Tribbey, Chris (July 26, 2007). ""The HD DVD of 'Heroes' Comes Packed With Interactive Extras"". allthingshidef.com. Archived from the original on January 5, 2008. Retrieved July 26, 2007.

^ Taylor, Robert (October 26, 2006). ""Reflections: Talking with Bryan Fuller"". Comic Book Resources. Archived from the original on January 3, 2007. Retrieved November 1, 2006.

^ ""Heroes: (Volume Two: ""Generations"") Four Months Later... - TV.com"". TV.com. Archived from the original on July 31, 2008. Retrieved April 19, 2008.

^ Goldman, Eric (December 14, 2007). ""Heroes Creator Tim Kring Talks"". IGN.com. Archived from the original on December 17, 2007. Retrieved December 28, 2007.

^ Carter, Bill (July 21, 2008). ""Heroes Is Ready for Its Rebound"". The New York Times. Archived from the original on April 17, 2009. Retrieved September 17, 2008.

^ Phegley, Kiel (December 20, 2007). ""Tim Kring on Heroes Vol. 3"". Wizard Universe. Archived from the original on January 24, 2008. Retrieved February 3, 2008.

^ Goldman, Eric (December 14, 2007). ""Heroes Creator Tim Kring Talks"". IGN.com. Archived from the original on December 17, 2007. Retrieved March 2, 2008.

^ Molloy, Tim (January 15, 2009). ""Heroes Returns to Roots in Midseason Reboot"". TV Guide. Archived from the original on January 21, 2009. Retrieved January 17, 2009.

^ Littleton, Cynthia (November 2, 2008). ""'Heroes' duo get the ax"". Variety. Archived from the original on November 6, 2008. Retrieved November 23, 2019. Alexander, Loeb fired in shakeup

^ Littleton, Cynthia (November 3, 2008). ""Tim Kring refocuses Heroes"". Variety. Archived from the original on August 1, 2020. Retrieved November 23, 2019.

^ TV Guide; November 17, 2008

^ a b Andreeva, Nellie (December 4, 2008). ""Bryan Fuller closes in on UMS deal"". The Hollywood Reporter. Archived from the original on December 19, 2008. Retrieved November 23, 2019.

^ ""Confirmed: Bryan Fuller Has Left Heroes AGAIN! – UPDATED"". heroestheseries.com. June 22, 2009. Archived from the original on August 26, 2009. Retrieved May 16, 2022.

^ ""Heroes producer fired by NBC"". heroestheseries.com. Archived from the original on May 1, 2009. Retrieved May 11, 2009.

^ ""Heroes TV Show on NBC"". NBC. Archived from the original on September 24, 2009. Retrieved May 27, 2009.

^ a b Beeman, Greg. ""BEEMAN'S BLOG – Season 2, Episode 11"". Archived from the original on October 9, 2007. Retrieved January 31, 2008.

^ ""22nd Annual ASCAP Film and Television Music Awards > Playback Summer 2007"". ASCAP.com. Archived from the original on August 1, 2009. Retrieved May 27, 2009.

^ a b ""Bienvenue chez Victoria !"". victoriapetrosillo.com (in French). Archived from the original on May 10, 2009. Retrieved July 24, 2010.

^ ""Heroes soundtrack, music videos on the way — Today's News: Our Take"". TVGuide.com. February 28, 2008. Archived from the original on June 6, 2008. Retrieved May 27, 2009.

^ ""Dylan, Bowie on Heroes soundtrack"". Reuters.com. February 28, 2008. Archived from the original on August 1, 2009. Retrieved May 27, 2009.

^ ""Heroes soundtrack taps Bob Dylan, Wilco"". Entertainment Weekly. February 28, 2008. Archived from the original on April 21, 2009. Retrieved May 27, 2009.

^ ""Wendy and Lisa prepare Heroes score album"". Entertainment Weekly. September 26, 2008. Archived from the original on December 22, 2008. Retrieved May 27, 2009.

^ ""Heroes on La-La Land Records"". La-La Land Records. April 14, 2009. Archived from the original on April 13, 2009. Retrieved April 28, 2009.

^ ""vfx knowledge– Heroic VFX : Stargate Digital and NBC's Heroes"". fxguide.com. May 30, 2007. Archived from the original on March 3, 2009. Retrieved May 27, 2009.

^ ""Credits: Tim Kring"". NBC.com. September 22, 2008. Archived from the original on August 22, 2008. Retrieved May 27, 2009.

^ ""Heroes: All Videos"". NBC. Archived from the original on September 24, 2009. Retrieved May 27, 2009.

^ ""Heroes TV Show on NBC"". NBC.com. Archived from the original on September 24, 2009. Retrieved May 27, 2009.

^ Smith, Zack (November 14, 2006). ""Talking Heroes and comics with Tim Sale"". Newsarama.com. Archived from the original on February 10, 2007. Retrieved March 21, 2007.

^ George, Richard (October 26, 2006). ""Loeb Talks Heroes"". IGN.com. Archived from the original on February 23, 2007. Retrieved March 21, 2007.

^ a b ""NBC delivers the quality once again this fall, [...] for its 2007–08 Primetime schedule"". thefutoncritic.com (Press release). NBCUniversal. May 14, 2007.

^ Schneider, Michael (May 14, 2007). ""NBC announces schedule, shows"". Variety. Archived from the original on January 13, 2008. Retrieved December 28, 2007.

^ ""False start for NBC's Heroes: Origins"". The Hollywood Reporter. November 2007. Archived from the original on July 19, 2008. Retrieved November 23, 2019.

^ ""Heroes Live Blog"". NBC.com. Archived from the original on September 25, 2007. Retrieved September 25, 2007.

^ ""The Guy Who Ruined 'Heroes'"". SilentBobSpeaks.com. Kevin Smith. Archived from the original on February 15, 2014. Retrieved June 3, 2014.

^ ""Dougherty, Roth writing Origins episodes"". The Hollywood Reporter. September 22, 2007. Archived from the original on October 24, 2007. Retrieved November 23, 2019.

^ Spelling, Ian (April 4, 2008). ""Heroes Returns; Origins Dies"". scifi.com. Sci Fi Wire. Archived from the original on April 6, 2008. Retrieved April 4, 2008.

^ Kushner, David (April 23, 2007). ""Santiago Cabera: Heroes Artistic Hero"". Wired News. Archived from the original on August 14, 2008. Retrieved February 3, 2008.

^ ""AFI Awards 2006 Official Selections Announced"" (PDF) (Press release). American Film Institute. December 10, 2006. Archived (PDF) from the original on December 14, 2006. Retrieved December 11, 2006.

^ ""Heroes"". The Hollywood Reporter. Archived from the original on February 12, 2007. Retrieved May 27, 2009.

^ ""'Heroes': A nominee for fall's worst new drama"". Chicago Tribune. September 22, 2006. Archived from the original on May 14, 2009. Retrieved May 27, 2009.

^ ""Heroes (NBC) – Reviews"". Metacritic. Archived from the original on March 23, 2008. Retrieved March 28, 2008.

^ Sophie A., Schillac (January 25, 2012). ""Johnny Depp, 'The Dark Knight,' 'Lost' Named to IMDb's Top 10 of the Last Decade"". The Hollywood Reporter. Archived from the original on April 22, 2014. Retrieved February 10, 2012.

^ ""Ventimiglia Exerts ""Best Efforts"" When Working on Heroes"". Buddytv.com. December 26, 2007. Archived from the original on February 15, 2009. Retrieved May 27, 2009.

^ a b c Jensen, Jeff (November 7, 2007). ""Heroes creator to fans: I'm super sorry"". Entertainment Weekly. Archived from the original on November 9, 2007. Retrieved November 16, 2007.

^ a b ""Heroes — Season 3 Reviews, Ratings, Credits, and More"". Metacritic. Archived from the original on June 27, 2012. Retrieved June 30, 2012.

^ ""2007 Writers Guild Awards Television & Radio Nominees Announced"" (Press release). Writers Guild of America. December 14, 2006. Archived from the original on December 5, 2007. Retrieved December 14, 2006.

^ ""Hollywood Foreign Press Association Announced the Nominations for the 64th Golden Globe Awards"" (Press release). Hollywood Foreign Press Association. December 14, 2006. Archived from the original on January 8, 2007. Retrieved December 14, 2006.

^ ""Aniston, Depp are People's Choice winners"". Today.com. January 9, 2007. Archived from the original on January 16, 2016. Retrieved January 10, 2007.

^ ""The 38th NAACP Image Awards Nomination Results"" (PDF) (Press release). National Association for the Advancement of Colored People. January 9, 2007. Archived from the original (PDF) on February 28, 2007. Retrieved March 3, 2007.

^ a b c ""The 33rd Annual Saturn Awards Nominations"". The Saturn Awards. Archived from the original on February 21, 2012. Retrieved December 28, 2007.

^ Hinman, Michael (July 19, 2007). ""Heroes Grabs Eight Emmy Nominations"". SyFy Portal. Archived from the original on September 26, 2007. Retrieved July 19, 2007.

^ ""NBC Triumphs At TCA Awards"" (Press release). Television Critics Association. July 21, 2007. Archived from the original on December 10, 2007. Retrieved December 30, 2007.

^ Poniewozik, James (December 17, 2006). ""People Who Mattered 2006: The Cast of Heroes"". Time. Archived from the original on February 5, 2007. Retrieved December 31, 2006.

^ ""Heroes Premiere Delivers NBC's Highest 18–49 Rating for Any Fall Drama Debut in Five Years"" (Press release). The Arizona Republic. September 26, 2006. Archived from the original on March 19, 2013. Retrieved December 22, 2007.

^ ""Ratings: Top 20 in Total Viewers (in Millions)"" (Press release). The Futon Critic. November 28, 2006. Archived from the original on October 9, 2009. Retrieved December 21, 2007.

^ ""Weekly Program Rankings"" (Press release). ABC Medianet. January 30, 2007. Archived from the original on December 21, 2008. Retrieved December 20, 2007.

^ ""Weekly Program Rankings"" (Press release). ABC Medianet. May 15, 2007. Archived from the original on December 21, 2008. Retrieved December 21, 2007.

^ ""Weekly Program Rankings"" (Press release). ABC Medianet. November 13, 2007. Archived from the original on June 18, 2008. Retrieved December 19, 2007.

^ ""Weekly Program Rankings"" (Press release). ABC Medianet. December 11, 2007. Archived from the original on June 18, 2008. Retrieved December 19, 2007.

^ ""Heroes, Chuck: Dramatic seasons, typical finales"". The Live Feed. April 29, 2009. Archived from the original on March 2, 2010.

^ ""Updated TV Ratings: House premieres big Dancing, Heroes & The Jay Leno Show fall"". TV by the Numbers. September 22, 2009. Archived from the original on September 24, 2009. Retrieved September 23, 2009.

^ Keveney, Bill (November 30, 2009). ""Adrian Pasdar 'Has Never Been Better'"". USA Today. Archived from the original on December 4, 2009. Retrieved December 3, 2009.

^ ""Heroes faces uncertain future"". Archived from the original on February 12, 2010.

^ ""Heroes to be renewed for final season?"". Archived from the original on April 15, 2010.

^ Rice, Lynette (May 14, 2010). ""'Heroes' canceled by NBC"". Entertainment Weekly. Archived from the original on July 23, 2010. Retrieved July 24, 2010.

^ Andreeva, Nellie (May 27, 2010). ""Full Series Rankings For The 2009-10 Broadcast Season –"". Deadline Hollywood. Archived from the original on November 11, 2010. Retrieved July 24, 2010.

^ Schneider, Michael (November 27, 2006). ""Inside Move: Rival Blurbsters Find Heroes at NBC"". Variety. Archived from the original on January 30, 2008. Retrieved January 26, 2008.

^ Adalian, Josef (March 8, 2007). ""Subtlety succeeds as NBC spreads buzz"". Variety. Archived from the original on February 3, 2008.

^ ""Extended Interview with Tim Kring of Heroes"". Comic-Con International. Archived from the original on December 14, 2007. Retrieved December 28, 2007.

^ ""Comic-Con 2007: Programming"". Comic-Con International. Archived from the original on January 2, 2008. Retrieved December 28, 2007.

^ ""Heroes World Tour"". NBC. Archived from the original on December 28, 2007. Retrieved December 28, 2007.

^ ""Amazon.co.uk: Heroes – Series 1 Episode 1 : Sampler Disc [2006]: Ali Larter, Hayden Panettiere, Greg Grunberg, Milo Ventimiglia, Adrian Pasdar, Masi Oka: DVD"". Amazon.co.uk. September 3, 2007. Archived from the original on March 12, 2021. Retrieved April 27, 2008.

^ ""Heroes: Season 1 – Part 1 [2006]: Ali Larter, Hayden Panettiere, Greg Grunberg, Milo Ventimiglia, Adrian Pasdar, Masi Oka, Greg Beeman, Allan Arkush: DVD"". Amazon.co.uk. October 2007. Archived from the original on March 14, 2021. Retrieved April 27, 2008.

^ ""Amazon.co.uk: Heroes: Season 1 – Part 2 [2006]: Masi Oka, Greg Grunberg, Ali Larter, Hayden Panettiere, Milo Ventimiglia, Adrian Pasdar, Christopher Eccleston, John Badham, Jack Coleman: DVD"". Amazon.co.uk. December 10, 2007. Archived from the original on July 6, 2023. Retrieved April 27, 2008.

^ ""Amazon.co.uk: Heroes – Season 1 Complete [2006]: Milo Ventimiglia, Adrian Pasdar, Hayden Panettiere, Ali Larter, Masi Oka, Jack Coleman, Greg Grunberg: DVD"". Amazon.co.uk. December 10, 2007. Archived from the original on March 11, 2021. Retrieved April 27, 2008.

^ a b ""Heroes – Season 1 :: Universal Pictures Australia"". Universalpictures.com.au. Archived from the original on October 1, 2011. Retrieved May 27, 2009.

^ ""Heroes – A list of extras for Season 1"". TV Shows On DVD. Archived from the original on July 26, 2009. Retrieved May 27, 2009.

^ ""Universal Unveils Inaugural Slate of Film and TV Offerings Coming to Blu-ray Disc Day and Date With DVD"". PR Newswire. April 17, 2007. Archived from the original on April 20, 2008. Retrieved April 19, 2008.

^ ""Amazon UK"". Amazon.co.uk. Archived from the original on July 14, 2023. Retrieved May 27, 2009.

^ ""Heroes – Season 2 :: Universal Pictures Australia"". Universalpictures.com.au. Archived from the original on October 1, 2011. Retrieved May 27, 2009.

^ ""Heroes — Season Three: Jack Coleman, Hayden Panettiere, Milo Ventimiglia, Masi Oka"". Amazon. September 2009. Archived from the original on July 14, 2023. Retrieved July 24, 2010.

^ ""HEROES S03R4"". Ezydvd.com.au. September 1, 2009. Archived from the original on August 25, 2009. Retrieved July 24, 2010.

^ ""Heroes Season 3 DVD] 2008]: Greg Grunberg, Milo Ventimiglia, Jack Coleman, James Kyson Lee, Zachary Quinto, Hayden Panettiere, Ali Larter, Adrian Pasdar: Amazon.co.uk: DVD"". Amazon.co.uk. Archived from the original on July 14, 2023. Retrieved May 27, 2009.

^ ""Heroes: Season Four: Kristen Bell, Ali Larter: Movies & TV"". Amazon. Archived from the original on July 15, 2023. Retrieved July 24, 2010.

^ ""Heroes Season 4 DVD] 2009"". Amazon.co.uk. Archived from the original on July 6, 2023. Retrieved July 24, 2010.

^ ""Heroes: Complete Series"". Amazon. Archived from the original on February 12, 2021. Retrieved October 2, 2010.

^ ""Les Héros"". TVA. Archived from the original on July 4, 2008. Retrieved June 17, 2008.

^ ""On the fast track | The Courier-Mail"". News.com.au. September 18, 2007. Archived from the original on February 26, 2009. Retrieved May 27, 2009.

^ Knox, David, ""Gone: Prison Break. Bumped: Heroes Archived November 3, 2008, at the Wayback Machine"" TV Tonight, October 31, 2008. Retrieved on October 31, 2008.

^ ""Yahoo Australia | News, email and search"". Retrieved November 5, 2009.[dead link]

^ ""7TWO Air"". Au.tv.yahoo.com. Archived from the original on October 30, 2009. Retrieved July 24, 2010.

^ ""Company credits for Heroes"". IMDb. Archived from the original on October 23, 2007. Retrieved December 26, 2007.

^ ""Weekly Viewing Summary"". Broadcasters' Audience Research Board. Archived from the original on October 5, 2008. Retrieved December 28, 2007.

^ ""Heroes – Episode Guide"". Archived from the original on April 24, 2009. Retrieved August 30, 2009.

^ ""Heroes – Ink Ep 3/10"". BBC Press Office. BBC. Archived from the original on January 16, 2016. Retrieved December 22, 2009.

^ ""Heroes hits series low – Digital Spy"". Archived from the original on February 10, 2010. Retrieved February 10, 2010.

^ Magrino, Tom (July 26, 2007). ""Ubisoft finds Heroes"". GameSpot. Archived from the original on September 29, 2007. Retrieved July 27, 2007.

^ John, Tracey (November 6, 2008). ""Ubisoft Drops Plans For Heroes Game"". MTV Multiplayer. Archived from the original on November 9, 2008. Retrieved November 7, 2008.

^ ""Gameloft and NBC Universal enter worldwide agreement to bring the #1 television drama series Heroes to mobile phones"". Gameloft. March 27, 2007. Archived from the original on February 16, 2008. Retrieved December 28, 2007.

^ supadupagama (August 19, 2007). ""Heroes: The Mobile Game developer walkthrough video"". videogamesblogger.com. Archived from the original on February 20, 2008. Retrieved December 28, 2007.

^ ""Heroes Hardcover Release Date Announced"". IGN. September 5, 2007. Archived from the original on September 10, 2007. Retrieved September 9, 2007.

^ ""Del Rey to publish novel Heroes: Saving Charlie, based on NBC's Emmy and Golden Globe nominated hit series Heroes and its Japanese time traveller Hiro"" (Press release). NBCUniversal. September 18, 2007. Archived from the original on December 14, 2011. Retrieved August 25, 2014.

^ ""Heroes Magazine Issue 1"". Titan Magazines. 2007. Archived from the original on January 10, 2008. Retrieved December 28, 2007.

^ ""Heroes Issue 2 @ Titan Magazines"". Titanmagazines.com. Archived from the original on June 10, 2009. Retrieved May 27, 2009.

^ ""Heroes TV Show on NBC: NBC Official Site"". NBC. Archived from the original on April 12, 2009. Retrieved May 27, 2009.

^ ""Mezco Toys Releases Heroes Action Figures"". TVCrunch. January 11, 2008. Archived from the original on October 2, 2008. Retrieved September 19, 2008.

^ Cochran, Jay (September 19, 2007). ""Mezco Toyz' President Drops By To Talk Some Heroes"". Toy News International. Archived from the original on November 13, 2008. Retrieved September 19, 2008.

^ ""Mezco Announces ""Heroes"" Toys ""R"" Us Exclusive Figures"". MezcoToyz.com. April 2, 2008. Archived from the original on April 14, 2008. Retrieved September 19, 2008.

^ ""Future Hiro Summer Exclusive Available For PreOrder At Mezco Direct"". MezcoToyz.com. May 5, 2008. Archived from the original on February 13, 2012. Retrieved September 19, 2008.

^ ""Heroes Series 2 set of 5 figures"". MezcoDirect.com. 2008. Archived from the original on June 18, 2012. Retrieved September 19, 2008.

^ ""Drama – Heroes – Heroes Unmasked"". BBC. Archived from the original on March 1, 2008. Retrieved May 27, 2009.

^ ""G4 – Heroes – Home"". G4tv.com. Archived from the original on October 7, 2009. Retrieved May 27, 2009.

^ ""Heroes | MOJO"". Mojohd.com. Archived from the original on June 18, 2009. Retrieved May 27, 2009.

^ ""2Dimensions"". BBC Two. 2007. Archived from the original on January 8, 2009. Retrieved December 28, 2007.

^ ""Heroes The Official Radio Show – BBC 7"". BBC. Archived from the original on November 12, 2012. Retrieved June 30, 2012.

^ ""Behind the Eclipse: ""Heroes"" episodes 1–5"". Comic Book Resources. November 23, 2006. Archived from the original on December 13, 2007. Retrieved December 28, 2007.

^ Beeman, Greg (August 4, 2006). ""First Post"". Beaming Beeman. Archived from the original on July 21, 2011. Retrieved December 28, 2007.

^ ""Heroes TV Show on NBC: NBC Official Site"". NBC. NBC. Archived from the original on July 30, 2008. Retrieved May 27, 2009.

^ ""NBC: Video"". NBC. Archived from the original on December 27, 2007. Retrieved December 28, 2007.

^ ""Netflix Online Movie Rentals – Rent DVDs, Classic Films to DVD New Releases"". Netflix.com. Archived from the original on December 27, 2009. Retrieved May 27, 2009.

^ ""Amazon Video"". Amazon. Archived from the original on January 16, 2016. Retrieved November 10, 2012.

^ ""Heroes — Full Episodes and Clips streaming online — Hulu"". Hulu.com. Archived from the original on January 10, 2011. Retrieved January 13, 2011.

^ ""Nbc Digital Entertainment Brings More Video, Original Content And Interactivity For Summer And Fall Season Programming"". Nbcumv.com. April 2, 2008. Retrieved May 27, 2009.[dead link]

^ ""Create Your Hero With Sprint"". M80 Newsroom. Archived from the original on October 8, 2011.

^ ""Create Your Hero"". Archived from the original on August 8, 2008.

^ ""Heroes Wiki Community Portal"". Heroes Wiki. Archived from the original on December 30, 2009. Retrieved February 3, 2009.

^ Southworth, Jason (July 23, 2009). ""With Great Creativity Comes Great Imitation: Problems of Plagiarism and Knowledge"". In Johnson, David K. (ed.). Heroes and Philosophy: Buy the Book, Save the World. John Wiley & Sons. pp. 50, 53–54. ISBN 978-0-470-73039-3.

^ Bar, Beth (December 11, 2007). ""Judge Dismisses ""Absurd"" Copyright Suit Over Heroes"". New York Law Journal. Archived from the original on February 26, 2009. Retrieved January 21, 2008.

^ ""Smack Talk: Heroes Accused of Thievery"". Archived from the original on October 20, 2012. Retrieved July 6, 2022.

","
 heroes is an american superhero drama television series created by tim kring that aired on nbc for four seasons from september           to february          the series tells the stories of ordinary people who discover that they have superhuman abilities and how these abilities take effect in the characters  lives as they work together to prevent catastrophic futures  the series emulates the aesthetic style and storytelling of american comic books  using multi episode story arcs that build upon a larger  more encompassing narrative   it was produced by tailwind productions in association with universal media studios   it was filmed primarily in los angeles  california  
 four complete seasons aired  ending on february           the critically acclaimed first season had a run of    episodes and garnered an average of      million viewers in the united states  receiving the highest rating for an nbc drama premiere in five years   the second season of heroes attracted an average of      million viewers in the u s   and marked nbc s sole series among the top    ranked programs in total viewership for the           season   heroes earned a number of awards and nominations  including primetime emmy awards  golden globes  people s choice awards  and british academy television awards  
 an online extension of the series  heroes     experience  later rebranded as heroes evolutions   was created to explore the heroes universe and provides insight into the show s mythology   other official heroes media include magazines  action figures  tie in and interactive websites  a mobile game  a novel  clothing and other merchandise  in the fall of       nbc digital entertainment released a series of online content for the summer  including more original web content  wireless itv interactivity  graphic novels available for mobile viewing and webisodes  
 a    episode follow up miniseries  heroes reborn  premiered on nbc on september            
 deadline reported in april      that a new series is in development  reportedly titled heroes  eclipsed   
 kring designed the series to have an ever shifting cast  however  his motivation changed when he realized how popular the original cast was with audiences  therefore  he brought back most of the first season cast for the second season  with a few additions who received star billing   in its first season  the show features an ensemble cast of twelve main characters making it the third largest cast in american primetime television behind desperate housewives and lost  although nbc s first season cast page listed only ten characters   leonard roberts  who first appeared in the series  fifth episode as d l hawkins  was an additional member of the original full time cast  in the first season episode  fallout   jack coleman  who portrays noah bennet  was upgraded from a recurring role to become the twelfth full time cast member  
 the following remained major characters during all four seasons 
 starting in season three  recurring character angela petrelli  portrayed by cristine rose  was promoted to a main character   elle  adam  and micah were removed from the main cast  monica dawson did not appear after scenes including her were cut  niki was also written out but actress ali larter remained on the show portraying a new character tracy strauss  niki s triplet sister with the power to freeze objects with a touch   for season four  a new character samuel sullivan  portrayed by robert knepper  was added  cast as a recurring part  the part was changed to a starring role  
 the plot of heroes is designed to be told in a way similar to the comic books stories  each season of heroes contains one or two  volumes   there are several main story lines in each volume  as the main plots develop  smaller  more intimate stories are told within them  each main character s story is developed separately and as time passes their paths cross and it is explained how their stories are intertwined and connected  this is the story of ordinary people who discover extraordinary super powers after a solar eclipse reveals them  and how these abilities affect the characters  daily lives 
 the first season  known as  volume one  genesis   begins with a seemingly ordinary group of people who gradually become aware that they have special abilities  the story develops showing their reactions to those powers  and how that discovery affects their personal and professional lives  at the same time  several ordinary individuals are investigating the origins and extent of those abilities  mohinder suresh  sendhil ramamurthy   a research geneticist  continues his late father s research into the biological source of the powers  while noah bennet  jack coleman  represents  and is a lead agent for  a secret organization known only as  the company  that wants to control  and if necessary  terminate those who are gifted  after only having a short time to come to terms with their new abilities  each of the heroes is drawn into the final showdown  they must each do their part to stop the destruction of the world that starts with an impending explosion at kirby plaza in new york city 
 season two  known as  volume two  generations    begins four months after the events at kirby plaza  the main plot of generations deals with the company and its research on the shanti virus  in a flashback to       the research is performed by the company s founders  whose identities are eventually revealed  to discover what the effects of various strains of the virus will do to the human and superhuman population  the virus is weaponized and locked away at primatech paper  the company s facility used as a front  returning to the present  the heroes must come together in an attempt to stop the release of a deadly strain of the virus and avert a global pandemic 
 the first part of season three is called  volume three  villains   volume three begins with an assassination attempt on nathan petrelli  adrian pasdar   a political figure who can fly  and explores its consequences  meanwhile  several villains escape from the confines of level    a maximum security area owned and operated by the company within primatech  and noah bennet attempts to recapture them  arthur petrelli  robert forster   nathan s father  heals from systemic nerve damage and aims to create a formula to give ordinary people superhuman abilities  simultaneously stealing peter s powers  the second part of season three   volume four  fugitives   reveals what happens after nathan fails to produce the formula  after the destruction of primatech and pinehearst  the rival company of primatech  the heroes attempt to lead normal lives until nathan initiates his plan to round up all people with abilities  he is opposed in that plan by the other heroes  led by peter  who used the synthetic formula to acquire a new ability where he can only copy one power at a time as opposed to his previous array of abilities  sylar kills nathan in an intense duel  however  because nathan is a prominent political player  matt parkman  greg grunberg   who has power over people s minds  is instructed to alter sylar s mind so that he will believe that he is nathan and take his place  utilising sylar s new powers of shapeshifting and psychometry to take on nathan s appearance while his psychometry would  fill in the blanks  on other details  this has a negative side effect causing sylar s consciousness to become trapped in matt parkman s mind 
 season four contains  volume five  redemption   and takes place six weeks after the events of season three  the heroes try to return to their normal lives  peter returns to his job as a paramedic  while claire attends college  sylar s body is causing his previously acquired abilities to manifest as he struggles with his forced identity as nathan  sylar s actual consciousness  trapped in matt parkman s mind  taunts matt and seeks out his own body  meanwhile  hiro has to deal with a brain tumor that is slowly killing him and preventing him from controlling his powers  a carnival group is introduced whose leader  samuel  tries to recruit more people with abilities into his carnival family  samuel claims he is creating a community for special people where they are welcome to be open with their abilities and respected by outsiders  in truth  he is bringing together as many people with abilities as possible to build up his own power  moving earth  the more special people he has around him  the stronger his power  the heroes have to come together to battle samuel and his plan to expose  specials  to the world by killing thousands of people  the series finale ends by opening the nonexistent  volume six  brave new world  in which claire reveals the existence of people with special abilities to a group of reporters and photographers 
the series mimics how it started  with the last scene involving claire bennet jumping from a ferris wheel and stating   my name is claire bennet  and that was attempt number i guess i ve kind of lost count  
 heroes began development early in       when tim kring  creator of nbc s crossing jordan  came up with the show s concept  kring wanted to create a  large ensemble saga  that would connect with the audience  he began thinking about how big  scary and complicated he felt the world is  and wanted to create a character driven series about people who could do something about it  kring felt that a cop or medical drama did not have characters that were big enough to save the world  he came up with the thought of superheroes  ordinary people who would discover extraordinary abilities  while still rooted in the real world and in reality  each episode of the series cost    million to produce  
 casting directors jason la padura and natalie hart brought forth a cast of new faces such as milo ventimiglia  who described the tv pilot as a  character drama about everyday people with a heightened reality   said heightened reality was brought to light through the work of production designer ruth ammon  kring wanted the series to have touchstones that involved the characters and the world they lived in   
 before he began putting his ideas together  he spoke with lost executive producer damon lindelof  with whom he had worked for three years on crossing jordan  kring credits lindelof for giving him ideas on how to pitch the series to the network and advice on the lessons he  lindelof  learned about working on a serialized drama  the two still speak and support each other s projects     when kring pitched the idea for heroes to the nbc network  he described the network s reaction as  excited   very supportive    he comments that he has been partners with nbc for some time based on his six year run as showrunner for crossing jordan   when he pitched the pilot  he described every detail  including the cliffhanger ending  when nbc executives asked him what was going to happen next  kring responded   well  you ll just have to wait and find out    after the project was greenlit  a special    minute version of the pilot was first screened to a large audience at the      san diego comic con   it was initially reported that this unaired pilot would not be released  but it was included on the season one dvd set  
 when the writing team worked on an episode  each writer took a character and wrote the individual scenes surrounding them  these stories were then combined and given to the episode writer  this system allowed every writer to contribute to every episode   and enabled the writing team to finish scripts sooner  so the filming crew could shoot more scenes at a location   kring described the writing process as a collaborative one and stated that the collaboration process was important because production needed to shoot several scenes at a single location  to do this  several scripts had to be ready  jesse alexander  co producer and writer  explained that this process was important in a serialized drama because one has to know where each character s development is heading  
 season two coincided with the wga writers  strike  meaning only    out of the planned    episodes were produced   that forced the producers to redesign the season to encompass only the generations volume out of the three planned   the planned third volume  exodus   which was designed to be a story arc reflecting the effects of the release of strain     of the shanti virus  was cancelled  the planned fourth volume  villains  was changed to the third volume and moved into season three   scenes from the volume two finale   powerless   were reshot to reflect the cancelation of the exodus volume  and to tie up all the loose plot storylines of generations   
 following criticisms of the second and third volumes  tim molloy from tv guide reported that heroes would return to its roots with the fourth volume  fugitives  to attract new viewers and regain those who gave up on the show because of too many characters and plotlines   in november       nbc fired jesse alexander and jeph loeb from the production staff of heroes over creative differences and budget problems   as a result  kring would refocus the series on character development and simple storytelling   however  a high ranking insider told tv guide that rather than pressure from nbc or universal media responding to recent plummeting ratings  it was kring himself who fired alexander and loeb  because the duo refused to continue character driven stories that made the first season popular from the start   in december       bryan fuller signed a two year deal with universal media studios after the cancellation of his abc series pushing daisies   he rejoined the writing staff of heroes starting with the   th episode of season three and had a  key role in the writing and direction  of the series   on june    it was revealed that fuller left heroes to work on other projects   on april           director producer greg beeman was fired by nbc  
 the series score is composed by wendy melvoin and lisa coleman  with music engineer michael perfitt  and vocals provided by shankar  each episode averages       minutes of music  melvoin and coleman became involved with heroes from their previous work with executive producer allan arkush   kring gave general instructions to the pair  including the emotion and direction for each character  kring wanted incredibly unusual music and gave melvoin and coleman a lot of freedom and permission to experiment  citation needed  in the pilot episode  kring suggested that a  dreamy  cue be used in the scene involving claire bennet running into a burning train  the  dreamy  cue became a signature piece of the show  melvoin and coleman developed musical cues for each character  claude s theme involved wind and voices to create the feeling of a ghost like presence  sylar s involves marimbas and bassoons with staccato to re create the sound of clocks ticking in reference to the character s power  matt parkman s theme involves voices being played backwards when he uses his power of telepathy  peter petrelli s theme involves marcato strings  niki sanders s theme was based on her character s alter ego jessica and involved winds and indian voices chanting in an underscore to give a feeling that she was possessed  mohinder suresh s theme is the piano composition that plays at the end of some episodes  
 in       the ascap film and television music awards gave melvoin and coleman the top television series award for their work on heroes   in france  the theme music of heroes is composed by victoria petrosillo   her song   le h ros d un autre   is used by television network tf  to replace the show s original incidental music  the network created a new opening credit sequence so they could play petrosillo s theme   the official heroes soundtrack was released on march           by the nbcuniversal television  dvd  music   consumer products group  on february           the group released five music videos created by heroes producer director allan arkush  each combining show footage with songs from the soundtrack     in september       melvoin and coleman announced that they would be releasing heroes  original score  an album consisting entirely of the score from heroes   it was released on april           by la la land records  
 eric grenaudier and john han of stargate digital are the visual effects supervisors and mark spatny  is the visual effects producer for heroes  they work with visual effects animators anthony ocampo and ryan wieber  who are also from stargate    the series visual effects consist of blue screens and  d and  d animation  the visual effects for the series are created after the scene is shot in post production  unlike special effects  which are incorporated into the scenes during filming   notable visual effects include radioactive ted in  company man   nathan flying from mr  bennet and the haitian in  hiros   and hiro s time freezing encounter with the schoolgirl in the red bow in  one giant leap    the special effects were coordinated by gary d amico  stunts were coordinated by ian ouinn  who also used blue screens to accomplish some of the stunts in the series  such as nathan petrelli flying away from heidi during the car accident scene in  six months ago   principal filming for heroes occurred in los angeles and santa clarita  california   the stargate digital team were  responsible for making los angeles look like international locations  such as india and ukraine  using blue screens and set designs by ruth ammon  production designer for the series   the series was recorded using a single camera setup 
 in keeping with the comic book thematic elements used on heroes  professional comic book artists tim sale and alex maleev were brought in to provide the artwork used within the series under the direction of ruth ammon  including the artwork of isaac mendez  and mendez s metafictional comic book series   th wonders    additionally  the font used in captions and credits for the show is reminiscent of traditional hand rendered comic book lettering  it was created by sale and is based on his handwriting style   heroes was designed by production designer ruth ammon  ammon was nominated for her work on heroes twice by the art directors guild and nominated for two emmy awards for excellence in art direction 
 on may           nbc announced that it would air a six episode heroes spin off  heroes  origins  during the         season   the show was to introduce a new character each week  and viewers were to select which one would stay for the following season of the regular series   the show was supposed to air after the completion of the second season of heroes in april        however  on october           it was reported that origins had been postponed because of the writers guild of america strike   kring stated in an interview that the first episode of origins was to reveal the secrets and meanings behind the helix symbol  because of the wga strike  kring commented that the secret will have to be revealed down the line  kring revealed that he was to write the first episode of origins  and that john august had been hired to write another episode   director kevin smith  a fan of heroes  was set to write and direct an episode for the spin off   as were eli roth and michael dougherty   on april          a day after nbc announced its           primetime schedule  ben silverman confirmed origins s cancellation  
 heroes includes some mysterious fictional recurring elements that have been ascribed to science fiction or supernatural phenomena  kring and the creators of the series referred to these fictional elements as part of the mythology of the series  kring confirmed that although the show has a unique mythology  he did not want to sink too deeply into it  rather  kring used volumes to wrap up ongoing plot lines instead of carrying storylines over long periods of time as in lost   among the show s mythological elements are the company  the legend of takezo kensei  paintings of the future  superpowers and their origins  the shanti virus   th wonders  comic book  and numerous other elements and mythological themes 
 season one received highly positive reviews  during the season  the american film institute named heroes one of the ten  best television programs of the year    doug elfman of the chicago sun times stated   the show s super strengths are its well developed filmmaking  smooth pacing and a perfect cast  it views like the first hour of a fun  thoughtful movie   barry garron at the hollywood reporter also stated   heroes is one of tv s most imaginative creations and might  with luck  become this year s lost    less favorable reviews included the philadelphia inquirer  who commented that although the show had lots of  cool effects   it  lands  splat  in a pile of nonsense and dim dialogue   in response to the first pod of season one episodes  the chicago tribune went as far as saying   you could watch the first few episodes of heroes  or you could repeatedly hit yourself on the head with a brick  the effect is surprisingly similar    at metacritic  the heroes pilot received a         with generally favorable reviews from critics   the show was declared the fourth highest rated show for the first ten years of imdbpro              
 season two received generally positive reviews  but was criticized by commentators and fans for a much slower pace  less engaging storyline and lack of focus compared to the first season  milo ventimiglia stated that  when there s a little bit of a delay  there s not that instant  rewarding scene or moment or episode    people get impatient  so it has been extremely important for them to strike a balance between giving and getting    in an interview with entertainment weekly  heroes creator tim kring commented on criticisms of season two  and the series      decline in ratings   kring said that he felt he had made mistakes with the direction of season two  he had thought that the audience was looking for a  build up of characters and the discovery of their powers   when viewers were instead looking for  adrenaline   kring also outlined what he felt were problems with plot development  stating that season two  took too long to get to the big picture story   explaining that peter s vision of the viral armageddon should have occurred in the first episode instead of the seventh  he feels that it would have been better to introduce new characters within the context of the main storyline  as with elle  rather than in unattached arcs such as that of maya and alejandro  kring also admitted that he should have resolved the  hiro in japan  storyline much more quickly  and that the romantic stories were not working well  with regard to claire and west  and hiro and yaeko  he said   i ve seen more convincing romances on tv  in retrospect  i don t think romance is a natural fit for us   
 for season    los angeles times said  even just a half hour in  it s difficult not to wish everyone would just lighten the heck up  the graphic novel noir feel is becoming increasingly oppressive  and everyone is just so grim    new york post wrote  this show  which was once so thrilling and fun  has become full of itself  its characters spouting crazy nonsense   
 by the time heroes completed the first half of the first season  the show had already collected an assortment of honors and accolades  on december           the writers guild of america nominated the program for  best new series  of        on december     the hollywood foreign press association nominated the program for a golden globe award for best television drama  and nominated masi oka  hiro nakamura  for best supporting actor on a tv series   on january          heroes won the award for favorite new tv drama at the   rd people s choice awards   the national association for the advancement of colored people nominated heroes on january          for an image award in the  outstanding drama series  category   on february           heroes was nominated for five saturn awards  the nominations included  best network television series    best supporting actor in a television series  for both greg grunberg and masi oka  and  best supporting actress in a television series  for hayden panettiere and ali larter   on february           it was announced that heroes was again nominated for five saturn awards  the nominations for      include  best network television series    best supporting actor in a television series  for both greg grunberg and masi oka   best supporting actress in a television series  for hayden panettiere  and  best television series on dvd   the      nominations are similar to the      nominations  except ali larter was not nominated this year  instead the heroes season one dvd was nominated  in a different category  
 on july           the academy of television arts   sciences announced their nominations for the      primetime emmy awards  heroes was nominated in eight categories  including outstanding drama series  the first episode   genesis   earned six nominations  outstanding directing  david semel   outstanding art direction for a single camera series  outstanding single camera picture editing for a drama series  outstanding sound mixing for a comedy or drama series  and outstanding stunt coordination  the episode  five years gone  also received a nomination for outstanding visual effects for a series  masi oka was nominated for outstanding supporting actor in a drama series   on september           the   th primetime emmy awards were held and heroes failed to win a single emmy award despite the eight nominations  on july           the television critics association awarded heroes with the prestigious outstanding program of the year title during their   rd annual tca awards ceremony   the cast of heroes was named in the      time magazine s person of the year issue under  people who mattered   
 the pilot episode generated      million viewers   with the season high topping out at       million viewers for episode     when the series returned from hiatus on january           the ratings averaged about the same as the pilot with      million viewers   when the show went on a second hiatus during the first season  from march          to april             weeks   ratings hit a new low  the lowest being       million viewers during part one of the three part finale   the hard part    in season two  the opener gained the highest rating of the entire series  however  week by week  the ratings declined  reaching another new low for the series on episode seven   out of time   with only      million viewers  although the ratings were lower than average  this episode was considered to be a turning point for the declining season  as a major plot twist was introduced and the volume s  big picture storyline  was presented    the season two volume   finale generated       million viewers in the ratings  down more than   million viewers from the season opener and series pilot  
 while the show premiered with high ratings  ratings slowly diminished throughout its run  the first episode of season two was the highest viewed  whereas each successive season had fewer viewers than the one preceding it 
 season three of heroes started with strong ratings that dropped steadily throughout the season  the season s finale placed last in its timeslot  
 the season four premiere of heroes was the lowest rated episode of the series to that point  averaging     million viewers   despite the season s low ratings  executive producer tim kring was  fully expecting  a fifth season   however  while creator kring was hopeful over the show s future  many media insiders were not so confident  there was growing speculation on some news sites that nbc would cancel the series at the conclusion of its fourth season  or that it might renew the show for a fifth and final season by ordering either   or    episodes and possibly airing them as a backup or mid season replacement   on may           nbc made it official that heroes was indeed cancelled  
 following the debut of heroes in       the tagline save the cheerleader  save the world was recognized within the television industry as an effective marketing device   in       nbc also created a heroes parody titled zeroes  zeroes  which was released as a viral video on sites including youtube  features parodies including four chapters and an open audition  development and production of the project was kept secret from kring   nbc hosted panels at the                   and      san diego comic con to promote the series  major announcements have been made during the panel  along with sneak peeks of forthcoming seasons  in       the heroes panel presented the entire season one    minute pilot  in      the first half of the season three premiere was shown  comic con also allows the cast and crew to answer questions from the press and from fans    on july           kring announced that cast and crew members of heroes would travel the world for the heroes world tour to promote the season one dvd release and the forthcoming season two  the tour took place in north america  new york and toronto   asia  singapore  tokyo  and hong kong  and europe  munich  paris and london   the tour began on august     and ended on september           the post hardcore bands alesana and i see stars have both respectively named songs after the show   this is usually the part where people scream  and  save the cheerleader  
 the first dvd release of heroes was a sampler disc  containing only the first episode  and was released in ireland and the uk on september           uk region   split heroes into two halves on its initial release  part one being released on october          and part two on december             when the second part was released  a complete first season boxset was also released on the same day on both dvd and hd dvd formats  the complete first season dvd includes nearly   hours of bonus features including  an extended    minute version of the pilot episode with audio commentary     deleted and extended scenes  behind the scenes featurettes  including the making of heroes  stunts  a profile of artist tim sale  and the score  and audio commentaries with cast  crew and kring   on february           the heroes season one dvd was nominated for a      saturn award  in the category of  best television series on dvd    the complete first season was released in usa and canada on august            it was released in australia and new zealand on september           
 universal studios home entertainment and sony pictures home entertainment has announced that the first and second seasons would be released on blu ray on august           the same date as the dvd release of the second season  specifications and bonus features include  generations alternate ending  inside the alternate ending  what if peter didn t catch the virus   untold stories that didn t make it on air  season three sneak peek  deleted scenes  a documentary on takezo kensei  behind the scenes featurettes  nbc com featurettes  and audio commentaries with cast  crew and show creator tim kring   the complete second season was released on july           in the uk   season   was released on october          in new zealand and australia  
 the season   dvd box set was released in north america on september           and in australia on september          with an alternative cover   and in the uk on october           
 the season   dvd box set was released on august          in the us  and on october          in the uk  
 the complete series dvd box set was released on november           in the us  
 in canada  heroes episodes run concurrently with the nbc first run on the global television network  mondays at    p m  et  a canadian french dubbed version of season one also airs on tva  thursdays at      p m  and two episodes of season two on myst re  addiktv   mondays at      p m  
 the first season aired in australia on the seven network wednesday nights at      p m  the series debuted strongly  attracting more than   million viewers in five of the capital cities  to keep viewer numbers high the seven network began showing the second season on thursday nights at      p m  across all areas  a week after the us screening   the third season began airing on october          and volume   began airing on april            because of low ratings  it was pushed back half an hour to       p m  after scrubs and the season concluded july          the sci fi  available through foxtel  optus tv and austar  screened season two re runs in late       from june       season three is screening on the sci fi channel in australia  season four aired  approximately one month behind the us  on seven s new digital channel  two  on november          at the new time of wednesdays      p m  it started with the double premiere and had double episode runs instead of one episode a week  until it caught up to the us  after that it began to air episodes once a week at      p m    it currently airs on thursdays      p m  on  two 
 in the united kingdom  the series first aired on february           on digital channel sci fi uk   the series averaged         viewers  which is almost four times more viewers than those of other programs on sci fi uk   the series was then picked up by the bbc  which gave season one its terrestrial premiere from july    to december          on bbc two   season two of heroes first aired from april    to july          on bbc two  attracting around     million viewers  season three began on october          and gained      million viewers  citation needed  season four began on january           but viewership as of february   had declined to just      million  
 in indonesia  season   aired on trans tv on weeknights starting from january           at      p m  wib  all subsequent seasons aired on trans  on wednesdays starting from august          at      p m  wib 
 ubisoft announced that they had licensed the rights to produce a heroes video game   however  the company later chose to give the rights back to nbcuniversal   gameloft released the first heroes mobile game on october          it consists of   levels and playable characters include hiro nakamura  niki sanders and peter petrelli   
 each week  nbc released a heroes webcomic  the comics gave additional character background and plot information not shown in the television episodes  the graphic novels continued on a weekly basis during the show s      summer hiatus  wildstorm  a subsidiary of dc comics  released them in published form on november           the first collected volume included novels       and featured two different covers by alex ross and jim lee as well as an introduction by masi oka and artwork by tim sale  the second volume included        it has an advertisement for a third volume  that would at least have         and more  and it was scheduled for fall       for unknown reasons  the third volume has not been released 
 on december           the only heroes novel was published  titled saving charlie  written by aury wallington  who wrote the book with the full cooperation of the heroes writing staff  the novel revolves around the relationship of hiro nakamura and charlie andrews  when hiro went back in time six months to attempt to save her  
 titan magazines released the first issue of heroes magazine on november           it is the first of a series of six  slated to be released bi monthly  the first issue is a     page premiere issue  feature articles include a cast group interview  a secret origins featurette  and a season one episode guide   greg beeman  executive producer of heroes has confirmed that this is an official heroes release  with the full support and cooperation of tim kring and the rest of the heroes production team    the magazine ceased publication with the twelfth issue 
 mezco announced at toy fair      that they would be producing a line of action figures based on the television show heroes    the first series  series i  includes peter petrelli  claire bennet  hiro nakamura  sylar and mohinder suresh    the second series  series ii  includes niki sanders jessica sanders  noah bennet  daniel linderman  matt parkman  with molly walker  and claude  
 heroes unmasked is a series on bbc that goes behind the scenes of the production of heroes  many details of heroes are revealed  among them are props  set design  blue and green screen animation  and special effects and costuming  the first two series of this show were narrated by anthony head  the third by santiago cabrera   american network g  began airing heroes episodes on november          along with an american version of heroes unmasked titled the post show  the series  aired following heroes  included interviews  live viewer commentary  interactive polls  behind the scenes footage and other heroes content   american network mojo hd also aired heroes episodes in high definition   however  that network left the air at the start of december       and on the day and date of mojo s discontinuation g  launched their hd simulcast feed  thus now carrying the show in both regular and high definition forms 
 in november       the bbc made four short    dimensional  films where actors from the series look through a     shaped hole into a room that reflects the character they play in heroes   a new short was revealed just before episode one of season three aired on bbc   featuring masi oka staring into an anime styled montage of hiro 
 bbc radio   broadcast  heroes the official radio show  with jon holmes  every saturday at      on bbc  dab digital radio  the program was also available as a podcast  
 the heroes production team also has official series content on the internet  writers joe pokaski and aron coleite hold a  question and answer  column hosted by comic book resources titled  behind the eclipse    show producer and director greg beeman also posts weekly on his blog where he discusses how the episode is filmed and gives spoilers for the upcoming episode  
 heroes evolutions  released on january           is a digital extension of the series that explores the heroes universe and provides clues to the show s mythology  it was titled heroes     experience throughout the first season and rebranded for the second season   heroes interactive is an interactive web page that began operation on january           during the airing of  the fix   hosted at nbc com  it offers behind the scenes information  polls  trivia  and quizzes  as well as recent posts by hana gitelman  the features air once a week  and are designed to be viewed concurrently with that week s episode  
 complete episodes of heroes are available online  to us residents only  along with downloads through the  nbc direct  service   episodes are also available on itunes in    p high definition  although they were unavailable for a few months when nbc and apple inc  were unable to come to a renewal deal  seasons          and   are currently available for streaming via subscription on netflix   amazon video   and hulu plus  
 nbc universal announced on april          that nbc digital entertainment would release a series on online content for the summer and fall of       including more original web content and webisodes  heroes webisodes are expected to air through an extension of the heroes evolutions in july  other media and digital extensions announced include an online manhunts for the villains  the addition of more micro sites that allow the users to uncover more of the heroes universe  wireless itv interactivity and the ability to view the graphic novel on mobile platforms  
 create your hero is a fan based  interactive promotion on nbc com  which calls upon heroes fans to vote on various personalities and physical attributes for the creation of a new hero  the new hero   comes  to life  in an original  live action series run exclusively on nbc com  the promotion is sponsored by sprint   the first hero created by this process  santiago  has the dual powers of enhanced probability and superhuman speed  he began appearing in the live action web series  heroes  destiny  on november           sweeps week    on october           heroes wiki announced that it had officially partnered with nbc  nbc now directs those interested in a wiki on heroes to heroes wiki  and directly funds the site in exchange for the site running advertisements for the network  
 the show has been described as having a very similar setting to rising stars  a comic that debuted in       which led to some discussion of whether heroes was plagiarizing ideas from the rising stars  heroes creator  tim kring  addressed this directly when asked about it some time after his show premiered by stating that he has never read rising stars  and that he purposefully refused to familiarize himself with a number of superhero related works to avoid such accusations of improper inspiration  
 on march           clifton mallery and amnau karam eele filed suit against nbc and tim kring claiming that the idea for isaac mendez  who can paint the future  was stolen from a short story  painting and short film that they had produced  the suit was dismissed  on december           the new york law journal reported on mallery v  nbc universal  quoting from southern district judge denise cote s opinion that  the line between mere  ideas  and protected  expression  is  famously difficult to fix precisely    and stating that heroes was not close to infringing   
","['heroes', 'american', 'superhero', 'drama', 'television', 'series', 'created', 'tim', 'kring', 'aired', 'nbc', 'four', 'seasons', 'september', 'february', 'series', 'tells', 'stories', 'ordinary', 'people', 'discover', 'superhuman', 'abilities', 'abilities', 'take', 'effect', 'characters', 'lives', 'work', 'together', 'prevent', 'catastrophic', 'futures', 'series', 'emulates', 'aesthetic', 'style', 'storytelling', 'american', 'comic', 'books', 'using', 'multi', 'episode', 'story', 'arcs', 'build', 'upon', 'larger', 'encompassing', 'narrative', 'produced', 'tailwind', 'productions', 'association', 'universal', 'media', 'studios', 'filmed', 'primarily', 'los', 'angeles', 'california', 'four', 'complete', 'seasons', 'aired', 'ending', 'february', 'critically', 'acclaimed', 'first', 'season', 'run', 'episodes', 'garnered', 'average', 'million', 'viewers', 'united', 'states', 'receiving', 'highest', 'rating', 'nbc', 'drama', 'premiere', 'five', 'years', 'second', 'season', 'heroes', 'attracted', 'average', 'million', 'viewers', 'marked', 'nbc', 'sole', 'series', 'among', 'top', 'ranked', 'programs', 'total', 'viewership', 'season', 'heroes', 'earned', 'number', 'awards', 'nominations', 'including', 'primetime', 'emmy', 'awards', 'golden', 'globes', 'people', 'choice', 'awards', 'british', 'academy', 'television', 'awards', 'online', 'extension', 'series', 'heroes', 'experience', 'later', 'rebranded', 'heroes', 'evolutions', 'created', 'explore', 'heroes', 'universe', 'provides', 'insight', 'show', 'mythology', 'official', 'heroes', 'media', 'include', 'magazines', 'action', 'figures', 'tie', 'interactive', 'websites', 'mobile', 'game', 'novel', 'clothing', 'merchandise', 'fall', 'nbc', 'digital', 'entertainment', 'released', 'series', 'online', 'content', 'summer', 'including', 'original', 'web', 'content', 'wireless', 'itv', 'interactivity', 'graphic', 'novels', 'available', 'mobile', 'viewing', 'webisodes', 'episode', 'follow', 'miniseries', 'heroes', 'reborn', 'premiered', 'nbc', 'september', 'deadline', 'reported', 'april', 'new', 'series', 'development', 'reportedly', 'titled', 'heroes', 'eclipsed', 'kring', 'designed', 'series', 'ever', 'shifting', 'cast', 'however', 'motivation', 'changed', 'realized', 'popular', 'original', 'cast', 'audiences', 'therefore', 'brought', 'back', 'first', 'season', 'cast', 'second', 'season', 'additions', 'received', 'star', 'billing', 'first', 'season', 'show', 'features', 'ensemble', 'cast', 'twelve', 'main', 'characters', 'making', 'third', 'largest', 'cast', 'american', 'primetime', 'television', 'behind', 'desperate', 'housewives', 'lost', 'although', 'nbc', 'first', 'season', 'cast', 'page', 'listed', 'ten', 'characters', 'leonard', 'roberts', 'first', 'appeared', 'series', 'fifth', 'episode', 'hawkins', 'additional', 'member', 'original', 'full', 'time', 'cast', 'first', 'season', 'episode', 'fallout', 'jack', 'coleman', 'portrays', 'noah', 'bennet', 'upgraded', 'recurring', 'role', 'become', 'twelfth', 'full', 'time', 'cast', 'member', 'following', 'remained', 'major', 'characters', 'four', 'seasons', 'starting', 'season', 'three', 'recurring', 'character', 'angela', 'petrelli', 'portrayed', 'cristine', 'rose', 'promoted', 'main', 'character', 'elle', 'adam', 'micah', 'removed', 'main', 'cast', 'monica', 'dawson', 'appear', 'scenes', 'including', 'cut', 'niki', 'also', 'written', 'actress', 'ali', 'larter', 'remained', 'show', 'portraying', 'new', 'character', 'tracy', 'strauss', 'niki', 'triplet', 'sister', 'power', 'freeze', 'objects', 'touch', 'season', 'four', 'new', 'character', 'samuel', 'sullivan', 'portrayed', 'robert', 'knepper', 'added', 'cast', 'recurring', 'part', 'part', 'changed', 'starring', 'role', 'plot', 'heroes', 'designed', 'told', 'way', 'similar', 'comic', 'books', 'stories', 'season', 'heroes', 'contains', 'one', 'two', 'volumes', 'several', 'main', 'story', 'lines', 'volume', 'main', 'plots', 'develop', 'smaller', 'intimate', 'stories', 'told', 'within', 'main', 'character', 'story', 'developed', 'separately', 'time', 'passes', 'paths', 'cross', 'explained', 'stories', 'intertwined', 'connected', 'story', 'ordinary', 'people', 'discover', 'extraordinary', 'super', 'powers', 'solar', 'eclipse', 'reveals', 'abilities', 'affect', 'characters', 'daily', 'lives', 'first', 'season', 'known', 'volume', 'one', 'genesis', 'begins', 'seemingly', 'ordinary', 'group', 'people', 'gradually', 'become', 'aware', 'special', 'abilities', 'story', 'develops', 'showing', 'reactions', 'powers', 'discovery', 'affects', 'personal', 'professional', 'lives', 'time', 'several', 'ordinary', 'individuals', 'investigating', 'origins', 'extent', 'abilities', 'mohinder', 'suresh', 'sendhil', 'ramamurthy', 'research', 'geneticist', 'continues', 'late', 'father', 'research', 'biological', 'source', 'powers', 'noah', 'bennet', 'jack', 'coleman', 'represents', 'lead', 'agent', 'secret', 'organization', 'known', 'company', 'wants', 'control', 'necessary', 'terminate', 'gifted', 'short', 'time', 'come', 'terms', 'new', 'abilities', 'heroes', 'drawn', 'final', 'showdown', 'must', 'part', 'stop', 'destruction', 'world', 'starts', 'impending', 'explosion', 'kirby', 'plaza', 'new', 'york', 'city', 'season', 'two', 'known', 'volume', 'two', 'generations', 'begins', 'four', 'months', 'events', 'kirby', 'plaza', 'main', 'plot', 'generations', 'deals', 'company', 'research', 'shanti', 'virus', 'flashback', 'research', 'performed', 'company', 'founders', 'whose', 'identities', 'eventually', 'revealed', 'discover', 'effects', 'various', 'strains', 'virus', 'human', 'superhuman', 'population', 'virus', 'weaponized', 'locked', 'away', 'primatech', 'paper', 'company', 'facility', 'used', 'front', 'returning', 'present', 'heroes', 'must', 'come', 'together', 'attempt', 'stop', 'release', 'deadly', 'strain', 'virus', 'avert', 'global', 'pandemic', 'first', 'part', 'season', 'three', 'called', 'volume', 'three', 'villains', 'volume', 'three', 'begins', 'assassination', 'attempt', 'nathan', 'petrelli', 'adrian', 'pasdar', 'political', 'figure', 'fly', 'explores', 'consequences', 'meanwhile', 'several', 'villains', 'escape', 'confines', 'level', 'maximum', 'security', 'area', 'owned', 'operated', 'company', 'within', 'primatech', 'noah', 'bennet', 'attempts', 'recapture', 'arthur', 'petrelli', 'robert', 'forster', 'nathan', 'father', 'heals', 'systemic', 'nerve', 'damage', 'aims', 'create', 'formula', 'give', 'ordinary', 'people', 'superhuman', 'abilities', 'simultaneously', 'stealing', 'peter', 'powers', 'second', 'part', 'season', 'three', 'volume', 'four', 'fugitives', 'reveals', 'happens', 'nathan', 'fails', 'produce', 'formula', 'destruction', 'primatech', 'pinehearst', 'rival', 'company', 'primatech', 'heroes', 'attempt', 'lead', 'normal', 'lives', 'nathan', 'initiates', 'plan', 'round', 'people', 'abilities', 'opposed', 'plan', 'heroes', 'led', 'peter', 'used', 'synthetic', 'formula', 'acquire', 'new', 'ability', 'copy', 'one', 'power', 'time', 'opposed', 'previous', 'array', 'abilities', 'sylar', 'kills', 'nathan', 'intense', 'duel', 'however', 'nathan', 'prominent', 'political', 'player', 'matt', 'parkman', 'greg', 'grunberg', 'power', 'people', 'minds', 'instructed', 'alter', 'sylar', 'mind', 'believe', 'nathan', 'take', 'place', 'utilising', 'sylar', 'new', 'powers', 'shapeshifting', 'psychometry', 'take', 'nathan', 'appearance', 'psychometry', 'would', 'fill', 'blanks', 'details', 'negative', 'side', 'effect', 'causing', 'sylar', 'consciousness', 'become', 'trapped', 'matt', 'parkman', 'mind', 'season', 'four', 'contains', 'volume', 'five', 'redemption', 'takes', 'place', 'six', 'weeks', 'events', 'season', 'three', 'heroes', 'try', 'return', 'normal', 'lives', 'peter', 'returns', 'job', 'paramedic', 'claire', 'attends', 'college', 'sylar', 'body', 'causing', 'previously', 'acquired', 'abilities', 'manifest', 'struggles', 'forced', 'identity', 'nathan', 'sylar', 'actual', 'consciousness', 'trapped', 'matt', 'parkman', 'mind', 'taunts', 'matt', 'seeks', 'body', 'meanwhile', 'hiro', 'deal', 'brain', 'tumor', 'slowly', 'killing', 'preventing', 'controlling', 'powers', 'carnival', 'group', 'introduced', 'whose', 'leader', 'samuel', 'tries', 'recruit', 'people', 'abilities', 'carnival', 'family', 'samuel', 'claims', 'creating', 'community', 'special', 'people', 'welcome', 'open', 'abilities', 'respected', 'outsiders', 'truth', 'bringing', 'together', 'many', 'people', 'abilities', 'possible', 'build', 'power', 'moving', 'earth', 'special', 'people', 'around', 'stronger', 'power', 'heroes', 'come', 'together', 'battle', 'samuel', 'plan', 'expose', 'specials', 'world', 'killing', 'thousands', 'people', 'series', 'finale', 'ends', 'opening', 'nonexistent', 'volume', 'six', 'brave', 'new', 'world', 'claire', 'reveals', 'existence', 'people', 'special', 'abilities', 'group', 'reporters', 'photographers', 'series', 'mimics', 'started', 'last', 'scene', 'involving', 'claire', 'bennet', 'jumping', 'ferris', 'wheel', 'stating', 'name', 'claire', 'bennet', 'attempt', 'number', 'guess', 'kind', 'lost', 'count', 'heroes', 'began', 'development', 'early', 'tim', 'kring', 'creator', 'nbc', 'crossing', 'jordan', 'came', 'show', 'concept', 'kring', 'wanted', 'create', 'large', 'ensemble', 'saga', 'would', 'connect', 'audience', 'began', 'thinking', 'big', 'scary', 'complicated', 'felt', 'world', 'wanted', 'create', 'character', 'driven', 'series', 'people', 'could', 'something', 'kring', 'felt', 'cop', 'medical', 'drama', 'characters', 'big', 'enough', 'save', 'world', 'came', 'thought', 'superheroes', 'ordinary', 'people', 'would', 'discover', 'extraordinary', 'abilities', 'still', 'rooted', 'real', 'world', 'reality', 'episode', 'series', 'cost', 'million', 'produce', 'casting', 'directors', 'jason', 'padura', 'natalie', 'hart', 'brought', 'forth', 'cast', 'new', 'faces', 'milo', 'ventimiglia', 'described', 'pilot', 'character', 'drama', 'everyday', 'people', 'heightened', 'reality', 'said', 'heightened', 'reality', 'brought', 'light', 'work', 'production', 'designer', 'ruth', 'ammon', 'kring', 'wanted', 'series', 'touchstones', 'involved', 'characters', 'world', 'lived', 'began', 'putting', 'ideas', 'together', 'spoke', 'lost', 'executive', 'producer', 'damon', 'lindelof', 'worked', 'three', 'years', 'crossing', 'jordan', 'kring', 'credits', 'lindelof', 'giving', 'ideas', 'pitch', 'series', 'network', 'advice', 'lessons', 'lindelof', 'learned', 'working', 'serialized', 'drama', 'two', 'still', 'speak', 'support', 'projects', 'kring', 'pitched', 'idea', 'heroes', 'nbc', 'network', 'described', 'network', 'reaction', 'excited', 'supportive', 'comments', 'partners', 'nbc', 'time', 'based', 'six', 'year', 'run', 'showrunner', 'crossing', 'jordan', 'pitched', 'pilot', 'described', 'every', 'detail', 'including', 'cliffhanger', 'ending', 'nbc', 'executives', 'asked', 'going', 'happen', 'next', 'kring', 'responded', 'well', 'wait', 'find', 'project', 'greenlit', 'special', 'minute', 'version', 'pilot', 'first', 'screened', 'large', 'audience', 'san', 'diego', 'comic', 'con', 'initially', 'reported', 'unaired', 'pilot', 'would', 'released', 'included', 'season', 'one', 'dvd', 'set', 'writing', 'team', 'worked', 'episode', 'writer', 'took', 'character', 'wrote', 'individual', 'scenes', 'surrounding', 'stories', 'combined', 'given', 'episode', 'writer', 'system', 'allowed', 'every', 'writer', 'contribute', 'every', 'episode', 'enabled', 'writing', 'team', 'finish', 'scripts', 'sooner', 'filming', 'crew', 'could', 'shoot', 'scenes', 'location', 'kring', 'described', 'writing', 'process', 'collaborative', 'one', 'stated', 'collaboration', 'process', 'important', 'production', 'needed', 'shoot', 'several', 'scenes', 'single', 'location', 'several', 'scripts', 'ready', 'jesse', 'alexander', 'producer', 'writer', 'explained', 'process', 'important', 'serialized', 'drama', 'one', 'know', 'character', 'development', 'heading', 'season', 'two', 'coincided', 'wga', 'writers', 'strike', 'meaning', 'planned', 'episodes', 'produced', 'forced', 'producers', 'redesign', 'season', 'encompass', 'generations', 'volume', 'three', 'planned', 'planned', 'third', 'volume', 'exodus', 'designed', 'story', 'arc', 'reflecting', 'effects', 'release', 'strain', 'shanti', 'virus', 'cancelled', 'planned', 'fourth', 'volume', 'villains', 'changed', 'third', 'volume', 'moved', 'season', 'three', 'scenes', 'volume', 'two', 'finale', 'powerless', 'reshot', 'reflect', 'cancelation', 'exodus', 'volume', 'tie', 'loose', 'plot', 'storylines', 'generations', 'following', 'criticisms', 'second', 'third', 'volumes', 'tim', 'molloy', 'guide', 'reported', 'heroes', 'would', 'return', 'roots', 'fourth', 'volume', 'fugitives', 'attract', 'new', 'viewers', 'regain', 'gave', 'show', 'many', 'characters', 'plotlines', 'november', 'nbc', 'fired', 'jesse', 'alexander', 'jeph', 'loeb', 'production', 'staff', 'heroes', 'creative', 'differences', 'budget', 'problems', 'result', 'kring', 'would', 'refocus', 'series', 'character', 'development', 'simple', 'storytelling', 'however', 'high', 'ranking', 'insider', 'told', 'guide', 'rather', 'pressure', 'nbc', 'universal', 'media', 'responding', 'recent', 'plummeting', 'ratings', 'kring', 'fired', 'alexander', 'loeb', 'duo', 'refused', 'continue', 'character', 'driven', 'stories', 'made', 'first', 'season', 'popular', 'start', 'december', 'bryan', 'fuller', 'signed', 'two', 'year', 'deal', 'universal', 'media', 'studios', 'cancellation', 'abc', 'series', 'pushing', 'daisies', 'rejoined', 'writing', 'staff', 'heroes', 'starting', 'episode', 'season', 'three', 'key', 'role', 'writing', 'direction', 'series', 'june', 'revealed', 'fuller', 'left', 'heroes', 'work', 'projects', 'april', 'director', 'producer', 'greg', 'beeman', 'fired', 'nbc', 'series', 'score', 'composed', 'wendy', 'melvoin', 'lisa', 'coleman', 'music', 'engineer', 'michael', 'perfitt', 'vocals', 'provided', 'shankar', 'episode', 'averages', 'minutes', 'music', 'melvoin', 'coleman', 'became', 'involved', 'heroes', 'previous', 'work', 'executive', 'producer', 'allan', 'arkush', 'kring', 'gave', 'general', 'instructions', 'pair', 'including', 'emotion', 'direction', 'character', 'kring', 'wanted', 'incredibly', 'unusual', 'music', 'gave', 'melvoin', 'coleman', 'lot', 'freedom', 'permission', 'experiment', 'citation', 'needed', 'pilot', 'episode', 'kring', 'suggested', 'dreamy', 'cue', 'used', 'scene', 'involving', 'claire', 'bennet', 'running', 'burning', 'train', 'dreamy', 'cue', 'became', 'signature', 'piece', 'show', 'melvoin', 'coleman', 'developed', 'musical', 'cues', 'character', 'claude', 'theme', 'involved', 'wind', 'voices', 'create', 'feeling', 'ghost', 'like', 'presence', 'sylar', 'involves', 'marimbas', 'bassoons', 'staccato', 'create', 'sound', 'clocks', 'ticking', 'reference', 'character', 'power', 'matt', 'parkman', 'theme', 'involves', 'voices', 'played', 'backwards', 'uses', 'power', 'telepathy', 'peter', 'petrelli', 'theme', 'involves', 'marcato', 'strings', 'niki', 'sanders', 'theme', 'based', 'character', 'alter', 'ego', 'jessica', 'involved', 'winds', 'indian', 'voices', 'chanting', 'underscore', 'give', 'feeling', 'possessed', 'mohinder', 'suresh', 'theme', 'piano', 'composition', 'plays', 'end', 'episodes', 'ascap', 'film', 'television', 'music', 'awards', 'gave', 'melvoin', 'coleman', 'top', 'television', 'series', 'award', 'work', 'heroes', 'france', 'theme', 'music', 'heroes', 'composed', 'victoria', 'petrosillo', 'song', 'ros', 'autre', 'used', 'television', 'network', 'replace', 'show', 'original', 'incidental', 'music', 'network', 'created', 'new', 'opening', 'credit', 'sequence', 'could', 'play', 'petrosillo', 'theme', 'official', 'heroes', 'soundtrack', 'released', 'march', 'nbcuniversal', 'television', 'dvd', 'music', 'consumer', 'products', 'group', 'february', 'group', 'released', 'five', 'music', 'videos', 'created', 'heroes', 'producer', 'director', 'allan', 'arkush', 'combining', 'show', 'footage', 'songs', 'soundtrack', 'september', 'melvoin', 'coleman', 'announced', 'would', 'releasing', 'heroes', 'original', 'score', 'album', 'consisting', 'entirely', 'score', 'heroes', 'released', 'april', 'land', 'records', 'eric', 'grenaudier', 'john', 'han', 'stargate', 'digital', 'visual', 'effects', 'supervisors', 'mark', 'spatny', 'visual', 'effects', 'producer', 'heroes', 'work', 'visual', 'effects', 'animators', 'anthony', 'ocampo', 'ryan', 'wieber', 'also', 'stargate', 'series', 'visual', 'effects', 'consist', 'blue', 'screens', 'animation', 'visual', 'effects', 'series', 'created', 'scene', 'shot', 'post', 'production', 'unlike', 'special', 'effects', 'incorporated', 'scenes', 'filming', 'notable', 'visual', 'effects', 'include', 'radioactive', 'ted', 'company', 'man', 'nathan', 'flying', 'bennet', 'haitian', 'hiros', 'hiro', 'time', 'freezing', 'encounter', 'schoolgirl', 'red', 'bow', 'one', 'giant', 'leap', 'special', 'effects', 'coordinated', 'gary', 'amico', 'stunts', 'coordinated', 'ian', 'ouinn', 'also', 'used', 'blue', 'screens', 'accomplish', 'stunts', 'series', 'nathan', 'petrelli', 'flying', 'away', 'heidi', 'car', 'accident', 'scene', 'six', 'months', 'ago', 'principal', 'filming', 'heroes', 'occurred', 'los', 'angeles', 'santa', 'clarita', 'california', 'stargate', 'digital', 'team', 'responsible', 'making', 'los', 'angeles', 'look', 'like', 'international', 'locations', 'india', 'ukraine', 'using', 'blue', 'screens', 'set', 'designs', 'ruth', 'ammon', 'production', 'designer', 'series', 'series', 'recorded', 'using', 'single', 'camera', 'setup', 'keeping', 'comic', 'book', 'thematic', 'elements', 'used', 'heroes', 'professional', 'comic', 'book', 'artists', 'tim', 'sale', 'alex', 'maleev', 'brought', 'provide', 'artwork', 'used', 'within', 'series', 'direction', 'ruth', 'ammon', 'including', 'artwork', 'isaac', 'mendez', 'mendez', 'metafictional', 'comic', 'book', 'series', 'wonders', 'additionally', 'font', 'used', 'captions', 'credits', 'show', 'reminiscent', 'traditional', 'hand', 'rendered', 'comic', 'book', 'lettering', 'created', 'sale', 'based', 'handwriting', 'style', 'heroes', 'designed', 'production', 'designer', 'ruth', 'ammon', 'ammon', 'nominated', 'work', 'heroes', 'twice', 'art', 'directors', 'guild', 'nominated', 'two', 'emmy', 'awards', 'excellence', 'art', 'direction', 'may', 'nbc', 'announced', 'would', 'air', 'six', 'episode', 'heroes', 'spin', 'heroes', 'origins', 'season', 'show', 'introduce', 'new', 'character', 'week', 'viewers', 'select', 'one', 'would', 'stay', 'following', 'season', 'regular', 'series', 'show', 'supposed', 'air', 'completion', 'second', 'season', 'heroes', 'april', 'however', 'october', 'reported', 'origins', 'postponed', 'writers', 'guild', 'america', 'strike', 'kring', 'stated', 'interview', 'first', 'episode', 'origins', 'reveal', 'secrets', 'meanings', 'behind', 'helix', 'symbol', 'wga', 'strike', 'kring', 'commented', 'secret', 'revealed', 'line', 'kring', 'revealed', 'write', 'first', 'episode', 'origins', 'john', 'august', 'hired', 'write', 'another', 'episode', 'director', 'kevin', 'smith', 'fan', 'heroes', 'set', 'write', 'direct', 'episode', 'spin', 'eli', 'roth', 'michael', 'dougherty', 'april', 'day', 'nbc', 'announced', 'primetime', 'schedule', 'ben', 'silverman', 'confirmed', 'origins', 'cancellation', 'heroes', 'includes', 'mysterious', 'fictional', 'recurring', 'elements', 'ascribed', 'science', 'fiction', 'supernatural', 'phenomena', 'kring', 'creators', 'series', 'referred', 'fictional', 'elements', 'part', 'mythology', 'series', 'kring', 'confirmed', 'although', 'show', 'unique', 'mythology', 'want', 'sink', 'deeply', 'rather', 'kring', 'used', 'volumes', 'wrap', 'ongoing', 'plot', 'lines', 'instead', 'carrying', 'storylines', 'long', 'periods', 'time', 'lost', 'among', 'show', 'mythological', 'elements', 'company', 'legend', 'takezo', 'kensei', 'paintings', 'future', 'superpowers', 'origins', 'shanti', 'virus', 'wonders', 'comic', 'book', 'numerous', 'elements', 'mythological', 'themes', 'season', 'one', 'received', 'highly', 'positive', 'reviews', 'season', 'american', 'film', 'institute', 'named', 'heroes', 'one', 'ten', 'best', 'television', 'programs', 'year', 'doug', 'elfman', 'chicago', 'sun', 'times', 'stated', 'show', 'super', 'strengths', 'well', 'developed', 'filmmaking', 'smooth', 'pacing', 'perfect', 'cast', 'views', 'like', 'first', 'hour', 'fun', 'thoughtful', 'movie', 'barry', 'garron', 'hollywood', 'reporter', 'also', 'stated', 'heroes', 'one', 'imaginative', 'creations', 'might', 'luck', 'become', 'year', 'lost', 'less', 'favorable', 'reviews', 'included', 'philadelphia', 'inquirer', 'commented', 'although', 'show', 'lots', 'cool', 'effects', 'lands', 'splat', 'pile', 'nonsense', 'dim', 'dialogue', 'response', 'first', 'pod', 'season', 'one', 'episodes', 'chicago', 'tribune', 'went', 'far', 'saying', 'could', 'watch', 'first', 'episodes', 'heroes', 'could', 'repeatedly', 'hit', 'head', 'brick', 'effect', 'surprisingly', 'similar', 'metacritic', 'heroes', 'pilot', 'received', 'generally', 'favorable', 'reviews', 'critics', 'show', 'declared', 'fourth', 'highest', 'rated', 'show', 'first', 'ten', 'years', 'imdbpro', 'season', 'two', 'received', 'generally', 'positive', 'reviews', 'criticized', 'commentators', 'fans', 'much', 'slower', 'pace', 'less', 'engaging', 'storyline', 'lack', 'focus', 'compared', 'first', 'season', 'milo', 'ventimiglia', 'stated', 'little', 'bit', 'delay', 'instant', 'rewarding', 'scene', 'moment', 'episode', 'people', 'get', 'impatient', 'extremely', 'important', 'strike', 'balance', 'giving', 'getting', 'interview', 'entertainment', 'weekly', 'heroes', 'creator', 'tim', 'kring', 'commented', 'criticisms', 'season', 'two', 'series', 'decline', 'ratings', 'kring', 'said', 'felt', 'made', 'mistakes', 'direction', 'season', 'two', 'thought', 'audience', 'looking', 'build', 'characters', 'discovery', 'powers', 'viewers', 'instead', 'looking', 'adrenaline', 'kring', 'also', 'outlined', 'felt', 'problems', 'plot', 'development', 'stating', 'season', 'two', 'took', 'long', 'get', 'big', 'picture', 'story', 'explaining', 'peter', 'vision', 'viral', 'armageddon', 'occurred', 'first', 'episode', 'instead', 'seventh', 'feels', 'would', 'better', 'introduce', 'new', 'characters', 'within', 'context', 'main', 'storyline', 'elle', 'rather', 'unattached', 'arcs', 'maya', 'alejandro', 'kring', 'also', 'admitted', 'resolved', 'hiro', 'japan', 'storyline', 'much', 'quickly', 'romantic', 'stories', 'working', 'well', 'regard', 'claire', 'west', 'hiro', 'yaeko', 'said', 'seen', 'convincing', 'romances', 'retrospect', 'think', 'romance', 'natural', 'fit', 'season', 'los', 'angeles', 'times', 'said', 'even', 'half', 'hour', 'difficult', 'wish', 'everyone', 'would', 'lighten', 'heck', 'graphic', 'novel', 'noir', 'feel', 'becoming', 'increasingly', 'oppressive', 'everyone', 'grim', 'new', 'york', 'post', 'wrote', 'show', 'thrilling', 'fun', 'become', 'full', 'characters', 'spouting', 'crazy', 'nonsense', 'time', 'heroes', 'completed', 'first', 'half', 'first', 'season', 'show', 'already', 'collected', 'assortment', 'honors', 'accolades', 'december', 'writers', 'guild', 'america', 'nominated', 'program', 'best', 'new', 'series', 'december', 'hollywood', 'foreign', 'press', 'association', 'nominated', 'program', 'golden', 'globe', 'award', 'best', 'television', 'drama', 'nominated', 'masi', 'oka', 'hiro', 'nakamura', 'best', 'supporting', 'actor', 'series', 'january', 'heroes', 'award', 'favorite', 'new', 'drama', 'people', 'choice', 'awards', 'national', 'association', 'advancement', 'colored', 'people', 'nominated', 'heroes', 'january', 'image', 'award', 'outstanding', 'drama', 'series', 'category', 'february', 'heroes', 'nominated', 'five', 'saturn', 'awards', 'nominations', 'included', 'best', 'network', 'television', 'series', 'best', 'supporting', 'actor', 'television', 'series', 'greg', 'grunberg', 'masi', 'oka', 'best', 'supporting', 'actress', 'television', 'series', 'hayden', 'panettiere', 'ali', 'larter', 'february', 'announced', 'heroes', 'nominated', 'five', 'saturn', 'awards', 'nominations', 'include', 'best', 'network', 'television', 'series', 'best', 'supporting', 'actor', 'television', 'series', 'greg', 'grunberg', 'masi', 'oka', 'best', 'supporting', 'actress', 'television', 'series', 'hayden', 'panettiere', 'best', 'television', 'series', 'dvd', 'nominations', 'similar', 'nominations', 'except', 'ali', 'larter', 'nominated', 'year', 'instead', 'heroes', 'season', 'one', 'dvd', 'nominated', 'different', 'category', 'july', 'academy', 'television', 'arts', 'sciences', 'announced', 'nominations', 'primetime', 'emmy', 'awards', 'heroes', 'nominated', 'eight', 'categories', 'including', 'outstanding', 'drama', 'series', 'first', 'episode', 'genesis', 'earned', 'six', 'nominations', 'outstanding', 'directing', 'david', 'semel', 'outstanding', 'art', 'direction', 'single', 'camera', 'series', 'outstanding', 'single', 'camera', 'picture', 'editing', 'drama', 'series', 'outstanding', 'sound', 'mixing', 'comedy', 'drama', 'series', 'outstanding', 'stunt', 'coordination', 'episode', 'five', 'years', 'gone', 'also', 'received', 'nomination', 'outstanding', 'visual', 'effects', 'series', 'masi', 'oka', 'nominated', 'outstanding', 'supporting', 'actor', 'drama', 'series', 'september', 'primetime', 'emmy', 'awards', 'held', 'heroes', 'failed', 'win', 'single', 'emmy', 'award', 'despite', 'eight', 'nominations', 'july', 'television', 'critics', 'association', 'awarded', 'heroes', 'prestigious', 'outstanding', 'program', 'year', 'title', 'annual', 'tca', 'awards', 'ceremony', 'cast', 'heroes', 'named', 'time', 'magazine', 'person', 'year', 'issue', 'people', 'mattered', 'pilot', 'episode', 'generated', 'million', 'viewers', 'season', 'high', 'topping', 'million', 'viewers', 'episode', 'series', 'returned', 'hiatus', 'january', 'ratings', 'averaged', 'pilot', 'million', 'viewers', 'show', 'went', 'second', 'hiatus', 'first', 'season', 'march', 'april', 'weeks', 'ratings', 'hit', 'new', 'low', 'lowest', 'million', 'viewers', 'part', 'one', 'three', 'part', 'finale', 'hard', 'part', 'season', 'two', 'opener', 'gained', 'highest', 'rating', 'entire', 'series', 'however', 'week', 'week', 'ratings', 'declined', 'reaching', 'another', 'new', 'low', 'series', 'episode', 'seven', 'time', 'million', 'viewers', 'although', 'ratings', 'lower', 'average', 'episode', 'considered', 'turning', 'point', 'declining', 'season', 'major', 'plot', 'twist', 'introduced', 'volume', 'big', 'picture', 'storyline', 'presented', 'season', 'two', 'volume', 'finale', 'generated', 'million', 'viewers', 'ratings', 'million', 'viewers', 'season', 'opener', 'series', 'pilot', 'show', 'premiered', 'high', 'ratings', 'ratings', 'slowly', 'diminished', 'throughout', 'run', 'first', 'episode', 'season', 'two', 'highest', 'viewed', 'whereas', 'successive', 'season', 'fewer', 'viewers', 'one', 'preceding', 'season', 'three', 'heroes', 'started', 'strong', 'ratings', 'dropped', 'steadily', 'throughout', 'season', 'season', 'finale', 'placed', 'last', 'timeslot', 'season', 'four', 'premiere', 'heroes', 'lowest', 'rated', 'episode', 'series', 'point', 'averaging', 'million', 'viewers', 'despite', 'season', 'low', 'ratings', 'executive', 'producer', 'tim', 'kring', 'fully', 'expecting', 'fifth', 'season', 'however', 'creator', 'kring', 'hopeful', 'show', 'future', 'many', 'media', 'insiders', 'confident', 'growing', 'speculation', 'news', 'sites', 'nbc', 'would', 'cancel', 'series', 'conclusion', 'fourth', 'season', 'might', 'renew', 'show', 'fifth', 'final', 'season', 'ordering', 'either', 'episodes', 'possibly', 'airing', 'backup', 'mid', 'season', 'replacement', 'may', 'nbc', 'made', 'official', 'heroes', 'indeed', 'cancelled', 'following', 'debut', 'heroes', 'tagline', 'save', 'cheerleader', 'save', 'world', 'recognized', 'within', 'television', 'industry', 'effective', 'marketing', 'device', 'nbc', 'also', 'created', 'heroes', 'parody', 'titled', 'zeroes', 'zeroes', 'released', 'viral', 'video', 'sites', 'including', 'youtube', 'features', 'parodies', 'including', 'four', 'chapters', 'open', 'audition', 'development', 'production', 'project', 'kept', 'secret', 'kring', 'nbc', 'hosted', 'panels', 'san', 'diego', 'comic', 'con', 'promote', 'series', 'major', 'announcements', 'made', 'panel', 'along', 'sneak', 'peeks', 'forthcoming', 'seasons', 'heroes', 'panel', 'presented', 'entire', 'season', 'one', 'minute', 'pilot', 'first', 'half', 'season', 'three', 'premiere', 'shown', 'comic', 'con', 'also', 'allows', 'cast', 'crew', 'answer', 'questions', 'press', 'fans', 'july', 'kring', 'announced', 'cast', 'crew', 'members', 'heroes', 'would', 'travel', 'world', 'heroes', 'world', 'tour', 'promote', 'season', 'one', 'dvd', 'release', 'forthcoming', 'season', 'two', 'tour', 'took', 'place', 'north', 'america', 'new', 'york', 'toronto', 'asia', 'singapore', 'tokyo', 'hong', 'kong', 'europe', 'munich', 'paris', 'london', 'tour', 'began', 'august', 'ended', 'september', 'post', 'hardcore', 'bands', 'alesana', 'see', 'stars', 'respectively', 'named', 'songs', 'show', 'usually', 'part', 'people', 'scream', 'save', 'cheerleader', 'first', 'dvd', 'release', 'heroes', 'sampler', 'disc', 'containing', 'first', 'episode', 'released', 'ireland', 'september', 'region', 'split', 'heroes', 'two', 'halves', 'initial', 'release', 'part', 'one', 'released', 'october', 'part', 'two', 'december', 'second', 'part', 'released', 'complete', 'first', 'season', 'boxset', 'also', 'released', 'day', 'dvd', 'dvd', 'formats', 'complete', 'first', 'season', 'dvd', 'includes', 'nearly', 'hours', 'bonus', 'features', 'including', 'extended', 'minute', 'version', 'pilot', 'episode', 'audio', 'commentary', 'deleted', 'extended', 'scenes', 'behind', 'scenes', 'featurettes', 'including', 'making', 'heroes', 'stunts', 'profile', 'artist', 'tim', 'sale', 'score', 'audio', 'commentaries', 'cast', 'crew', 'kring', 'february', 'heroes', 'season', 'one', 'dvd', 'nominated', 'saturn', 'award', 'category', 'best', 'television', 'series', 'dvd', 'complete', 'first', 'season', 'released', 'usa', 'canada', 'august', 'released', 'australia', 'new', 'zealand', 'september', 'universal', 'studios', 'home', 'entertainment', 'sony', 'pictures', 'home', 'entertainment', 'announced', 'first', 'second', 'seasons', 'would', 'released', 'blu', 'ray', 'august', 'date', 'dvd', 'release', 'second', 'season', 'specifications', 'bonus', 'features', 'include', 'generations', 'alternate', 'ending', 'inside', 'alternate', 'ending', 'peter', 'catch', 'virus', 'untold', 'stories', 'make', 'air', 'season', 'three', 'sneak', 'peek', 'deleted', 'scenes', 'documentary', 'takezo', 'kensei', 'behind', 'scenes', 'featurettes', 'nbc', 'com', 'featurettes', 'audio', 'commentaries', 'cast', 'crew', 'show', 'creator', 'tim', 'kring', 'complete', 'second', 'season', 'released', 'july', 'season', 'released', 'october', 'new', 'zealand', 'australia', 'season', 'dvd', 'box', 'set', 'released', 'north', 'america', 'september', 'australia', 'september', 'alternative', 'cover', 'october', 'season', 'dvd', 'box', 'set', 'released', 'august', 'october', 'complete', 'series', 'dvd', 'box', 'set', 'released', 'november', 'canada', 'heroes', 'episodes', 'run', 'concurrently', 'nbc', 'first', 'run', 'global', 'television', 'network', 'mondays', 'canadian', 'french', 'dubbed', 'version', 'season', 'one', 'also', 'airs', 'tva', 'thursdays', 'two', 'episodes', 'season', 'two', 'myst', 'addiktv', 'mondays', 'first', 'season', 'aired', 'australia', 'seven', 'network', 'wednesday', 'nights', 'series', 'debuted', 'strongly', 'attracting', 'million', 'viewers', 'five', 'capital', 'cities', 'keep', 'viewer', 'numbers', 'high', 'seven', 'network', 'began', 'showing', 'second', 'season', 'thursday', 'nights', 'across', 'areas', 'week', 'screening', 'third', 'season', 'began', 'airing', 'october', 'volume', 'began', 'airing', 'april', 'low', 'ratings', 'pushed', 'back', 'half', 'hour', 'scrubs', 'season', 'concluded', 'july', 'sci', 'available', 'foxtel', 'optus', 'austar', 'screened', 'season', 'two', 'runs', 'late', 'june', 'season', 'three', 'screening', 'sci', 'channel', 'australia', 'season', 'four', 'aired', 'approximately', 'one', 'month', 'behind', 'seven', 'new', 'digital', 'channel', 'two', 'november', 'new', 'time', 'wednesdays', 'started', 'double', 'premiere', 'double', 'episode', 'runs', 'instead', 'one', 'episode', 'week', 'caught', 'began', 'air', 'episodes', 'week', 'currently', 'airs', 'thursdays', 'two', 'united', 'kingdom', 'series', 'first', 'aired', 'february', 'digital', 'channel', 'sci', 'series', 'averaged', 'viewers', 'almost', 'four', 'times', 'viewers', 'programs', 'sci', 'series', 'picked', 'bbc', 'gave', 'season', 'one', 'terrestrial', 'premiere', 'july', 'december', 'bbc', 'two', 'season', 'two', 'heroes', 'first', 'aired', 'april', 'july', 'bbc', 'two', 'attracting', 'around', 'million', 'viewers', 'season', 'three', 'began', 'october', 'gained', 'million', 'viewers', 'citation', 'needed', 'season', 'four', 'began', 'january', 'viewership', 'february', 'declined', 'million', 'indonesia', 'season', 'aired', 'trans', 'weeknights', 'starting', 'january', 'wib', 'subsequent', 'seasons', 'aired', 'trans', 'wednesdays', 'starting', 'august', 'wib', 'ubisoft', 'announced', 'licensed', 'rights', 'produce', 'heroes', 'video', 'game', 'however', 'company', 'later', 'chose', 'give', 'rights', 'back', 'nbcuniversal', 'gameloft', 'released', 'first', 'heroes', 'mobile', 'game', 'october', 'consists', 'levels', 'playable', 'characters', 'include', 'hiro', 'nakamura', 'niki', 'sanders', 'peter', 'petrelli', 'week', 'nbc', 'released', 'heroes', 'webcomic', 'comics', 'gave', 'additional', 'character', 'background', 'plot', 'information', 'shown', 'television', 'episodes', 'graphic', 'novels', 'continued', 'weekly', 'basis', 'show', 'summer', 'hiatus', 'wildstorm', 'subsidiary', 'comics', 'released', 'published', 'form', 'november', 'first', 'collected', 'volume', 'included', 'novels', 'featured', 'two', 'different', 'covers', 'alex', 'ross', 'jim', 'lee', 'well', 'introduction', 'masi', 'oka', 'artwork', 'tim', 'sale', 'second', 'volume', 'included', 'advertisement', 'third', 'volume', 'would', 'least', 'scheduled', 'fall', 'unknown', 'reasons', 'third', 'volume', 'released', 'december', 'heroes', 'novel', 'published', 'titled', 'saving', 'charlie', 'written', 'aury', 'wallington', 'wrote', 'book', 'full', 'cooperation', 'heroes', 'writing', 'staff', 'novel', 'revolves', 'around', 'relationship', 'hiro', 'nakamura', 'charlie', 'andrews', 'hiro', 'went', 'back', 'time', 'six', 'months', 'attempt', 'save', 'titan', 'magazines', 'released', 'first', 'issue', 'heroes', 'magazine', 'november', 'first', 'series', 'six', 'slated', 'released', 'monthly', 'first', 'issue', 'page', 'premiere', 'issue', 'feature', 'articles', 'include', 'cast', 'group', 'interview', 'secret', 'origins', 'featurette', 'season', 'one', 'episode', 'guide', 'greg', 'beeman', 'executive', 'producer', 'heroes', 'confirmed', 'official', 'heroes', 'release', 'full', 'support', 'cooperation', 'tim', 'kring', 'rest', 'heroes', 'production', 'team', 'magazine', 'ceased', 'publication', 'twelfth', 'issue', 'mezco', 'announced', 'toy', 'fair', 'would', 'producing', 'line', 'action', 'figures', 'based', 'television', 'show', 'heroes', 'first', 'series', 'series', 'includes', 'peter', 'petrelli', 'claire', 'bennet', 'hiro', 'nakamura', 'sylar', 'mohinder', 'suresh', 'second', 'series', 'series', 'includes', 'niki', 'sanders', 'jessica', 'sanders', 'noah', 'bennet', 'daniel', 'linderman', 'matt', 'parkman', 'molly', 'walker', 'claude', 'heroes', 'unmasked', 'series', 'bbc', 'goes', 'behind', 'scenes', 'production', 'heroes', 'many', 'details', 'heroes', 'revealed', 'among', 'props', 'set', 'design', 'blue', 'green', 'screen', 'animation', 'special', 'effects', 'costuming', 'first', 'two', 'series', 'show', 'narrated', 'anthony', 'head', 'third', 'santiago', 'cabrera', 'american', 'network', 'began', 'airing', 'heroes', 'episodes', 'november', 'along', 'american', 'version', 'heroes', 'unmasked', 'titled', 'post', 'show', 'series', 'aired', 'following', 'heroes', 'included', 'interviews', 'live', 'viewer', 'commentary', 'interactive', 'polls', 'behind', 'scenes', 'footage', 'heroes', 'content', 'american', 'network', 'mojo', 'also', 'aired', 'heroes', 'episodes', 'high', 'definition', 'however', 'network', 'left', 'air', 'start', 'december', 'day', 'date', 'mojo', 'discontinuation', 'launched', 'simulcast', 'feed', 'thus', 'carrying', 'show', 'regular', 'high', 'definition', 'forms', 'november', 'bbc', 'made', 'four', 'short', 'dimensional', 'films', 'actors', 'series', 'look', 'shaped', 'hole', 'room', 'reflects', 'character', 'play', 'heroes', 'new', 'short', 'revealed', 'episode', 'one', 'season', 'three', 'aired', 'bbc', 'featuring', 'masi', 'oka', 'staring', 'anime', 'styled', 'montage', 'hiro', 'bbc', 'radio', 'broadcast', 'heroes', 'official', 'radio', 'show', 'jon', 'holmes', 'every', 'saturday', 'bbc', 'dab', 'digital', 'radio', 'program', 'also', 'available', 'podcast', 'heroes', 'production', 'team', 'also', 'official', 'series', 'content', 'internet', 'writers', 'joe', 'pokaski', 'aron', 'coleite', 'hold', 'question', 'answer', 'column', 'hosted', 'comic', 'book', 'resources', 'titled', 'behind', 'eclipse', 'show', 'producer', 'director', 'greg', 'beeman', 'also', 'posts', 'weekly', 'blog', 'discusses', 'episode', 'filmed', 'gives', 'spoilers', 'upcoming', 'episode', 'heroes', 'evolutions', 'released', 'january', 'digital', 'extension', 'series', 'explores', 'heroes', 'universe', 'provides', 'clues', 'show', 'mythology', 'titled', 'heroes', 'experience', 'throughout', 'first', 'season', 'rebranded', 'second', 'season', 'heroes', 'interactive', 'interactive', 'web', 'page', 'began', 'operation', 'january', 'airing', 'fix', 'hosted', 'nbc', 'com', 'offers', 'behind', 'scenes', 'information', 'polls', 'trivia', 'quizzes', 'well', 'recent', 'posts', 'hana', 'gitelman', 'features', 'air', 'week', 'designed', 'viewed', 'concurrently', 'week', 'episode', 'complete', 'episodes', 'heroes', 'available', 'online', 'residents', 'along', 'downloads', 'nbc', 'direct', 'service', 'episodes', 'also', 'available', 'itunes', 'high', 'definition', 'although', 'unavailable', 'months', 'nbc', 'apple', 'inc', 'unable', 'come', 'renewal', 'deal', 'seasons', 'currently', 'available', 'streaming', 'via', 'subscription', 'netflix', 'amazon', 'video', 'hulu', 'plus', 'nbc', 'universal', 'announced', 'april', 'nbc', 'digital', 'entertainment', 'would', 'release', 'series', 'online', 'content', 'summer', 'fall', 'including', 'original', 'web', 'content', 'webisodes', 'heroes', 'webisodes', 'expected', 'air', 'extension', 'heroes', 'evolutions', 'july', 'media', 'digital', 'extensions', 'announced', 'include', 'online', 'manhunts', 'villains', 'addition', 'micro', 'sites', 'allow', 'users', 'uncover', 'heroes', 'universe', 'wireless', 'itv', 'interactivity', 'ability', 'view', 'graphic', 'novel', 'mobile', 'platforms', 'create', 'hero', 'fan', 'based', 'interactive', 'promotion', 'nbc', 'com', 'calls', 'upon', 'heroes', 'fans', 'vote', 'various', 'personalities', 'physical', 'attributes', 'creation', 'new', 'hero', 'new', 'hero', 'comes', 'life', 'original', 'live', 'action', 'series', 'run', 'exclusively', 'nbc', 'com', 'promotion', 'sponsored', 'sprint', 'first', 'hero', 'created', 'process', 'santiago', 'dual', 'powers', 'enhanced', 'probability', 'superhuman', 'speed', 'began', 'appearing', 'live', 'action', 'web', 'series', 'heroes', 'destiny', 'november', 'sweeps', 'week', 'october', 'heroes', 'wiki', 'announced', 'officially', 'partnered', 'nbc', 'nbc', 'directs', 'interested', 'wiki', 'heroes', 'heroes', 'wiki', 'directly', 'funds', 'site', 'exchange', 'site', 'running', 'advertisements', 'network', 'show', 'described', 'similar', 'setting', 'rising', 'stars', 'comic', 'debuted', 'led', 'discussion', 'whether', 'heroes', 'plagiarizing', 'ideas', 'rising', 'stars', 'heroes', 'creator', 'tim', 'kring', 'addressed', 'directly', 'asked', 'time', 'show', 'premiered', 'stating', 'never', 'read', 'rising', 'stars', 'purposefully', 'refused', 'familiarize', 'number', 'superhero', 'related', 'works', 'avoid', 'accusations', 'improper', 'inspiration', 'march', 'clifton', 'mallery', 'amnau', 'karam', 'eele', 'filed', 'suit', 'nbc', 'tim', 'kring', 'claiming', 'idea', 'isaac', 'mendez', 'paint', 'future', 'stolen', 'short', 'story', 'painting', 'short', 'film', 'produced', 'suit', 'dismissed', 'december', 'new', 'york', 'law', 'journal', 'reported', 'mallery', 'nbc', 'universal', 'quoting', 'southern', 'district', 'judge', 'denise', 'cote', 'opinion', 'line', 'mere', 'ideas', 'protected', 'expression', 'famously', 'difficult', 'fix', 'precisely', 'stating', 'heroes', 'close', 'infringing']"
Marjolin's ulcer,"Marjolin's ulcer refers to an aggressive ulcerating squamous cell carcinoma presenting in an area of previously traumatized,[1] chronically inflamed,[2] or scarred skin.[3]: 737 [4]  They are commonly present in the context of chronic wounds including burn injuries, varicose veins, venous ulcers,[5] ulcers from osteomyelitis,[6] and post radiotherapy scars.
 The term was named after French surgeon, Jean-Nicolas Marjolin, who first described the condition in 1828.[7]  The term was later coined by J C De Costa.
 Slow growth, painlessness (as the ulcer is usually not associated with nerve tissue), and absence of lymphatic spread due to local destruction of lymphatic channels.[8]
 Histologically, the tumour is a well-differentiated squamous cell carcinoma.  This carcinoma is aggressive in nature, spreads locally and is associated with a poor prognosis.[7] The cancer has a 18-38% rate of metastasis.[9]
40% occur on the lower limb and the malignant change is usually painless. This malignant change of the wound happens a long time after initial trauma, usually 10–25 years later. Its edge is everted and not always raised. More recent transcriptional analysis suggests that chronically impeded extracellular matrix turnover and epithelium-to-mesenchyme transitions in neglected scar tissue might give rise to this malignancy.[10][11]
 Wedge biopsy is the favored method of diagnosis.  Tissue specimens obtained should be taken from both the centre and margin of lesion, as the central ulcerated deposits may be necrotic.
 Treatment is usually surgical, with a wide excision of the lesion; typically a 1 cm margin all around is required.
","
^ Esther RJ, Lamps L, Schwartz HS (1999). ""Marjolin ulcers: secondary carcinomas in chronic wounds"". J South Orthop Assoc. 8 (3): 181–7. PMID 12132863.

^ Simmons MA, Edwards JM, Nigam A (December 2000). ""Marjolin's ulcer presenting in the neck"". J Laryngol Otol. 114 (12): 980–2. doi:10.1258/0022215001904545. PMID 11177375. S2CID 40966501.

^ Freedberg, et al. (2003). Fitzpatrick's Dermatology in General Medicine. (6th ed.). McGraw-Hill. ISBN 0-07-138076-0.

^ Phillips TJ, Salman SM, Bhawan J, Rogers GS (May 1998). ""Burn scar carcinoma. Diagnosis and management"". Dermatol Surg. 24 (5): 561–5. doi:10.1016/S1076-0512(98)00022-3. PMID 9598012.

^ Tibbs, David J. (2013-10-22). Varicose Veins and Related Disorders. ISBN 9781483193762.

^ Smidt LS, Smidt LF, Chedid MB, Bavaresco CS, Chedid MF (October 2005). ""Radical surgical treatment for Marjolin ulcer occurring after chronic osteomyelitis"". South. Med. J. 98 (10): 1053. doi:10.1097/01.smj.0000182509.78816.7b. PMID 16295826.

^ a b Chong AJ, Klein MB (March 2005). ""Images in clinical medicine. Marjolin's ulcer"". N. Engl. J. Med. 352 (10): e9. doi:10.1056/NEJMicm040020. PMID 15758002.

^ Paredes F (February 1998). ""[Marjölin ulcer]"". Acta Med Port (in Portuguese). 11 (2): 185–7. PMID 9567417.

^ Motley, T., White, K. and Clyde, J. (2014). Squamous cell carcinoma of the foot: A case report. The Foot and Ankle Online Journal, 7(2): 2. [1]

^ Sinha S, Su S, Workentine M, Agabalyan N, Cheng M, Gabriel V, Biernaskie J (January 2017). ""Transcriptional Analysis Reveals Evidence of Chronically Impeded ECM Turnover and Epithelium-to-Mesenchyme Transition in Scar Tissue Giving Rise to Marjolin's Ulcer"". J Burn Care Res. 38 (1): e14–e22. doi:10.1097/BCR.0000000000000432. PMID 27679957. S2CID 3702018.

^ Sinha S, Arora R, Kutluberk E, Verly M, Small C, Herik A, Burnett L, Cao L, Thoppey Manoharan V, Chockalingam K, van der Vyver M, Ponjevic D, Sparks HD, Morrissy S, Harrop AR, Brenn T, Nikolic A, Temple-Oberle C, Rosin N, Gabriel V, Biernaskie J (August 2024). ""Spatial and Single-Cell Transcriptomics Reveal that Oncofetal Reprogramming of Fibroblasts Is Associated with Malignant Degeneration of Burn Scar"". J Invest Dermatol. doi:10.1016/j.jid.2024.07.022. PMID 39128494.

","marjolin s ulcer refers to an aggressive ulcerating squamous cell carcinoma presenting in an area of previously traumatized   chronically inflamed   or scarred skin           they are commonly present in the context of chronic wounds including burn injuries  varicose veins  venous ulcers   ulcers from osteomyelitis   and post radiotherapy scars 
 the term was named after french surgeon  jean nicolas marjolin  who first described the condition in         the term was later coined by j c de costa 
 slow growth  painlessness  as the ulcer is usually not associated with nerve tissue   and absence of lymphatic spread due to local destruction of lymphatic channels  
 histologically  the tumour is a well differentiated squamous cell carcinoma   this carcinoma is aggressive in nature  spreads locally and is associated with a poor prognosis   the cancer has a        rate of metastasis  
    occur on the lower limb and the malignant change is usually painless  this malignant change of the wound happens a long time after initial trauma  usually       years later  its edge is everted and not always raised  more recent transcriptional analysis suggests that chronically impeded extracellular matrix turnover and epithelium to mesenchyme transitions in neglected scar tissue might give rise to this malignancy   
 wedge biopsy is the favored method of diagnosis   tissue specimens obtained should be taken from both the centre and margin of lesion  as the central ulcerated deposits may be necrotic 
 treatment is usually surgical  with a wide excision of the lesion  typically a   cm margin all around is required 
","['marjolin', 'ulcer', 'refers', 'aggressive', 'ulcerating', 'squamous', 'cell', 'carcinoma', 'presenting', 'area', 'previously', 'traumatized', 'chronically', 'inflamed', 'scarred', 'skin', 'commonly', 'present', 'context', 'chronic', 'wounds', 'including', 'burn', 'injuries', 'varicose', 'veins', 'venous', 'ulcers', 'ulcers', 'osteomyelitis', 'post', 'radiotherapy', 'scars', 'term', 'named', 'french', 'surgeon', 'jean', 'nicolas', 'marjolin', 'first', 'described', 'condition', 'term', 'later', 'coined', 'costa', 'slow', 'growth', 'painlessness', 'ulcer', 'usually', 'associated', 'nerve', 'tissue', 'absence', 'lymphatic', 'spread', 'due', 'local', 'destruction', 'lymphatic', 'channels', 'histologically', 'tumour', 'well', 'differentiated', 'squamous', 'cell', 'carcinoma', 'carcinoma', 'aggressive', 'nature', 'spreads', 'locally', 'associated', 'poor', 'prognosis', 'cancer', 'rate', 'metastasis', 'occur', 'lower', 'limb', 'malignant', 'change', 'usually', 'painless', 'malignant', 'change', 'wound', 'happens', 'long', 'time', 'initial', 'trauma', 'usually', 'years', 'later', 'edge', 'everted', 'always', 'raised', 'recent', 'transcriptional', 'analysis', 'suggests', 'chronically', 'impeded', 'extracellular', 'matrix', 'turnover', 'epithelium', 'mesenchyme', 'transitions', 'neglected', 'scar', 'tissue', 'might', 'give', 'rise', 'malignancy', 'wedge', 'biopsy', 'favored', 'method', 'diagnosis', 'tissue', 'specimens', 'obtained', 'taken', 'centre', 'margin', 'lesion', 'central', 'ulcerated', 'deposits', 'may', 'necrotic', 'treatment', 'usually', 'surgical', 'wide', 'excision', 'lesion', 'typically', 'margin', 'around', 'required']"
Regina Blues,"50°27′1.4″N 104°38′15.2″W﻿ / ﻿50.450389°N 104.637556°W﻿ / 50.450389; -104.637556
 The Regina Blues were a Tier-II Junior ""A"" team based in Regina, Saskatchewan.  They were members of the Saskatchewan Junior Hockey League.
 The ""Pat Blues"" were created in 1970 when the Regina Pats transferred from the SJHL to the Western Hockey League to maintain their Memorial Cup eligibility. The Blues were the Junior ""A"" affiliate team for the Major Junior parent club Regina Pats and played their home games at Regina Exhibition Stadium (1970–77) and Regina Agridome (1977–82, now called the Brandt Centre).
 
 This Canadian ice hockey team-related article is a stub. You can help Wikipedia by adding missing information. This Saskatchewan-related article is a stub. You can help Wikipedia by adding missing information.","
^ ""Broncos oust Regina"". The Leader-Post. March 13, 1975. p. 16 – via Newspapers.com. 

","          n             w               n            w                          
 the regina blues were a tier ii junior  a  team based in regina  saskatchewan   they were members of the saskatchewan junior hockey league 
 the  pat blues  were created in      when the regina pats transferred from the sjhl to the western hockey league to maintain their memorial cup eligibility  the blues were the junior  a  affiliate team for the major junior parent club regina pats and played their home games at regina exhibition stadium           and regina agridome           now called the brandt centre  
 
 this canadian ice hockey team related article is a stub  you can help wikipedia by adding missing information  this saskatchewan related article is a stub  you can help wikipedia by adding missing information ","['regina', 'blues', 'tier', 'junior', 'team', 'based', 'regina', 'saskatchewan', 'members', 'saskatchewan', 'junior', 'hockey', 'league', 'pat', 'blues', 'created', 'regina', 'pats', 'transferred', 'sjhl', 'western', 'hockey', 'league', 'maintain', 'memorial', 'cup', 'eligibility', 'blues', 'junior', 'affiliate', 'team', 'major', 'junior', 'parent', 'club', 'regina', 'pats', 'played', 'home', 'games', 'regina', 'exhibition', 'stadium', 'regina', 'agridome', 'called', 'brandt', 'centre', 'canadian', 'ice', 'hockey', 'team', 'related', 'article', 'stub', 'help', 'wikipedia', 'adding', 'missing', 'information', 'saskatchewan', 'related', 'article', 'stub', 'help', 'wikipedia', 'adding', 'missing', 'information']"
Alastor sulcatus,"
 Alastor sulcatus is a species of wasp in the family Vespidae.[1]
 This Alastor-related article is a stub. You can help Wikipedia by adding missing information.","
^ Alastor at www.biolib.cz.

","
 alastor sulcatus is a species of wasp in the family vespidae  
 this alastor related article is a stub  you can help wikipedia by adding missing information ","['alastor', 'sulcatus', 'species', 'wasp', 'family', 'vespidae', 'alastor', 'related', 'article', 'stub', 'help', 'wikipedia', 'adding', 'missing', 'information']"
Kevin Harley,"Kevin Harley (born 20 April 1994) is a French basketball player who last played for French Pro B league club Élan Chalon.[1]
 
 This biographical article relating to a French basketball figure is a stub. You can help Wikipedia by adding missing information.","
^ ""Official Team Page"" (in French). Archived from the original on August 13, 2019. Retrieved August 13, 2019.

","kevin harley  born    april       is a french basketball player who last played for french pro b league club  lan chalon  
 
 this biographical article relating to a french basketball figure is a stub  you can help wikipedia by adding missing information ","['kevin', 'harley', 'born', 'april', 'french', 'basketball', 'player', 'last', 'played', 'french', 'pro', 'league', 'club', 'lan', 'chalon', 'biographical', 'article', 'relating', 'french', 'basketball', 'figure', 'stub', 'help', 'wikipedia', 'adding', 'missing', 'information']"
John McGill (bishop),"
 John McGill (November 4, 1809 – January 14, 1872) was an American prelate of the Roman Catholic Church. He served as bishop of the Diocese of Richmond in Virginia from 1850 until his death in 1872.
 The oldest of ten children, John McGill was born on November 4, 1809, in Philadelphia, Pennsylvania, to James and Lavinia (née Dougherty) McGill, immigrants from County Donegal, Ireland.[1] Following the birth of their sixth child, his parents moved the family to Bardstown, Kentucky, in 1819. At age 11, McGill entered St. Joseph's College, where he studied the classics.  In 1824, wanting to go into the priesthood, he went to St. Thomas' Seminary in Bardstown.  However, he dropped out after two years to study law under future Kentucky Governor Charles A. Wickliffe in Bardstown[1][2]
 After getting his law license, McGill moved to New Orleans to practice law.  Six months later, he returned to Kentucky to work with newly elected U.S. Representative Thomas Chilton.[1] Despite his great financial success as a lawyer, McGill decided to resume his preparation for the priesthood by entering St. Mary's Seminary in Baltimore, Maryland.[1]
 McGill was ordained to the priesthood at St. Joseph's Cathedral in Bardstown, Kentucky, for the Diocese of Bardstown by Bishop John David on June 13, 1835.[3] After his ordination, McGill served as an assistant priest at St. Peter's Parish in Lexington, Kentucky, and at the Assumption Cathedral Parish in Louisville. In 1838, Coadjutor Bishop Guy Ignatius Chabrat sent McGill to Europe to accompany the frail Bishop Benedict Flaget back to Kentucky.  This gave McGill a chance to see Rome and recuperate from his own illness.[1]
 In 1839,  McGill was appointed editor of the Catholic Advocate, which he used to attack Protestantism.  He engaged in a written dispute with an Episcopalian minister about the history of the Church of England.  McGill also traded opinions with five other Protestant ministers in the local papers. McGill later became an assistant to Ignatius A. Reynolds, then vicar general of the diocese.  McGill was named as pastor of St. Louis' Parish in Louisville.[1]
 On July 23, 1850, Pope Pius IX divided the Diocese of Richmond into two small dioceses, Richmond and Wheeling, and appointed McGill as the third bishop of Richmond.[3] He received his episcopal consecration on November 10, 1850, at St. Joseph's Cathedral from Archbishop Peter Kenrick, with Bishops Richard Miles and Martin Spalding serving as co-consecrators.[3]
 When McGill arrived in Richmond in December 1850, the diocese had 7,000 Catholics, eight priests, and 10 churches.[1] He went to Rome in 1854 to be present at the definition of the Immaculate Conception, and convened the first diocesan synod in 1855. During his tenure, Virginia was devastated by yellow fever and cholera epidemics.
 During the American Civil War, Catholics in the South were unable to purchase Catholic books published in the North.  To fill the gap, McGill wrote, ""The True Church Indicated to the Inquirer"" and ""Our Faith, the Victory"", republished as ""The Creed of Catholics"".[1] He also visited Union Army prisoners of war in the Libby Prison in Richmond, doing what he could to aid them.  In 1867, McGill brought the Sisters of Charity from Emmitburgh, Maryland, to set up a school in the diocese.[1]  According to his contemporaries, McGill was a very kind person, good with children and supportive of his priests.  An accomplished speaker, McGill addressed congregations in Cincinnati, Charleston, Louisville, and Baltimore, as well as in Paris and Rome.[1]
 McGill attended the First Vatican Council in Rome from 1869 to 1870, where he supported papal infallibility.[1]  While in Rome, he suddenly lost vision in one eye and started experiencing other symptoms. By the time he returned to Richmond, his health had worsened.[1]
 John McGill died of stomach cancer on January 14, 1872, at Richmond, aged 62.[3][1]
","
^ a b c d e f g h i j k l m Clarke, Richard Henry (1888). Lives of the Deceased Bishops of the Catholic Church in the United States. Vol. III.

^ Clarke, Richard Henry (1888). Lives of the Deceased Bishops of the Catholic Church in the United States. R. H. Clarke.

^ a b c d ""Bishop John McGill"". Catholic-Hierarchy.org.

","
 john mcgill  november           january           was an american prelate of the roman catholic church  he served as bishop of the diocese of richmond in virginia from      until his death in      
 the oldest of ten children  john mcgill was born on november          in philadelphia  pennsylvania  to james and lavinia  n e dougherty  mcgill  immigrants from county donegal  ireland   following the birth of their sixth child  his parents moved the family to bardstown  kentucky  in       at age     mcgill entered st  joseph s college  where he studied the classics   in       wanting to go into the priesthood  he went to st  thomas  seminary in bardstown   however  he dropped out after two years to study law under future kentucky governor charles a  wickliffe in bardstown  
 after getting his law license  mcgill moved to new orleans to practice law   six months later  he returned to kentucky to work with newly elected u s  representative thomas chilton   despite his great financial success as a lawyer  mcgill decided to resume his preparation for the priesthood by entering st  mary s seminary in baltimore  maryland  
 mcgill was ordained to the priesthood at st  joseph s cathedral in bardstown  kentucky  for the diocese of bardstown by bishop john david on june            after his ordination  mcgill served as an assistant priest at st  peter s parish in lexington  kentucky  and at the assumption cathedral parish in louisville  in       coadjutor bishop guy ignatius chabrat sent mcgill to europe to accompany the frail bishop benedict flaget back to kentucky   this gave mcgill a chance to see rome and recuperate from his own illness  
 in        mcgill was appointed editor of the catholic advocate  which he used to attack protestantism   he engaged in a written dispute with an episcopalian minister about the history of the church of england   mcgill also traded opinions with five other protestant ministers in the local papers  mcgill later became an assistant to ignatius a  reynolds  then vicar general of the diocese   mcgill was named as pastor of st  louis  parish in louisville  
 on july           pope pius ix divided the diocese of richmond into two small dioceses  richmond and wheeling  and appointed mcgill as the third bishop of richmond   he received his episcopal consecration on november           at st  joseph s cathedral from archbishop peter kenrick  with bishops richard miles and martin spalding serving as co consecrators  
 when mcgill arrived in richmond in december       the diocese had       catholics  eight priests  and    churches   he went to rome in      to be present at the definition of the immaculate conception  and convened the first diocesan synod in       during his tenure  virginia was devastated by yellow fever and cholera epidemics 
 during the american civil war  catholics in the south were unable to purchase catholic books published in the north   to fill the gap  mcgill wrote   the true church indicated to the inquirer  and  our faith  the victory   republished as  the creed of catholics    he also visited union army prisoners of war in the libby prison in richmond  doing what he could to aid them   in       mcgill brought the sisters of charity from emmitburgh  maryland  to set up a school in the diocese    according to his contemporaries  mcgill was a very kind person  good with children and supportive of his priests   an accomplished speaker  mcgill addressed congregations in cincinnati  charleston  louisville  and baltimore  as well as in paris and rome  
 mcgill attended the first vatican council in rome from      to       where he supported papal infallibility    while in rome  he suddenly lost vision in one eye and started experiencing other symptoms  by the time he returned to richmond  his health had worsened  
 john mcgill died of stomach cancer on january           at richmond  aged      
","['john', 'mcgill', 'november', 'january', 'american', 'prelate', 'roman', 'catholic', 'church', 'served', 'bishop', 'diocese', 'richmond', 'virginia', 'death', 'oldest', 'ten', 'children', 'john', 'mcgill', 'born', 'november', 'philadelphia', 'pennsylvania', 'james', 'lavinia', 'dougherty', 'mcgill', 'immigrants', 'county', 'donegal', 'ireland', 'following', 'birth', 'sixth', 'child', 'parents', 'moved', 'family', 'bardstown', 'kentucky', 'age', 'mcgill', 'entered', 'joseph', 'college', 'studied', 'classics', 'wanting', 'priesthood', 'went', 'thomas', 'seminary', 'bardstown', 'however', 'dropped', 'two', 'years', 'study', 'law', 'future', 'kentucky', 'governor', 'charles', 'wickliffe', 'bardstown', 'getting', 'law', 'license', 'mcgill', 'moved', 'new', 'orleans', 'practice', 'law', 'six', 'months', 'later', 'returned', 'kentucky', 'work', 'newly', 'elected', 'representative', 'thomas', 'chilton', 'despite', 'great', 'financial', 'success', 'lawyer', 'mcgill', 'decided', 'resume', 'preparation', 'priesthood', 'entering', 'mary', 'seminary', 'baltimore', 'maryland', 'mcgill', 'ordained', 'priesthood', 'joseph', 'cathedral', 'bardstown', 'kentucky', 'diocese', 'bardstown', 'bishop', 'john', 'david', 'june', 'ordination', 'mcgill', 'served', 'assistant', 'priest', 'peter', 'parish', 'lexington', 'kentucky', 'assumption', 'cathedral', 'parish', 'louisville', 'coadjutor', 'bishop', 'guy', 'ignatius', 'chabrat', 'sent', 'mcgill', 'europe', 'accompany', 'frail', 'bishop', 'benedict', 'flaget', 'back', 'kentucky', 'gave', 'mcgill', 'chance', 'see', 'rome', 'recuperate', 'illness', 'mcgill', 'appointed', 'editor', 'catholic', 'advocate', 'used', 'attack', 'protestantism', 'engaged', 'written', 'dispute', 'episcopalian', 'minister', 'history', 'church', 'england', 'mcgill', 'also', 'traded', 'opinions', 'five', 'protestant', 'ministers', 'local', 'papers', 'mcgill', 'later', 'became', 'assistant', 'ignatius', 'reynolds', 'vicar', 'general', 'diocese', 'mcgill', 'named', 'pastor', 'louis', 'parish', 'louisville', 'july', 'pope', 'pius', 'divided', 'diocese', 'richmond', 'two', 'small', 'dioceses', 'richmond', 'wheeling', 'appointed', 'mcgill', 'third', 'bishop', 'richmond', 'received', 'episcopal', 'consecration', 'november', 'joseph', 'cathedral', 'archbishop', 'peter', 'kenrick', 'bishops', 'richard', 'miles', 'martin', 'spalding', 'serving', 'consecrators', 'mcgill', 'arrived', 'richmond', 'december', 'diocese', 'catholics', 'eight', 'priests', 'churches', 'went', 'rome', 'present', 'definition', 'immaculate', 'conception', 'convened', 'first', 'diocesan', 'synod', 'tenure', 'virginia', 'devastated', 'yellow', 'fever', 'cholera', 'epidemics', 'american', 'civil', 'war', 'catholics', 'south', 'unable', 'purchase', 'catholic', 'books', 'published', 'north', 'fill', 'gap', 'mcgill', 'wrote', 'true', 'church', 'indicated', 'inquirer', 'faith', 'victory', 'republished', 'creed', 'catholics', 'also', 'visited', 'union', 'army', 'prisoners', 'war', 'libby', 'prison', 'richmond', 'could', 'aid', 'mcgill', 'brought', 'sisters', 'charity', 'emmitburgh', 'maryland', 'set', 'school', 'diocese', 'according', 'contemporaries', 'mcgill', 'kind', 'person', 'good', 'children', 'supportive', 'priests', 'accomplished', 'speaker', 'mcgill', 'addressed', 'congregations', 'cincinnati', 'charleston', 'louisville', 'baltimore', 'well', 'paris', 'rome', 'mcgill', 'attended', 'first', 'vatican', 'council', 'rome', 'supported', 'papal', 'infallibility', 'rome', 'suddenly', 'lost', 'vision', 'one', 'eye', 'started', 'experiencing', 'symptoms', 'time', 'returned', 'richmond', 'health', 'worsened', 'john', 'mcgill', 'died', 'stomach', 'cancer', 'january', 'richmond', 'aged']"
Carl Plötz,"Carl Plötz (1814 – 12 August 1886, Greifswald) was a German entomologist who specialised in Lepidoptera and in particular Hesperiidae.
He was a member of the Entomological Society of Stettin. He wrote (from 1879 onwards)
 This article about a German entomologist is a stub. You can help Wikipedia by adding missing information.",,"carl pl tz            august       greifswald  was a german entomologist who specialised in lepidoptera and in particular hesperiidae 
he was a member of the entomological society of stettin  he wrote  from      onwards 
 this article about a german entomologist is a stub  you can help wikipedia by adding missing information ","['carl', 'august', 'greifswald', 'german', 'entomologist', 'specialised', 'lepidoptera', 'particular', 'hesperiidae', 'member', 'entomological', 'society', 'stettin', 'wrote', 'onwards', 'article', 'german', 'entomologist', 'stub', 'help', 'wikipedia', 'adding', 'missing', 'information']"
Donghu,"Donghu may refer to:
",,"donghu may refer to 
","['donghu', 'may', 'refer']"
Nadie como tú (TV series),"
 Nadie como tú (English title: One of a Kind)[2] is a Mexican telenovela produced by Ignacio Sada Madero for TelevisaUnivision. The series is based on the 2010 Portuguese telenovela Espírito Indomável, created by Sandra Santos.[3] It aired on Las Estrellas from 14 August 2023 to 28 January 2024.[4][5] The series stars Eduardo Santamarina, Karla Esquivel, Brandon Peniche, Diego Olivera, Alejandra Barros, Irina Baeva, Iván Arana and Elizabeth Álvarez.[6]
 Twenty-one years ago, Raimundo Madrigal and José María Figueroa move to San Miguel Arcángel with their families to become mezcal producers. Teresa, Ramundo's wife, has an affair with José María and when Raimundo finds out he attacks her. Teresa flees with her children, but Raimundo pursues her and causes a car accident where Bianca, the youngest of the Madrigals, is left for dead. Bianca is rescued by Eréndira, who takes her home to pass her off as her deceased daughter, Ximena. Meanwhile, Teresa decides to distance herself from José María and stay with Raimundo. Having been accused of witchcraft, Eréndira escapes with Hugo and Bianca (Ximena), and finds a job at the Figueroa estate. Years later, Ximena falls in love with Salvador, José María's son. Eréndira confesses to Ximena that she is actually Bianca Madrigal, causing Ximena to doubt her entire life. The hatred between the Madrigals and the Figueroas is reignited with the revelation of Ximena's origin, which prevents her and Salvador from being together.[7]
 In February 2023, it was reported that Ignacio Sada Madero had begun pre-production on his next telenovela.[8] On 15 March 2023, Brandon Peniche was announced in the lead role, with Irina Baeva being cast as the antagonist of the story.[9] On 24 March 2023, Karla Esquivel was announced to star opposite of Peniche.[10][6] Filming began on 8 May 2023.[11]
","
^ Premiered early online through Las Estrellas website on 11 August 2023.[14]

 
^ García, Diana (9 August 2023). ""Majo Aguilar da voz al tema principal de la telenovela 'Nadie Como tú'"". AZCentral (in Spanish). Retrieved 10 August 2023.

^ ""One of a Kind | Televisa Univision"". screenings.televisaunivision.com. Retrieved 11 July 2024.

^ Palacios, Diana (1 May 2023). ""El triángulo amoroso de Nadie Como Tú en primeras imágenes"". chispa.tv (in Spanish). Retrieved 10 May 2023.

^ Cruz, Alan (24 July 2023). ""Estas son las nuevas telenovelas que Televisa ESTRENA en Agosto 2023"". gluc.mx (in Spanish). Retrieved 24 July 2023.

^ Mobarak, Santiago (16 January 2024). ""Nadie como tú: ¿Cuándo y dónde ver el gran final de la telenovela?"". lasestrellas.tv (in Spanish). Retrieved 16 January 2024.

^ a b González, Moisés (28 March 2023). ""¡Entrevista! Productor Ignacio Sada nos presenta al elenco de su telenovela Nadie como tú"". People en Español (in Spanish). Retrieved 9 May 2023.

^ Mobarak, Santiago (1 August 2023). ""Nadie Como Tú: ¿Cuándo y dónde se estrena la telenovela?"". lasestrellas.tv (in Spanish). Retrieved 7 August 2023.

^ Origel, Juan José (13 February 2023). ""El próximo mes llega a Las Estrellas el programa 'Mi Famosos y Yo'"". elsoldemexico.com.mx (in Spanish). Archived from the original on 24 October 2023. Retrieved 8 May 2023.

^ González, Moisés (15 March 2023). ""Erika Buenfil se despide de Perdona nuestros pecados, y otras 5 noticias ¡de telenovela!"". People en Español (in Spanish). Retrieved 8 May 2023.

^ ""Nueva protagonista en Televisa: Karla Esquivel llega a 'Nadie como tú'"". TVyNovelas (in Spanish). 24 March 2023. Archived from the original on 25 March 2023. Retrieved 8 May 2023.

^ González, Moisés (10 May 2023). ""Primer vistazo a la telenovela Nadie como tú, que ya se graba en México"". People en Español (in Spanish). Retrieved 10 May 2023.

^ @TUPrensa (15 August 2023). ""5.2 millones de personas nos acompañaron al GRAN ESTRENO de #NadieComoTú ¡Gracias por ser parte de esta nueva historia!"" (Tweet) (in Spanish) – via X (formerly Twitter).

^ @TUPrensa (29 January 2024). ""El GRAN FINAL de #NadieComoTú fue visto por 4.1 millones de personas ¡Gracias por vivir una historia más con nosotros!"" (Tweet) (in Spanish) – via X (formerly Twitter).

^ ""Nadie como tú tendrá preestreno digital"". El Siglo de Torreón (in Spanish). 10 August 2023. Retrieved 10 August 2023.

","
 nadie como t   english title  one of a kind   is a mexican telenovela produced by ignacio sada madero for televisaunivision  the series is based on the      portuguese telenovela esp rito indom vel  created by sandra santos   it aired on las estrellas from    august      to    january         the series stars eduardo santamarina  karla esquivel  brandon peniche  diego olivera  alejandra barros  irina baeva  iv n arana and elizabeth  lvarez  
 twenty one years ago  raimundo madrigal and jos  mar a figueroa move to san miguel arc ngel with their families to become mezcal producers  teresa  ramundo s wife  has an affair with jos  mar a and when raimundo finds out he attacks her  teresa flees with her children  but raimundo pursues her and causes a car accident where bianca  the youngest of the madrigals  is left for dead  bianca is rescued by er ndira  who takes her home to pass her off as her deceased daughter  ximena  meanwhile  teresa decides to distance herself from jos  mar a and stay with raimundo  having been accused of witchcraft  er ndira escapes with hugo and bianca  ximena   and finds a job at the figueroa estate  years later  ximena falls in love with salvador  jos  mar a s son  er ndira confesses to ximena that she is actually bianca madrigal  causing ximena to doubt her entire life  the hatred between the madrigals and the figueroas is reignited with the revelation of ximena s origin  which prevents her and salvador from being together  
 in february       it was reported that ignacio sada madero had begun pre production on his next telenovela   on    march       brandon peniche was announced in the lead role  with irina baeva being cast as the antagonist of the story   on    march       karla esquivel was announced to star opposite of peniche    filming began on   may       
","['nadie', 'como', 'english', 'title', 'one', 'kind', 'mexican', 'telenovela', 'produced', 'ignacio', 'sada', 'madero', 'televisaunivision', 'series', 'based', 'portuguese', 'telenovela', 'esp', 'rito', 'indom', 'vel', 'created', 'sandra', 'santos', 'aired', 'las', 'estrellas', 'august', 'january', 'series', 'stars', 'eduardo', 'santamarina', 'karla', 'esquivel', 'brandon', 'peniche', 'diego', 'olivera', 'alejandra', 'barros', 'irina', 'baeva', 'arana', 'elizabeth', 'lvarez', 'twenty', 'one', 'years', 'ago', 'raimundo', 'madrigal', 'jos', 'mar', 'figueroa', 'move', 'san', 'miguel', 'arc', 'ngel', 'families', 'become', 'mezcal', 'producers', 'teresa', 'ramundo', 'wife', 'affair', 'jos', 'mar', 'raimundo', 'finds', 'attacks', 'teresa', 'flees', 'children', 'raimundo', 'pursues', 'causes', 'car', 'accident', 'bianca', 'youngest', 'madrigals', 'left', 'dead', 'bianca', 'rescued', 'ndira', 'takes', 'home', 'pass', 'deceased', 'daughter', 'ximena', 'meanwhile', 'teresa', 'decides', 'distance', 'jos', 'mar', 'stay', 'raimundo', 'accused', 'witchcraft', 'ndira', 'escapes', 'hugo', 'bianca', 'ximena', 'finds', 'job', 'figueroa', 'estate', 'years', 'later', 'ximena', 'falls', 'love', 'salvador', 'jos', 'mar', 'son', 'ndira', 'confesses', 'ximena', 'actually', 'bianca', 'madrigal', 'causing', 'ximena', 'doubt', 'entire', 'life', 'hatred', 'madrigals', 'figueroas', 'reignited', 'revelation', 'ximena', 'origin', 'prevents', 'salvador', 'together', 'february', 'reported', 'ignacio', 'sada', 'madero', 'begun', 'pre', 'production', 'next', 'telenovela', 'march', 'brandon', 'peniche', 'announced', 'lead', 'role', 'irina', 'baeva', 'cast', 'antagonist', 'story', 'march', 'karla', 'esquivel', 'announced', 'star', 'opposite', 'peniche', 'filming', 'began', 'may']"
Kadian (disambiguation),"Kadian is a formulation of morphine.
 Kadian may also refer to:
",,"kadian is a formulation of morphine 
 kadian may also refer to 
","['kadian', 'formulation', 'morphine', 'kadian', 'may', 'also', 'refer']"
Steve Karsay,"
 As coach
 Stefan Andrew Karsay (born March 24, 1972) is an American former professional baseball pitcher. He played in Major League Baseball (MLB) for the Oakland Athletics (1993–94, 1997, 2006), Cleveland Indians (1998–2001), Atlanta Braves (2001), New York Yankees (2002, 2004–05), and Texas Rangers (2005). He later served as the bullpen coach for the Milwaukee Brewers (2019–2021). Most recently, he was the bullpen coach for the Los Angeles Angels.
 Karsay grew up in the College Point neighborhood in Queens, New York City, just a few miles from Shea Stadium.[1] Karsay was a ""star pitcher"" at Christ the King Regional High School in Middle Village, Queens. He initially committed to play college baseball at Louisiana State.[2] He was named the Gatorade High School Baseball Player of the Year for New York in 1990.[3]
 A 1st round draft pick of the Toronto Blue Jays in 1990, Karsay was traded to the Athletics along with outfielder José Herrera for Rickey Henderson on July 31, 1993.  A starter in his early days with the Athletics, Karsay worked mostly in middle relief and as a set-up man from 1998 on, although he also had some notable success as a closer in 2000 with the Indians and 2002 with the Yankees.
 His career was marred by injuries, causing him to miss the 1995 (elbow surgery), 1996 (Tommy John surgery) and 2003 (shoulder surgery) seasons; in all, he was on the disabled list seven times.[4]
 On July 28, 2005, together with Scott Feldman and A. J. Murray, he threw a perfect game against the Corpus Christi Hooks. It was the first combined nine-inning perfect game in Texas League history, and the third overall.[5][6]
 Finally, at age 34, Karsay announced his retirement on June 18, 2006, the day after pitching two scoreless innings against the Los Angeles Dodgers and getting the win in a 17-inning marathon for the Athletics.  He finished his 11-year Major League career with a 32–39 record, 41 saves, and a 4.01 ERA in 357 career appearances, including 40 starts.[7][8]
 In 2012 the Cleveland Indians hired Karsay as pitching coach for the rookie-level AZL Indians.[9] In 2016, Karsay was promoted to be the pitching coach for the Cleveland Indians Class-AAA affiliate, the Columbus Clippers.[10]
 Karsay was hired by the Milwaukee Brewers as their bullpen coach on November 19, 2018.[11] He stepped down following the 2021 season to spend more time with his family.[12]
 On November 30, 2023, Karsay was hired as the new Los Angeles Angels bullpen coach[13] and served in that position until 2025.
","
^ ""Closing suits Karsay"", The Atlanta Journal-Constitution, June 25, 2001, ""Karsay, 29, grew up in College Point, NY, five miles from Shea Stadium.""

^ Harvin, Al (June 5, 1990). ""Xaverian Takes Title In Catholic League"". New York Times. Retrieved April 13, 2022.

^ ""Steve Karsay 1989 - 1990 NEW YORK BASEBALL PLAYER OF THE YEAR"". playeroftheyear.gatorade.com. Gatorade. Retrieved April 13, 2022.

^ Ryan Quinn. Notes: Karsay returns to Oakland, MLB.com, 5/16/2006 [permanent dead link]

^ ""Baseball America's Daily Dish"", Baseball America, 7/29/05, accessed 8/14/09

^ Rajan, Greg, ""Pitchers perfect:  It's 27 up, 27 down as CC falls to Frisco"", Corpus Christi Caller-Times, 7/29/05, accessed 8/14/09 [permanent dead link]

^ Press Release. A's reliever Karsay announces retirement, Oakland Athletics, 6/18/2006.[dead link] 

^ Rick Eymer. Notes: Karsay ends career the right way, MLB.com, 6/18/2006[dead link] 

^ Hoynes, Paul (December 2, 2011). ""Steve Karsay, Scott Erickson hired as minor league pitching coaches by Cleveland Indians"". The Plain Dealer. Retrieved November 15, 2025.

^ ""Coaching Staff"".

^ Hoynes, Paul (November 20, 2018). ""Class AAA pitching coach Steve Karsay leaves Cleveland Indians to become Milwaukee Brewers' bullpen coach"". Cleveland.com.

^ McCalvy, Adam (January 18, 2022). ""Henderson, Erickson Promoted to MLB Staff"". Milwaukee Brewers. Major League Baseball. Retrieved January 18, 2021.

^ Camras, Noah (November 28, 2023). ""Angels Hire New Bullpen Coach Under Ron Washington"". Los Angeles Angels On SI. Retrieved November 6, 2025.

","
 as coach
 stefan andrew karsay  born march           is an american former professional baseball pitcher  he played in major league baseball  mlb  for the oakland athletics                        cleveland indians              atlanta braves         new york yankees                  and texas rangers         he later served as the bullpen coach for the milwaukee brewers              most recently  he was the bullpen coach for the los angeles angels 
 karsay grew up in the college point neighborhood in queens  new york city  just a few miles from shea stadium   karsay was a  star pitcher  at christ the king regional high school in middle village  queens  he initially committed to play college baseball at louisiana state   he was named the gatorade high school baseball player of the year for new york in       
 a  st round draft pick of the toronto blue jays in       karsay was traded to the athletics along with outfielder jos  herrera for rickey henderson on july            a starter in his early days with the athletics  karsay worked mostly in middle relief and as a set up man from      on  although he also had some notable success as a closer in      with the indians and      with the yankees 
 his career was marred by injuries  causing him to miss the       elbow surgery         tommy john surgery  and       shoulder surgery  seasons  in all  he was on the disabled list seven times  
 on july           together with scott feldman and a  j  murray  he threw a perfect game against the corpus christi hooks  it was the first combined nine inning perfect game in texas league history  and the third overall   
 finally  at age     karsay announced his retirement on june           the day after pitching two scoreless innings against the los angeles dodgers and getting the win in a    inning marathon for the athletics   he finished his    year major league career with a       record     saves  and a      era in     career appearances  including    starts   
 in      the cleveland indians hired karsay as pitching coach for the rookie level azl indians   in       karsay was promoted to be the pitching coach for the cleveland indians class aaa affiliate  the columbus clippers  
 karsay was hired by the milwaukee brewers as their bullpen coach on november            he stepped down following the      season to spend more time with his family  
 on november           karsay was hired as the new los angeles angels bullpen coach  and served in that position until      
","['coach', 'stefan', 'andrew', 'karsay', 'born', 'march', 'american', 'former', 'professional', 'baseball', 'pitcher', 'played', 'major', 'league', 'baseball', 'mlb', 'oakland', 'athletics', 'cleveland', 'indians', 'atlanta', 'braves', 'new', 'york', 'yankees', 'texas', 'rangers', 'later', 'served', 'bullpen', 'coach', 'milwaukee', 'brewers', 'recently', 'bullpen', 'coach', 'los', 'angeles', 'angels', 'karsay', 'grew', 'college', 'point', 'neighborhood', 'queens', 'new', 'york', 'city', 'miles', 'shea', 'stadium', 'karsay', 'star', 'pitcher', 'christ', 'king', 'regional', 'high', 'school', 'middle', 'village', 'queens', 'initially', 'committed', 'play', 'college', 'baseball', 'louisiana', 'state', 'named', 'gatorade', 'high', 'school', 'baseball', 'player', 'year', 'new', 'york', 'round', 'draft', 'pick', 'toronto', 'blue', 'jays', 'karsay', 'traded', 'athletics', 'along', 'outfielder', 'jos', 'herrera', 'rickey', 'henderson', 'july', 'starter', 'early', 'days', 'athletics', 'karsay', 'worked', 'mostly', 'middle', 'relief', 'set', 'man', 'although', 'also', 'notable', 'success', 'closer', 'indians', 'yankees', 'career', 'marred', 'injuries', 'causing', 'miss', 'elbow', 'surgery', 'tommy', 'john', 'surgery', 'shoulder', 'surgery', 'seasons', 'disabled', 'list', 'seven', 'times', 'july', 'together', 'scott', 'feldman', 'murray', 'threw', 'perfect', 'game', 'corpus', 'christi', 'hooks', 'first', 'combined', 'nine', 'inning', 'perfect', 'game', 'texas', 'league', 'history', 'third', 'overall', 'finally', 'age', 'karsay', 'announced', 'retirement', 'june', 'day', 'pitching', 'two', 'scoreless', 'innings', 'los', 'angeles', 'dodgers', 'getting', 'win', 'inning', 'marathon', 'athletics', 'finished', 'year', 'major', 'league', 'career', 'record', 'saves', 'era', 'career', 'appearances', 'including', 'starts', 'cleveland', 'indians', 'hired', 'karsay', 'pitching', 'coach', 'rookie', 'level', 'azl', 'indians', 'karsay', 'promoted', 'pitching', 'coach', 'cleveland', 'indians', 'class', 'aaa', 'affiliate', 'columbus', 'clippers', 'karsay', 'hired', 'milwaukee', 'brewers', 'bullpen', 'coach', 'november', 'stepped', 'following', 'season', 'spend', 'time', 'family', 'november', 'karsay', 'hired', 'new', 'los', 'angeles', 'angels', 'bullpen', 'coach', 'served', 'position']"
"Ivanovka, Vologda Oblast","Ivanovka (Russian: Ивановка) is a rural locality (a village) in Markovskoye Rural Settlement, Vologodsky District, Vologda Oblast, Russia. The population was 2 as of 2002.[2]
 Ivanovka is located 31 km southeast of Vologda (the district's administrative centre) by road. Spass is the nearest rural locality.[3]
 
 This Vologodsky District location article is a stub. You can help Wikipedia by adding missing information.","
^ Деревня Ивановка на карте

^ Данные переписи 2002 года: таблица 2С. М.: Федеральная служба государственной статистики, 2004.

^ Расстояние от Ивановки до Вологды

","ivanovka  russian            is a rural locality  a village  in markovskoye rural settlement  vologodsky district  vologda oblast  russia  the population was   as of       
 ivanovka is located    km southeast of vologda  the district s administrative centre  by road  spass is the nearest rural locality  
 
 this vologodsky district location article is a stub  you can help wikipedia by adding missing information ","['ivanovka', 'russian', 'rural', 'locality', 'village', 'markovskoye', 'rural', 'settlement', 'vologodsky', 'district', 'vologda', 'oblast', 'russia', 'population', 'ivanovka', 'located', 'southeast', 'vologda', 'district', 'administrative', 'centre', 'road', 'spass', 'nearest', 'rural', 'locality', 'vologodsky', 'district', 'location', 'article', 'stub', 'help', 'wikipedia', 'adding', 'missing', 'information']"
Camille Vélez-Rivé,"
 Camille Lizette Vélez-Rivé (born February 5, 1968) is a United States district judge of the United States District Court for the District of Puerto Rico. She previously served as a United States magistrate judge of the same court from 2004 to 2022.
 Vélez-Rivé was born on February 5, 1968, in San Juan, Puerto Rico.[1] Vélez-Rivé graduated from the Academia del Perpetuo Socorro. She received a Bachelor of Arts from Washington University in St. Louis in 1989 and a Juris Doctor, magna cum laude, from the University of Puerto Rico Law School in 1993.[2]
 Vélez-Rivé served as a law clerk for Justice Francisco Rebollo López of the Puerto Rico Supreme Court from 1993 to 1994. From 1994 to 1997, she was an associate at Pietrantoni Méndez & Alvarez in San Juan, Puerto Rico. From 1998 to 2004, she was an assistant United States attorney in the United States Attorney's Office for the District of Puerto Rico.[2]
 Vélez-Rivé served as a United States magistrate judge for the District of Puerto Rico from 2004 to 2022.[2][3]
 On June 15, 2022, President Joe Biden nominated Vélez-Rivé to serve as a United States district judge of the United States District Court for the District of Puerto Rico. President Biden nominated Vélez-Rivé to the seat vacated by Judge Francisco Besosa, who assumed senior status on January 1, 2022.[4] On July 13, 2022, a hearing on her nomination was held before the Senate Judiciary Committee.[5] On August 4, 2022, her nomination was reported out of committee by a 14–8 vote.[6] On November 30, 2022, the United States Senate invoked cloture on her nomination by a 54–43 vote.[7] Later that day, her nomination was confirmed by a 55–42 vote.[8] She received her judicial commission on December 9, 2022,[9] and was sworn in on the same day.[10]
","
^ ""Hon. Camille L. Vélez-Rivé U.S. Magistrate Judge, District of Puerto Rico"" (PDF). fedbar.org. May 1, 2014. Retrieved June 15, 2022.

^ a b c ""President Biden Names Nineteenth Round of Judicial Nominees"" (Press release). Washington, D.C.: The White House. June 15, 2022. Retrieved June 15, 2022.  This article incorporates text from this source, which is in the public domain.

^ ""Directory of Information"". Archived from the original on August 25, 2011.

^ ""Nominations Sent to the Senate"" (Press release). Washington, D.C.: The White House. June 15, 2022.  This article incorporates text from this source, which is in the public domain.

^ ""Nominations"". Washington, D.C.: United States Senate Committee on the Judiciary. July 12, 2022.

^ ""Results of Executive Business Meeting – August 4, 2022"" (PDF). United States Senate Committee on the Judiciary. Retrieved August 4, 2022.

^ ""On the Cloture Motion (Motion to Invoke Cloture: Camille L. Velez-Rive to be U.S. District Judge for the District of Puerto Rico)"". United States Senate. Retrieved November 30, 2022.

^ ""On the Nomination (Confirmation: Camille L. Velez-Rive, of Puerto Rico, to be United States District Judge for the District of Puerto Rico)"". United States Senate. November 30, 2022. Retrieved November 30, 2022.

^ Camille Vélez-Rivé at the Biographical Directory of Federal Judges, a publication of the Federal Judicial Center.

^ ""Judge Camille L. Vélez-Rivé Sworn in as United States District Judge"" (PDF). prd.uscourts.gov (Press release). December 9, 2022. Retrieved May 28, 2023.

","
 camille lizette v lez riv   born february          is a united states district judge of the united states district court for the district of puerto rico  she previously served as a united states magistrate judge of the same court from      to      
 v lez riv  was born on february          in san juan  puerto rico   v lez riv  graduated from the academia del perpetuo socorro  she received a bachelor of arts from washington university in st  louis in      and a juris doctor  magna cum laude  from the university of puerto rico law school in       
 v lez riv  served as a law clerk for justice francisco rebollo l pez of the puerto rico supreme court from      to       from      to       she was an associate at pietrantoni m ndez   alvarez in san juan  puerto rico  from      to       she was an assistant united states attorney in the united states attorney s office for the district of puerto rico  
 v lez riv  served as a united states magistrate judge for the district of puerto rico from      to        
 on june           president joe biden nominated v lez riv  to serve as a united states district judge of the united states district court for the district of puerto rico  president biden nominated v lez riv  to the seat vacated by judge francisco besosa  who assumed senior status on january           on july           a hearing on her nomination was held before the senate judiciary committee   on august          her nomination was reported out of committee by a      vote   on november           the united states senate invoked cloture on her nomination by a       vote   later that day  her nomination was confirmed by a       vote   she received her judicial commission on december           and was sworn in on the same day  
","['camille', 'lizette', 'lez', 'riv', 'born', 'february', 'united', 'states', 'district', 'judge', 'united', 'states', 'district', 'court', 'district', 'puerto', 'rico', 'previously', 'served', 'united', 'states', 'magistrate', 'judge', 'court', 'lez', 'riv', 'born', 'february', 'san', 'juan', 'puerto', 'rico', 'lez', 'riv', 'graduated', 'academia', 'del', 'perpetuo', 'socorro', 'received', 'bachelor', 'arts', 'washington', 'university', 'louis', 'juris', 'doctor', 'magna', 'cum', 'laude', 'university', 'puerto', 'rico', 'law', 'school', 'lez', 'riv', 'served', 'law', 'clerk', 'justice', 'francisco', 'rebollo', 'pez', 'puerto', 'rico', 'supreme', 'court', 'associate', 'pietrantoni', 'ndez', 'alvarez', 'san', 'juan', 'puerto', 'rico', 'assistant', 'united', 'states', 'attorney', 'united', 'states', 'attorney', 'office', 'district', 'puerto', 'rico', 'lez', 'riv', 'served', 'united', 'states', 'magistrate', 'judge', 'district', 'puerto', 'rico', 'june', 'president', 'joe', 'biden', 'nominated', 'lez', 'riv', 'serve', 'united', 'states', 'district', 'judge', 'united', 'states', 'district', 'court', 'district', 'puerto', 'rico', 'president', 'biden', 'nominated', 'lez', 'riv', 'seat', 'vacated', 'judge', 'francisco', 'besosa', 'assumed', 'senior', 'status', 'january', 'july', 'hearing', 'nomination', 'held', 'senate', 'judiciary', 'committee', 'august', 'nomination', 'reported', 'committee', 'vote', 'november', 'united', 'states', 'senate', 'invoked', 'cloture', 'nomination', 'vote', 'later', 'day', 'nomination', 'confirmed', 'vote', 'received', 'judicial', 'commission', 'december', 'sworn', 'day']"
AsterRIDE,"asterRIDE is a referral company that operates and markets transportation services on behalf of limousine and taxi operators across the cities where they operate.  AsterRIDE markets their web platform and mobile app asterRIDE (iOS and Android), which connects passengers with taxi drivers.[1] As of June, 2015, asterRIDE was available in ten U.S. cities and growing: Chicago, Everett, Fort Lauderdale, Los Angeles, Miami, Naples, Orlando, Phoenix, San Diego, San Francisco, Seattle, and West Palm Beach.  According to a release on their website, Las Vegas, New York City, Houston, and Philadelphia were to be added.[2]
 asterRIDE was founded by Seattle entrepreneur and Arizona State University graduate Seth Rudin in October, 2014. Rudin came up with the idea for the service while struggling to book ground transportation during his frequent business trips.[3]
 The asterRIDE passenger app connects passengers with commercially insured, city-licensed drivers. Vehicle drivers and cab companies receive and manage ride requests through a corresponding driver app.[4] Passengers are offered a choice between a conventional taxi, for-hire car or limousine.[5] Passengers can order rides immediately or for a future time,[6] save favorite locations, and search recommendations through Yelp ratings. [7]
 asterRIDE offers a safety feature called instaALERT, which allows passengers to send an alert to a friend or family member when they have accepted a ride via the app.[8]
 Passengers can select their preferred driver, and a driver can also invite new passengers to the platform whom want to be paired together.
 asterRIDE passengers are charged a booking and customer service fee. The app does not use a ""surge"" pricing system.[9]
 asterRIDE has been positively received by bloggers and media outlets. In December 2014, asterRIDE was named one of the 30 Must-Know Upstarts of 2014 by Upstart Business Journal.[10] In May 2015, asterRIDE was named to Entrepreneur Magazine's list of 100 Brilliant Companies of 2015.[11] It has been described as a taxi-friendly alternative to ride-sharing services like Uber and Lyft.[12]
","
^ Ringle, How AsterRide plans to out Uber Uber, Upstart Business Journal, 1/5/15

^ Koumelis, asterRIDE arrives in Los Angeles with safe, dependable ride service app and no surge pricing Travel Daily News, 6/3/15

^ Ringle, Entrepreneur: AsterRide seeks to put beauty into black-car transit, Phoenix Business Journal, 12/5/14

^ Turchi, Could New Tech Make Ride-Hailing Safer?, Boston.com, 1/26/15

^ Gross, Seattle Entrepreneur Aims To Help Taxis And For-Hire Cars Compete With Uber Archived 2015-07-11 at the Wayback Machine, KPLU, 4/6/15

^ Barris, AsterRide takes on Uber in battle to lure consumers with convenience Mobile Commerce Daily, 11/24/15

^ Soper, Taxi companies adopt new apps to keep up with Uber, Lyft in Seattle, Geek Wire, 3/9/15

^ Kerr, Can new tech boost safety in Uber cars, and in taxis, too?, CNET,1/25/15

^ Donkersley, New Phoenix hail-a-ride service is hyper-focused on safety, Arizona Tech Beat, 4/6/15

^ Bernhard, You need to know these 30 upstarts from 2014, Upstart Business Journal, 12/24/14

^ Entrepreneur Magazine’s List of 100 brilliant companies – 2015

^ Remillard, Valley startup competing with rideshares such as Uber, Lyft>KTAR, 3/25/15

","asterride is a referral company that operates and markets transportation services on behalf of limousine and taxi operators across the cities where they operate   asterride markets their web platform and mobile app asterride  ios and android   which connects passengers with taxi drivers   as of june        asterride was available in ten u s  cities and growing  chicago  everett  fort lauderdale  los angeles  miami  naples  orlando  phoenix  san diego  san francisco  seattle  and west palm beach   according to a release on their website  las vegas  new york city  houston  and philadelphia were to be added  
 asterride was founded by seattle entrepreneur and arizona state university graduate seth rudin in october        rudin came up with the idea for the service while struggling to book ground transportation during his frequent business trips  
 the asterride passenger app connects passengers with commercially insured  city licensed drivers  vehicle drivers and cab companies receive and manage ride requests through a corresponding driver app   passengers are offered a choice between a conventional taxi  for hire car or limousine   passengers can order rides immediately or for a future time   save favorite locations  and search recommendations through yelp ratings   
 asterride offers a safety feature called instaalert  which allows passengers to send an alert to a friend or family member when they have accepted a ride via the app  
 passengers can select their preferred driver  and a driver can also invite new passengers to the platform whom want to be paired together 
 asterride passengers are charged a booking and customer service fee  the app does not use a  surge  pricing system  
 asterride has been positively received by bloggers and media outlets  in december       asterride was named one of the    must know upstarts of      by upstart business journal   in may       asterride was named to entrepreneur magazine s list of     brilliant companies of        it has been described as a taxi friendly alternative to ride sharing services like uber and lyft  
","['asterride', 'referral', 'company', 'operates', 'markets', 'transportation', 'services', 'behalf', 'limousine', 'taxi', 'operators', 'across', 'cities', 'operate', 'asterride', 'markets', 'web', 'platform', 'mobile', 'app', 'asterride', 'ios', 'android', 'connects', 'passengers', 'taxi', 'drivers', 'june', 'asterride', 'available', 'ten', 'cities', 'growing', 'chicago', 'everett', 'fort', 'lauderdale', 'los', 'angeles', 'miami', 'naples', 'orlando', 'phoenix', 'san', 'diego', 'san', 'francisco', 'seattle', 'west', 'palm', 'beach', 'according', 'release', 'website', 'las', 'vegas', 'new', 'york', 'city', 'houston', 'philadelphia', 'added', 'asterride', 'founded', 'seattle', 'entrepreneur', 'arizona', 'state', 'university', 'graduate', 'seth', 'rudin', 'october', 'rudin', 'came', 'idea', 'service', 'struggling', 'book', 'ground', 'transportation', 'frequent', 'business', 'trips', 'asterride', 'passenger', 'app', 'connects', 'passengers', 'commercially', 'insured', 'city', 'licensed', 'drivers', 'vehicle', 'drivers', 'cab', 'companies', 'receive', 'manage', 'ride', 'requests', 'corresponding', 'driver', 'app', 'passengers', 'offered', 'choice', 'conventional', 'taxi', 'hire', 'car', 'limousine', 'passengers', 'order', 'rides', 'immediately', 'future', 'time', 'save', 'favorite', 'locations', 'search', 'recommendations', 'yelp', 'ratings', 'asterride', 'offers', 'safety', 'feature', 'called', 'instaalert', 'allows', 'passengers', 'send', 'alert', 'friend', 'family', 'member', 'accepted', 'ride', 'via', 'app', 'passengers', 'select', 'preferred', 'driver', 'driver', 'also', 'invite', 'new', 'passengers', 'platform', 'want', 'paired', 'together', 'asterride', 'passengers', 'charged', 'booking', 'customer', 'service', 'fee', 'app', 'use', 'surge', 'pricing', 'system', 'asterride', 'positively', 'received', 'bloggers', 'media', 'outlets', 'december', 'asterride', 'named', 'one', 'must', 'know', 'upstarts', 'upstart', 'business', 'journal', 'may', 'asterride', 'named', 'entrepreneur', 'magazine', 'list', 'brilliant', 'companies', 'described', 'taxi', 'friendly', 'alternative', 'ride', 'sharing', 'services', 'like', 'uber', 'lyft']"
George J. Willmann,"George J. Willmann (June 29, 1897 - September 14, 1977) was an American Jesuit regarded as the ""Father of the Knights of Columbus in the Philippines"". Born in the United States, he was granted Filipino citizenship due to his missionary work in the Philippines.
 George J. Willmann was born in Brooklyn, New York on June 29, 1897. His parents were William Godfrey Willmann and Julia Corcoran Willmann. George had two brothers, Edward and William Jr., and four sisters, Miriam, Dorothy, Ruth and Agnes. His sisters Ruth and Agnes became members of Franciscan Missionaries of Mary in their later lives.[1]
 From 1902 to 1908, Willmann studied at the Our Lady of Good Counsel Grammar School in Brooklyn, from 1908 to 1913 and at the Boys High and Brooklyn Preparatory School. On August 15, 1915, Willmann entered the Society of Jesus Seminary at Poughkeepsie, New York. He completed his Novitiate and Juniorate by 1922.[1]
 Willmann came to the Philippines in 1922 as a seminarian to accomplish a teaching stint at the Ateneo de Manila and later returned to the United States in 1925 to continue his theological studies.[1][2]
 On June 20, 1928, Willmann was ordained at the Woodstock College in Maryland by Archbishop Michael Joseph Curley. Willmann took Tertianship in Poughkeepsie. Willmann served as Director of New York Jesuit Seminary and Mission Bureau from 1930 to 1936. Willmann returned to the Philippines in November 1936 continue teaching at the Ateneo de Manila. He also served as Prefect of Discipline & Treasurer at the same education institution from 1936 to 1937[1]
 In 1937 he served as the Session Director of the First National Eucharistic Congress in Manila and on the same year became dean of Ateneo de Manila.[1]
 In 1938, Willmann established the Catholic Youth Organization in the Philippines, a religious and recreational organization for the youth. He became the chaplain of the organization on its establishment until 1977. Willmann was also initiated into Order of Knights of Columbus June 30 of the same year. He was appointed Chaplain of Manila Council 1000 based in Intramuros, Manila, with Jose Galan y Blanco, his long-time associate at the Ateneo de Manila, as his proposer.[1][2]
 Servicemen clubs were established under the guidance of the Army-Navy Morale Committee, which Willmann and the auxiliary bishop of Manila, Rufino Santos, were members of in December 1941. In 1942, Willmann entered the Manila San Jose Seminary as a teacher in Social Sciences. He became treasurer of the seminary in 1948. He taught at the seminary until 1951.[1]
 Willmann became a prisoner of war during the Japanese occupation of Manila where he was arrested at the University of Santo Tomas by the Japanese in July 1944. He and the other prisoners where later put into a concentration camp in Los Banos, Laguna and was later freed by American forces in 1945.[1][3]
 On July 1, 1975, Willmann was granted Filipino citizenship by then President Ferdinand Marcos through Presidential Decree No. 740 for his ""virtuous acts, compassionate and kind and loving service for the Filipino people,"".[4]
 On June 29, 1977, Pope Paul VI awarded Willmann the Pro Ecclesia et Pontifice medal, the highest award the Pope can give to a laity.[1]
 Willmann went to United States in August 1977 for the Ninety-Fifty Annual Supreme Council Convention which took place from August 14 to 17 at Indianapolis in Indiana. Willmann led the Philippine delegation with Bro. Nicanor Y. Fuentes and Bro Concelio B. Cagurangan.[5]
 Willmann later went to New York presumedly to pay a visit to his sisters, Ruth, and Agnes Franciscan nun living in Flower Hill, and his nephew James and niece Mary Ruth.  The priest was prone to falls because of his weak limbs and had a fall while he was in New York, and needed a hip-bone surgery. The priest was initially confined at St. Francis Hospital in Flower Hill. He was later transferred to Murray-Weigel Hall, a Jesuit infirmary at Fordham University in Fordham, the Bronx, New York City on September 8, 1977. Willmann was later discharged and stayed at the Jesuit House at Fordham. Willmann, died on September 14, 1977, due to cardiac arrest. Willmann's remains were interred at the Jesuit Cemetery in Novaliches, Quezon City, Philippines.[1][3][5][6]
 The Knights of Columbus established its presence in the Philippines in early 1905, but Willmann was credited for cementing the organization's presence after he took leadership of the group after the World War II. The priest continuously resided in the Philippines since 1936. He also helped established the presence of various organization in the country such as the Daughters of Mary Immaculate (DMI) which was established as the Daughters of Isabella in 1951, Knights of Columbus Fraternal Association in the Philippines, Inc (KCFAPI), KC Foundations, Columbian Squires, and the Catholic Youth Organization (CYO).[4][7]
 The National Executive Committee, led by former Chief Justice Hilario Davide, Jr. and Pedro C. Quitorio as Vice-Chairman, was created to campaign for Willmann's beatification which may lead to the priest's sainthood.[4][6]
","
^ a b c d e f g h i j ""Synopsis of Father Willmann's Biography"". Fr. George J. Willmann, SJ.

^ a b ""The Life and Works of Fr. George J. Willmann, SJ - The emergence of Fr. Willmann in the Knights of Columbus"". Fr. George J. Willmann, SJ. Retrieved 22 November 2014.

^ a b ""George J. Willmann"". Manresa. Retrieved 22 November 2014.

^ a b c Ocampo, Yen (31 July 2014). ""Cause for naturalized Filipino priest ongoing"". CBCP News. Archived from the original on September 4, 2014. Retrieved 22 November 2014.

^ a b ""The Life and Works of Fr. George J. Willmann, SJ - Signing off"". Fr. George J. Willmann, SJ. Retrieved 22 November 2014.

^ a b ""Fr Willmann, the ""gentle warrior"", moving towards beatification"". AsiaNews.it. 1 August 2014. Retrieved 22 November 2014.

^ ""Daughters of Mary Immaculate honor Willmann, 1st nat'l chaplain"". CBCP News. 28 September 2014. Archived from the original on October 16, 2014. Retrieved 22 November 2014.

","george j  willmann  june            september           was an american jesuit regarded as the  father of the knights of columbus in the philippines   born in the united states  he was granted filipino citizenship due to his missionary work in the philippines 
 george j  willmann was born in brooklyn  new york on june           his parents were william godfrey willmann and julia corcoran willmann  george had two brothers  edward and william jr   and four sisters  miriam  dorothy  ruth and agnes  his sisters ruth and agnes became members of franciscan missionaries of mary in their later lives  
 from      to       willmann studied at the our lady of good counsel grammar school in brooklyn  from      to      and at the boys high and brooklyn preparatory school  on august           willmann entered the society of jesus seminary at poughkeepsie  new york  he completed his novitiate and juniorate by       
 willmann came to the philippines in      as a seminarian to accomplish a teaching stint at the ateneo de manila and later returned to the united states in      to continue his theological studies   
 on june           willmann was ordained at the woodstock college in maryland by archbishop michael joseph curley  willmann took tertianship in poughkeepsie  willmann served as director of new york jesuit seminary and mission bureau from      to       willmann returned to the philippines in november      continue teaching at the ateneo de manila  he also served as prefect of discipline   treasurer at the same education institution from      to      
 in      he served as the session director of the first national eucharistic congress in manila and on the same year became dean of ateneo de manila  
 in       willmann established the catholic youth organization in the philippines  a religious and recreational organization for the youth  he became the chaplain of the organization on its establishment until       willmann was also initiated into order of knights of columbus june    of the same year  he was appointed chaplain of manila council      based in intramuros  manila  with jose galan y blanco  his long time associate at the ateneo de manila  as his proposer   
 servicemen clubs were established under the guidance of the army navy morale committee  which willmann and the auxiliary bishop of manila  rufino santos  were members of in december       in       willmann entered the manila san jose seminary as a teacher in social sciences  he became treasurer of the seminary in       he taught at the seminary until       
 willmann became a prisoner of war during the japanese occupation of manila where he was arrested at the university of santo tomas by the japanese in july       he and the other prisoners where later put into a concentration camp in los banos  laguna and was later freed by american forces in        
 on july          willmann was granted filipino citizenship by then president ferdinand marcos through presidential decree no      for his  virtuous acts  compassionate and kind and loving service for the filipino people    
 on june           pope paul vi awarded willmann the pro ecclesia et pontifice medal  the highest award the pope can give to a laity  
 willmann went to united states in august      for the ninety fifty annual supreme council convention which took place from august    to    at indianapolis in indiana  willmann led the philippine delegation with bro  nicanor y  fuentes and bro concelio b  cagurangan  
 willmann later went to new york presumedly to pay a visit to his sisters  ruth  and agnes franciscan nun living in flower hill  and his nephew james and niece mary ruth   the priest was prone to falls because of his weak limbs and had a fall while he was in new york  and needed a hip bone surgery  the priest was initially confined at st  francis hospital in flower hill  he was later transferred to murray weigel hall  a jesuit infirmary at fordham university in fordham  the bronx  new york city on september          willmann was later discharged and stayed at the jesuit house at fordham  willmann  died on september           due to cardiac arrest  willmann s remains were interred at the jesuit cemetery in novaliches  quezon city  philippines     
 the knights of columbus established its presence in the philippines in early       but willmann was credited for cementing the organization s presence after he took leadership of the group after the world war ii  the priest continuously resided in the philippines since       he also helped established the presence of various organization in the country such as the daughters of mary immaculate  dmi  which was established as the daughters of isabella in       knights of columbus fraternal association in the philippines  inc  kcfapi   kc foundations  columbian squires  and the catholic youth organization  cyo    
 the national executive committee  led by former chief justice hilario davide  jr  and pedro c  quitorio as vice chairman  was created to campaign for willmann s beatification which may lead to the priest s sainthood   
","['george', 'willmann', 'june', 'september', 'american', 'jesuit', 'regarded', 'father', 'knights', 'columbus', 'philippines', 'born', 'united', 'states', 'granted', 'filipino', 'citizenship', 'due', 'missionary', 'work', 'philippines', 'george', 'willmann', 'born', 'brooklyn', 'new', 'york', 'june', 'parents', 'william', 'godfrey', 'willmann', 'julia', 'corcoran', 'willmann', 'george', 'two', 'brothers', 'edward', 'william', 'four', 'sisters', 'miriam', 'dorothy', 'ruth', 'agnes', 'sisters', 'ruth', 'agnes', 'became', 'members', 'franciscan', 'missionaries', 'mary', 'later', 'lives', 'willmann', 'studied', 'lady', 'good', 'counsel', 'grammar', 'school', 'brooklyn', 'boys', 'high', 'brooklyn', 'preparatory', 'school', 'august', 'willmann', 'entered', 'society', 'jesus', 'seminary', 'poughkeepsie', 'new', 'york', 'completed', 'novitiate', 'juniorate', 'willmann', 'came', 'philippines', 'seminarian', 'accomplish', 'teaching', 'stint', 'ateneo', 'manila', 'later', 'returned', 'united', 'states', 'continue', 'theological', 'studies', 'june', 'willmann', 'ordained', 'woodstock', 'college', 'maryland', 'archbishop', 'michael', 'joseph', 'curley', 'willmann', 'took', 'tertianship', 'poughkeepsie', 'willmann', 'served', 'director', 'new', 'york', 'jesuit', 'seminary', 'mission', 'bureau', 'willmann', 'returned', 'philippines', 'november', 'continue', 'teaching', 'ateneo', 'manila', 'also', 'served', 'prefect', 'discipline', 'treasurer', 'education', 'institution', 'served', 'session', 'director', 'first', 'national', 'eucharistic', 'congress', 'manila', 'year', 'became', 'dean', 'ateneo', 'manila', 'willmann', 'established', 'catholic', 'youth', 'organization', 'philippines', 'religious', 'recreational', 'organization', 'youth', 'became', 'chaplain', 'organization', 'establishment', 'willmann', 'also', 'initiated', 'order', 'knights', 'columbus', 'june', 'year', 'appointed', 'chaplain', 'manila', 'council', 'based', 'intramuros', 'manila', 'jose', 'galan', 'blanco', 'long', 'time', 'associate', 'ateneo', 'manila', 'proposer', 'servicemen', 'clubs', 'established', 'guidance', 'army', 'navy', 'morale', 'committee', 'willmann', 'auxiliary', 'bishop', 'manila', 'rufino', 'santos', 'members', 'december', 'willmann', 'entered', 'manila', 'san', 'jose', 'seminary', 'teacher', 'social', 'sciences', 'became', 'treasurer', 'seminary', 'taught', 'seminary', 'willmann', 'became', 'prisoner', 'war', 'japanese', 'occupation', 'manila', 'arrested', 'university', 'santo', 'tomas', 'japanese', 'july', 'prisoners', 'later', 'put', 'concentration', 'camp', 'los', 'banos', 'laguna', 'later', 'freed', 'american', 'forces', 'july', 'willmann', 'granted', 'filipino', 'citizenship', 'president', 'ferdinand', 'marcos', 'presidential', 'decree', 'virtuous', 'acts', 'compassionate', 'kind', 'loving', 'service', 'filipino', 'people', 'june', 'pope', 'paul', 'awarded', 'willmann', 'pro', 'ecclesia', 'pontifice', 'medal', 'highest', 'award', 'pope', 'give', 'laity', 'willmann', 'went', 'united', 'states', 'august', 'ninety', 'fifty', 'annual', 'supreme', 'council', 'convention', 'took', 'place', 'august', 'indianapolis', 'indiana', 'willmann', 'led', 'philippine', 'delegation', 'bro', 'nicanor', 'fuentes', 'bro', 'concelio', 'cagurangan', 'willmann', 'later', 'went', 'new', 'york', 'presumedly', 'pay', 'visit', 'sisters', 'ruth', 'agnes', 'franciscan', 'nun', 'living', 'flower', 'hill', 'nephew', 'james', 'niece', 'mary', 'ruth', 'priest', 'prone', 'falls', 'weak', 'limbs', 'fall', 'new', 'york', 'needed', 'hip', 'bone', 'surgery', 'priest', 'initially', 'confined', 'francis', 'hospital', 'flower', 'hill', 'later', 'transferred', 'murray', 'weigel', 'hall', 'jesuit', 'infirmary', 'fordham', 'university', 'fordham', 'bronx', 'new', 'york', 'city', 'september', 'willmann', 'later', 'discharged', 'stayed', 'jesuit', 'house', 'fordham', 'willmann', 'died', 'september', 'due', 'cardiac', 'arrest', 'willmann', 'remains', 'interred', 'jesuit', 'cemetery', 'novaliches', 'quezon', 'city', 'philippines', 'knights', 'columbus', 'established', 'presence', 'philippines', 'early', 'willmann', 'credited', 'cementing', 'organization', 'presence', 'took', 'leadership', 'group', 'world', 'war', 'priest', 'continuously', 'resided', 'philippines', 'since', 'also', 'helped', 'established', 'presence', 'various', 'organization', 'country', 'daughters', 'mary', 'immaculate', 'dmi', 'established', 'daughters', 'isabella', 'knights', 'columbus', 'fraternal', 'association', 'philippines', 'inc', 'kcfapi', 'foundations', 'columbian', 'squires', 'catholic', 'youth', 'organization', 'cyo', 'national', 'executive', 'committee', 'led', 'former', 'chief', 'justice', 'hilario', 'davide', 'pedro', 'quitorio', 'vice', 'chairman', 'created', 'campaign', 'willmann', 'beatification', 'may', 'lead', 'priest', 'sainthood']"
List of Namco games,"
 Namco was a video game developer and publisher, originally from Japan.
 Bandai Namco Entertainment is the successor to Namco and continues manufacturing and distributing video games worldwide. For Namco games released following the 2006 merger with Bandai's video game division, see List of Bandai Namco video games. For a list of franchises owned by Bandai Namco, see List of Bandai Namco video game franchises.
 Namco initially distributed its games in Japan, while relying on third-party companies, such as Atari and Midway Manufacturing to publish them internationally under their own brands. Later, it would handle its own publishing worldwide.
 Namco released a number of Atari arcade titles in Japan.
 Namco has ventured onto other platforms, either itself or through licensing agreements with other publishers.
","
^ ""人気マシン・ベスト3"" [Popular Machines: Best 3] (PDF). Game Machine (in Japanese). No. 113. Amusement Press, Inc. February 1979. pp. 2–3.

^ Rignall, Julian (May 1990). ""Arcades"". CU Amiga. No. 3. United Kingdom. pp. 84–7.

^ ""ベストスリー 本紙調査 (調査対象1980年) 〜 アーケードゲーム機"" [Best Three Book Survey (Survey Target 1980) ~ Arcade Game Machines] (PDF). Game Machine (in Japanese). No. 159. Amusement Press, Inc. 15 February 1981. p. 2.

^ ""Overseas Readers Column: Amazing Amusement Robots Taito, Namco Developed"" (PDF). Game Machine (in Japanese). No. 251. Amusement Press, Inc. 1 January 1985. p. 38.

^ ""Midway Mfg. Co. v. Dirkschneider, 543 F. Supp. 466 (D. Neb. 1981)"". Justia Law. U.S. District Court for the District of Nebraska. July 15, 1981. Retrieved 4 March 2021.

^ ""総合ゲームカタログ"". Bandai Namco Entertainment. Retrieved 2019-02-13.

^ ""Rally-X (upright)"". Media Arts Database (in Japanese). Agency for Cultural Affairs. Retrieved 20 May 2021.

^ ""Rally-X (table)"". Media Arts Database (in Japanese). Agency for Cultural Affairs. Retrieved 20 May 2021.

^ ""海底宝探し"" [Kaitei Takara Sagashi]. Media Arts Database (in Japanese). Agency for Cultural Affairs. Retrieved 20 May 2021.

^ ""Dig Dug (Registration Number PA0000133618)"". United States Copyright Office. Retrieved 5 May 2021.

^ ""Xevious (Registration Number PA0000184749)"". United States Copyright Office. Retrieved 6 May 2021.

^ ""Japanese JAMMA Show"". Leisure Line. Australia: Leisure & Allied Industries. November 1991. p. 5.

^ ""Coin-Op News: Magic Edge, Namco to open VR center"". Play Meter. Vol. 20, no. 1. January 1994. p. 12.

^ ""Dirt Dash"". Next Generation. No. 16. Imagine Media. April 1996. p. 98.

^ a b ""Model 3: Sega Affirms Arcade Supremacy"". Next Generation. No. 17. Imagine Media. May 1996. p. 16.

^ Webb, Marcus (September 1996). ""Up and Coming Coin-Ops"". Next Generation. No. 21. Imagine Media. p. 22. Based on the Super 22 System, this one-player game is a race against time in which players can jump off waves and down waterfalls. Due in early October.

^ ""AOU"". Electronic Gaming Monthly. No. 93. Ziff Davis. April 1997. p. 78.

^ ""Gaming Gossip"". Electronic Gaming Monthly. No. 99. Ziff Davis. October 1997. p. 38.

^ Webb, Marcus (May 1998). ""Sequel Mania at London and Tokyo Expos"". Next Generation. No. 41. Imagine Media. p. 33.

^ ""Guitar jam (Registration Number PA0000981692)"". United States Copyright Office. Retrieved 28 October 2021.

^ ""Arcade mode"". Hyper. No. 75 (January 2000). 1 December 1999. p. 15.

^ ""Dunk Mania"". Next Generation. No. 22. Imagine Media. October 1996. p. 190.

^ ""Catalog - Brand New: Air Buster"". Vol. 15, no. 7. RePlay. April 1990. p. 154. Retrieved January 5, 2021.

^ Akagi, Masumi (13 October 2006). アーケードTVゲームリスト国内•海外編(1971-2005) [Arcade TV Game List: Domestic • Overseas Edition (1971-2005)] (in Japanese). Japan: Amusement News Agency. pp. 51–5. ISBN 978-4990251215.

^ ""Game Machine - Marble Madness"" (PDF). Amusement Press. 1985-05-01.

^ ""Flyer Fever - Paperboy"".[permanent dead link]

^ ""Flyer Fever - Peter Pack Rat"".[permanent dead link]

^ ""Flyer Fever - Peter Pack Rat"". Archived from the original on 2019-09-16. Retrieved 2020-04-26.

^ ""Flyer Fever - Indiana Jones and the Temple of Doom"". Archived from the original on 2019-09-16. Retrieved 2020-04-26.

^ ""Flyer Fever - Super Sprint"".[permanent dead link]

^ ""Flyer Fever - Hard Drivin'"".[permanent dead link]

^ ""Flyer Fever - Klax"".[permanent dead link]

^ ""Flyer Fever - Rampart"". Archived from the original on 2016-08-07. Retrieved 2020-04-26.

^ Tsunoda, Hideaki (January 1999). ""ゲーム再評価"" [Detective Game Reevaluation]. Game Criticism [ja] (in Japanese). Vol. 24. Micro Magazine [ja].

^ McFerran, Damien (16 February 2023). ""Best Ridge Racer Games - Every Ridge Racer, Ranked"". Time Extension. Hookshot Media. Retrieved 30 October 2023.

","
 namco was a video game developer and publisher  originally from japan 
 bandai namco entertainment is the successor to namco and continues manufacturing and distributing video games worldwide  for namco games released following the      merger with bandai s video game division  see list of bandai namco video games  for a list of franchises owned by bandai namco  see list of bandai namco video game franchises 
 namco initially distributed its games in japan  while relying on third party companies  such as atari and midway manufacturing to publish them internationally under their own brands  later  it would handle its own publishing worldwide 
 namco released a number of atari arcade titles in japan 
 namco has ventured onto other platforms  either itself or through licensing agreements with other publishers 
","['namco', 'video', 'game', 'developer', 'publisher', 'originally', 'japan', 'bandai', 'namco', 'entertainment', 'successor', 'namco', 'continues', 'manufacturing', 'distributing', 'video', 'games', 'worldwide', 'namco', 'games', 'released', 'following', 'merger', 'bandai', 'video', 'game', 'division', 'see', 'list', 'bandai', 'namco', 'video', 'games', 'list', 'franchises', 'owned', 'bandai', 'namco', 'see', 'list', 'bandai', 'namco', 'video', 'game', 'franchises', 'namco', 'initially', 'distributed', 'games', 'japan', 'relying', 'third', 'party', 'companies', 'atari', 'midway', 'manufacturing', 'publish', 'internationally', 'brands', 'later', 'would', 'handle', 'publishing', 'worldwide', 'namco', 'released', 'number', 'atari', 'arcade', 'titles', 'japan', 'namco', 'ventured', 'onto', 'platforms', 'either', 'licensing', 'agreements', 'publishers']"
Kang Kyung-ok,"Kang Kyung-ok (born October 16, 1965)[1] is a manhwa artist whose work It's Two People was adapted into the film Someone Behind You. She also has had work published by Netcomics.
 
 This profile of a comics artist is a stub. You can help Wikipedia by adding missing information. This Manhwa-related article is a stub. You can help Wikipedia by adding missing information.","
^ ""Kang Kyung-ok"".

","kang kyung ok  born october            is a manhwa artist whose work it s two people was adapted into the film someone behind you  she also has had work published by netcomics 
 
 this profile of a comics artist is a stub  you can help wikipedia by adding missing information  this manhwa related article is a stub  you can help wikipedia by adding missing information ","['kang', 'kyung', 'born', 'october', 'manhwa', 'artist', 'whose', 'work', 'two', 'people', 'adapted', 'film', 'someone', 'behind', 'also', 'work', 'published', 'netcomics', 'profile', 'comics', 'artist', 'stub', 'help', 'wikipedia', 'adding', 'missing', 'information', 'manhwa', 'related', 'article', 'stub', 'help', 'wikipedia', 'adding', 'missing', 'information']"
"Kayalar, Nizip","Kayalar is a neighbourhood in the municipality and district of Nizip, Gaziantep Province, Turkey.[1] The village had a population of 255 in 2022.[2]
 This geographical article about a location in Nizip District, Turkey is a stub. You can help Wikipedia by adding missing information.","
^ ""Türkiye Mülki İdare Bölümleri Envanteri"". T.C. İçişleri Bakanlığı (in Turkish). Archived from the original on 6 March 2023. Retrieved 19 December 2022.

^ ""Address Based Population Registration System (ABPRS) - Results of 31 December 2022"" (XLS). TÜİK. Retrieved 12 March 2023.

","kayalar is a neighbourhood in the municipality and district of nizip  gaziantep province  turkey   the village had a population of     in       
 this geographical article about a location in nizip district  turkey is a stub  you can help wikipedia by adding missing information ","['kayalar', 'neighbourhood', 'municipality', 'district', 'nizip', 'gaziantep', 'province', 'turkey', 'village', 'population', 'geographical', 'article', 'location', 'nizip', 'district', 'turkey', 'stub', 'help', 'wikipedia', 'adding', 'missing', 'information']"
Ruth Solomon,"Ruth Solomon (born April 16, 1941) is an American politician who served in the Arizona House of Representatives from the 14th district from 1989 to 1995 and in the Arizona Senate from the 14th district from 1995 to 2003.[1][2]
","
^ Pittman, David (1996-10-18). ""Senate hopefuls Kisner, Solomon differ on issues"". Tucsoncitizen.com. Retrieved 2019-01-08.

^ ""Yuma Sun Newspaper Archives, Mar 19, 2002, p. 14"". Newspaperarchive.com. 2002-03-19. Retrieved 2019-01-08.

","ruth solomon  born april           is an american politician who served in the arizona house of representatives from the   th district from      to      and in the arizona senate from the   th district from      to        
","['ruth', 'solomon', 'born', 'april', 'american', 'politician', 'served', 'arizona', 'house', 'representatives', 'district', 'arizona', 'senate', 'district']"
Jamie Foreman,"
 Jamie Foreman (born 25 May 1958) is an English actor best known for his roles as Duke in Layer Cake (2004), Bill Sikes in Roman Polanski's Oliver Twist (2005), Derek Branning in EastEnders (2011–2012), Rise of the Footsoldier 3 (2017), and Once Upon a Time in London (2019).
 Foreman studied acting at the Italia Conti Academy of Theatre Arts.[1]  
Foreman played opposite Ray Winstone and Kathy Burke in Gary Oldman's Nil by Mouth (1997),[2] and also featured in Elizabeth (1998),[2] Gangster No. 1 (2000),[2] and Sleepy Hollow (1999).[2] He appeared in the 2006 Doctor Who,[2] episode ""The Idiot's Lantern"" and featured as a racist taxi driver in The Football Factory (2004).[2] Foreman played Basta in the 2008 film Inkheart,[2] and appeared in one episode of Law and Order: UK in 2009.[2]
 His recent work for BBC Radio includes the title role in Wes Bell, directed by Matthew Broughton, and the six-part series Hazelbeach by David Stafford and Caroline Stafford. He also played a small role in I'll Sleep When I'm Dead.[2]
 In 2011, Foreman joined the cast of EastEnders as Derek Branning, taking over the role from Terence Beesley.[3]
 He appeared as Lenny in numerous episodes of Birds of a Feather.[2]
 In 2015, he narrated the six-part series Double Decker Driving School for ITV.[2]
 Foreman played Albert Wilson in Home Front radio series on BBC Radio 4, starting from Season Six in December 2015.[4]
 He continued his success in the British crime film genre, starring as Sam in Rise of the Footsoldier 3 (2017),[2] and as Alf White in Once Upon a Time in London (2019).[2]
 Jamie Foreman is the son of Maureen Foreman and Freddie Foreman, a former south London gangster. He was married to actress Carol Harrison and they have one son, Alfie.[5]
 Foreman is a fan of Tottenham Hotspur F.C.[6]
 Warrior
 Henry
Phil Pearson
","
^ ""Italia Conti Plymouth Alumni"". italiacontiplymouth.co.uk. Retrieved 28 October 2023.

^ a b c d e f g h i j k l m ""Jamie Foreman Credits"". tvguide.com. Retrieved 28 October 2023.

^ ""'EastEnders' announces Derek Branning casting – EastEnders News – Soaps"". Digital Spy. 26 August 2011. Retrieved 27 January 2012.

^ ""Character profile: Albert Wilson"". BBC. Retrieved 23 December 2015.

^ ""Family Business Jamie Foreman"". BBC Online. Retrieved 5 January 2013.

^ ""'EastEnders' Foreman talks Derek, awards"". Digital Spy. 15 May 2013. Retrieved 10 January 2016.

^ Usmar, Jo (5 April 2012). ""The British Soap Awards nominations are in"". Daily Mirror. Archived from the original on 25 May 2014. Retrieved 15 September 2023.

","
 jamie foreman  born    may       is an english actor best known for his roles as duke in layer cake         bill sikes in roman polanski s oliver twist         derek branning in eastenders              rise of the footsoldier           and once upon a time in london        
 foreman studied acting at the italia conti academy of theatre arts    
foreman played opposite ray winstone and kathy burke in gary oldman s nil by mouth          and also featured in elizabeth          gangster no             and sleepy hollow          he appeared in the      doctor who   episode  the idiot s lantern  and featured as a racist taxi driver in the football factory          foreman played basta in the      film inkheart   and appeared in one episode of law and order  uk in       
 his recent work for bbc radio includes the title role in wes bell  directed by matthew broughton  and the six part series hazelbeach by david stafford and caroline stafford  he also played a small role in i ll sleep when i m dead  
 in       foreman joined the cast of eastenders as derek branning  taking over the role from terence beesley  
 he appeared as lenny in numerous episodes of birds of a feather  
 in       he narrated the six part series double decker driving school for itv  
 foreman played albert wilson in home front radio series on bbc radio    starting from season six in december       
 he continued his success in the british crime film genre  starring as sam in rise of the footsoldier            and as alf white in once upon a time in london         
 jamie foreman is the son of maureen foreman and freddie foreman  a former south london gangster  he was married to actress carol harrison and they have one son  alfie  
 foreman is a fan of tottenham hotspur f c  
 warrior
 henry
phil pearson
","['jamie', 'foreman', 'born', 'may', 'english', 'actor', 'best', 'known', 'roles', 'duke', 'layer', 'cake', 'bill', 'sikes', 'roman', 'polanski', 'oliver', 'twist', 'derek', 'branning', 'eastenders', 'rise', 'footsoldier', 'upon', 'time', 'london', 'foreman', 'studied', 'acting', 'italia', 'conti', 'academy', 'theatre', 'arts', 'foreman', 'played', 'opposite', 'ray', 'winstone', 'kathy', 'burke', 'gary', 'oldman', 'nil', 'mouth', 'also', 'featured', 'elizabeth', 'gangster', 'sleepy', 'hollow', 'appeared', 'doctor', 'episode', 'idiot', 'lantern', 'featured', 'racist', 'taxi', 'driver', 'football', 'factory', 'foreman', 'played', 'basta', 'film', 'inkheart', 'appeared', 'one', 'episode', 'law', 'order', 'recent', 'work', 'bbc', 'radio', 'includes', 'title', 'role', 'wes', 'bell', 'directed', 'matthew', 'broughton', 'six', 'part', 'series', 'hazelbeach', 'david', 'stafford', 'caroline', 'stafford', 'also', 'played', 'small', 'role', 'sleep', 'dead', 'foreman', 'joined', 'cast', 'eastenders', 'derek', 'branning', 'taking', 'role', 'terence', 'beesley', 'appeared', 'lenny', 'numerous', 'episodes', 'birds', 'feather', 'narrated', 'six', 'part', 'series', 'double', 'decker', 'driving', 'school', 'itv', 'foreman', 'played', 'albert', 'wilson', 'home', 'front', 'radio', 'series', 'bbc', 'radio', 'starting', 'season', 'six', 'december', 'continued', 'success', 'british', 'crime', 'film', 'genre', 'starring', 'sam', 'rise', 'footsoldier', 'alf', 'white', 'upon', 'time', 'london', 'jamie', 'foreman', 'son', 'maureen', 'foreman', 'freddie', 'foreman', 'former', 'south', 'london', 'gangster', 'married', 'actress', 'carol', 'harrison', 'one', 'son', 'alfie', 'foreman', 'fan', 'tottenham', 'hotspur', 'warrior', 'henry', 'phil', 'pearson']"
Selva di Progno,"Selva di Progno (Cimbrian: Brunghe) is a comune (municipality) in the Province of Verona in the Italian region Veneto, located about 90 kilometres (56 mi) west of Venice and about 25 kilometres (16 mi) northeast of Verona.
 Selva di Progno borders the following municipalities: Ala, Badia Calavena, Bosco Chiesanuova, Crespadoro, Recoaro Terme, Roverè Veronese, Velo Veronese, and Vestenanova.
 This article on a location in the province of Verona is a stub. You can help Wikipedia by adding missing information.","
^ ""Superficie di Comuni Province e Regioni italiane al 9 ottobre 2011"". Italian National Institute of Statistics. Retrieved 16 March 2019.

^ All demographics and other statistics: Italian statistical institute Istat.

","selva di progno  cimbrian  brunghe  is a comune  municipality  in the province of verona in the italian region veneto  located about    kilometres     mi  west of venice and about    kilometres     mi  northeast of verona 
 selva di progno borders the following municipalities  ala  badia calavena  bosco chiesanuova  crespadoro  recoaro terme  rover  veronese  velo veronese  and vestenanova 
 this article on a location in the province of verona is a stub  you can help wikipedia by adding missing information ","['selva', 'progno', 'cimbrian', 'brunghe', 'comune', 'municipality', 'province', 'verona', 'italian', 'region', 'veneto', 'located', 'kilometres', 'west', 'venice', 'kilometres', 'northeast', 'verona', 'selva', 'progno', 'borders', 'following', 'municipalities', 'ala', 'badia', 'calavena', 'bosco', 'chiesanuova', 'crespadoro', 'recoaro', 'terme', 'rover', 'veronese', 'velo', 'veronese', 'vestenanova', 'article', 'location', 'province', 'verona', 'stub', 'help', 'wikipedia', 'adding', 'missing', 'information']"
Macrozamia spiralis,"
 Macrozamia corallipes Hook.f.
Zamia spiralis Salisb.
 Macrozamia spiralis is a species of cycad in the family Zamiaceae. It is endemic to New South Wales in eastern Australia, where it is found in sclerophyll forest on low-nutrient soils. Plants generally lack a trunk and have 2–12 leaves that range up to 100 cm (40 in) in length.
 Richard Anthony Salisbury described this species as Zamia spiralis in 1796,[2] from a collection made somewhere in the vicinity of Port Jackson (Sydney); however, no type specimen is extant.[3] Dutch botanist Friedrich Anton Wilhelm Miquel gave it its current name in 1842.[4] Meanwhile, Joseph Dalton Hooker described M. corallipes from a plate in 1872.[3]
 For many years, the name M. spiralis was applied to the large common cycad from the Sydney region, while its smaller relative was known as M. corallipes. In 1959, New South Wales Herbarium botanist Lawrie Johnson examined the species descriptions and determined that Salisbury's original description was in fact of the smaller species, and renamed the familiar burrawang as Macrozamia communis.[3]
 This cycad is acaulescent;[5] the 8–20 cm (3.2–8 in) diameter stem does not generally grow above ground level.[6] Plants have 2–12 leaves that range from 35 to 100 cm (14–40 in) in length.[5] Each compound frond has 45–120 simple pinnae that are 12–20 cm (4.5–8 in) long at the leaf's greatest width. Each pinna is 0.5–1 cm (0.2–0.4 in) wide.[6] The rachis of the leaf is often twisted 180 degrees, sometimes up to 360 degrees, though sometimes not at all.[7] A male plant develops 1 to 4 male (or pollen-bearing) cones,[7] which are fusiform (spindle-shaped), and measure 15–20 cm (6–8 in) high by 5–6 cm (2-2.4 in) wide.[5] The female plant produces a single oval female (seed) cone,[7] which is 12–20 cm (4.5–8 in) high and 6–9 cm (2.4–3.5 in) wide.[6] The orange to red fleshy seeds have been reported to be ripe in April and May.[8] Plants do not reproduce until 10 to 20 years of age and are thought to live over 60 years. They regrow from the ground after bushfire.[8]
 Seedlings of Macrozamia spiralis have a tuber and coralloid roots that rise up above the ground containing cyanobacteria.[8] These exist in a symbiotic relationship with their cycad host by nitrogen fixation.[8] Field work done on roots of 74 cycads from diverse genera in 2010 showed that the relationship between cycad and cyanobacterium species is not exclusive; the most common genera of cyanobacteria isolated from cycads were those of Nostoc (which was isolated from M. spiralis) and Calothrix.[9]
 Macrozamia spiralis is found in central New South Wales, from Dunedoo and the Goulburn River valley eastwards over the Blue Mountains and into the Sydney Basin south to Waterfall,[6] and Wallacia, and north to Maroota and Putty.[7] Conservation areas that it is protected in include Werakata National Park, Windsor Downs Nature Reserve, Agnes Banks Nature Reserve,[1] and Castlereagh Nature Reserve, where it is common.[7] Scattered plants grow on clay,[8] sandy or gravelly low-nutrient soils in sclerophyll forest,[5] under such trees as narrow-leaved apple (Angophora bakeri) and broad-leaved red ironbark (Eucalyptus fibrosa).[8] Macrozamia spiralis was rated as endangered in 2003.[1]
 Macrozamia spiralis is suitable for growing in pots or in the ground, though requires good drainage and benefits from extra water in dry periods. It can be grown under established trees. It can be propagated by seed, though germination takes 12 to 18 months.[10]
 The plant has been used to produce alcohol, adhesive pastes, and laundry starch.[11]
","
^ a b c Hill, K.D. (2010). ""Macrozamia spiralis"". IUCN Red List of Threatened Species. 2010 e.T41957A10611560. doi:10.2305/IUCN.UK.2010-3.RLTS.T41957A10611560.en. Retrieved 14 November 2021.

^ ""Zamia spiralis Salisb"". Australian Plant Name Index (APNI), IBIS database. Canberra, Australian Capital Territory: Centre for Plant Biodiversity Research, Australian Government.

^ a b c Johnson, L.A.S. ""The Families of Cycads and the Zamiaceae of Australia"". Proceedings of the Linnean Society of New South Wales. 84: 64–117 [103–05]. Archived from the original on 2016-03-06. Retrieved 2018-10-26.

^ ""Macrozamia spiralis (Salisb.) Miq"". Australian Plant Name Index (APNI), IBIS database. Canberra, Australian Capital Territory: Centre for Plant Biodiversity Research, Australian Government.

^ a b c d ""Macrozamia spiralis"". Flora of Australia Online. Department of the Environment and Heritage, Australian Government.

^ a b c d L. Murray. ""New South Wales Flora Online: Macrozamia spiralis"". Royal Botanic Gardens & Domain Trust, Sydney, Australia. Retrieved 26 May 2014.

^ a b c d e Fairley, Alan; Moore, Philip (2000). Native Plants of the Sydney District:An Identification Guide (2nd ed.). Kenthurst, NSW: Kangaroo Press. p. 49. ISBN 0-7318-1031-7.

^ a b c d e f Benson, Doug; McDougall, Lyn (1993). ""Ecology of Sydney Plant Species Part 1: Ferns, fern-allies, cycads, conifers and dicotyledon families Acanthaceae to Asclepiadaceae"" (PDF). Cunninghamia. 3 (2): 257–422 [338]. Archived from the original (PDF) on 2011-03-11.

^ Gehringer, Michelle M.; Pengelly, Jasper J.; Cuddy, William S.; Fieker, Claus; Forster, Paul I.; Neilan, Brett A. (2010). ""Host selection of symbiotic cyanobacteria in 31 species of the Australian cycad genus: Macrozamia (Zamiaceae)"". Molecular Plant-Microbe Interactions. 23 (6): 811–22. doi:10.1094/MPMI-23-6-0811. PMID 20459320.

^ Elliot, Rodger W.; Jones, David L.; Blake. Trevor (1993). Encyclopaedia of Australian Plants Suitable for Cultivation:Volume 6 – K-M. Port Melbourne, Victoria: Lothian Press. p. 379. ISBN 0-85091-589-9.

^ Pieroni, Andrea (2005). Prance, Ghillean; Nesbitt, Mark (eds.). The Cultural History of Plants. Routledge. p. 36. ISBN 0-415-92746-3.

","
 macrozamia corallipes hook f 
zamia spiralis salisb 
 macrozamia spiralis is a species of cycad in the family zamiaceae  it is endemic to new south wales in eastern australia  where it is found in sclerophyll forest on low nutrient soils  plants generally lack a trunk and have      leaves that range up to     cm     in  in length 
 richard anthony salisbury described this species as zamia spiralis in        from a collection made somewhere in the vicinity of port jackson  sydney   however  no type specimen is extant   dutch botanist friedrich anton wilhelm miquel gave it its current name in        meanwhile  joseph dalton hooker described m  corallipes from a plate in       
 for many years  the name m  spiralis was applied to the large common cycad from the sydney region  while its smaller relative was known as m  corallipes  in       new south wales herbarium botanist lawrie johnson examined the species descriptions and determined that salisbury s original description was in fact of the smaller species  and renamed the familiar burrawang as macrozamia communis  
 this cycad is acaulescent   the      cm        in  diameter stem does not generally grow above ground level   plants have      leaves that range from    to     cm        in  in length   each compound frond has        simple pinnae that are       cm        in  long at the leaf s greatest width  each pinna is       cm          in  wide   the rachis of the leaf is often twisted     degrees  sometimes up to     degrees  though sometimes not at all   a male plant develops   to   male  or pollen bearing  cones   which are fusiform  spindle shaped   and measure       cm      in  high by     cm        in  wide   the female plant produces a single oval female  seed  cone   which is       cm        in  high and     cm          in  wide   the orange to red fleshy seeds have been reported to be ripe in april and may   plants do not reproduce until    to    years of age and are thought to live over    years  they regrow from the ground after bushfire  
 seedlings of macrozamia spiralis have a tuber and coralloid roots that rise up above the ground containing cyanobacteria   these exist in a symbiotic relationship with their cycad host by nitrogen fixation   field work done on roots of    cycads from diverse genera in      showed that the relationship between cycad and cyanobacterium species is not exclusive  the most common genera of cyanobacteria isolated from cycads were those of nostoc  which was isolated from m  spiralis  and calothrix  
 macrozamia spiralis is found in central new south wales  from dunedoo and the goulburn river valley eastwards over the blue mountains and into the sydney basin south to waterfall   and wallacia  and north to maroota and putty   conservation areas that it is protected in include werakata national park  windsor downs nature reserve  agnes banks nature reserve   and castlereagh nature reserve  where it is common   scattered plants grow on clay   sandy or gravelly low nutrient soils in sclerophyll forest   under such trees as narrow leaved apple  angophora bakeri  and broad leaved red ironbark  eucalyptus fibrosa    macrozamia spiralis was rated as endangered in       
 macrozamia spiralis is suitable for growing in pots or in the ground  though requires good drainage and benefits from extra water in dry periods  it can be grown under established trees  it can be propagated by seed  though germination takes    to    months  
 the plant has been used to produce alcohol  adhesive pastes  and laundry starch  
","['macrozamia', 'corallipes', 'hook', 'zamia', 'spiralis', 'salisb', 'macrozamia', 'spiralis', 'species', 'cycad', 'family', 'zamiaceae', 'endemic', 'new', 'south', 'wales', 'eastern', 'australia', 'found', 'sclerophyll', 'forest', 'low', 'nutrient', 'soils', 'plants', 'generally', 'lack', 'trunk', 'leaves', 'range', 'length', 'richard', 'anthony', 'salisbury', 'described', 'species', 'zamia', 'spiralis', 'collection', 'made', 'somewhere', 'vicinity', 'port', 'jackson', 'sydney', 'however', 'type', 'specimen', 'extant', 'dutch', 'botanist', 'friedrich', 'anton', 'wilhelm', 'miquel', 'gave', 'current', 'name', 'meanwhile', 'joseph', 'dalton', 'hooker', 'described', 'corallipes', 'plate', 'many', 'years', 'name', 'spiralis', 'applied', 'large', 'common', 'cycad', 'sydney', 'region', 'smaller', 'relative', 'known', 'corallipes', 'new', 'south', 'wales', 'herbarium', 'botanist', 'lawrie', 'johnson', 'examined', 'species', 'descriptions', 'determined', 'salisbury', 'original', 'description', 'fact', 'smaller', 'species', 'renamed', 'familiar', 'burrawang', 'macrozamia', 'communis', 'cycad', 'acaulescent', 'diameter', 'stem', 'generally', 'grow', 'ground', 'level', 'plants', 'leaves', 'range', 'length', 'compound', 'frond', 'simple', 'pinnae', 'long', 'leaf', 'greatest', 'width', 'pinna', 'wide', 'rachis', 'leaf', 'often', 'twisted', 'degrees', 'sometimes', 'degrees', 'though', 'sometimes', 'male', 'plant', 'develops', 'male', 'pollen', 'bearing', 'cones', 'fusiform', 'spindle', 'shaped', 'measure', 'high', 'wide', 'female', 'plant', 'produces', 'single', 'oval', 'female', 'seed', 'cone', 'high', 'wide', 'orange', 'red', 'fleshy', 'seeds', 'reported', 'ripe', 'april', 'may', 'plants', 'reproduce', 'years', 'age', 'thought', 'live', 'years', 'regrow', 'ground', 'bushfire', 'seedlings', 'macrozamia', 'spiralis', 'tuber', 'coralloid', 'roots', 'rise', 'ground', 'containing', 'cyanobacteria', 'exist', 'symbiotic', 'relationship', 'cycad', 'host', 'nitrogen', 'fixation', 'field', 'work', 'done', 'roots', 'cycads', 'diverse', 'genera', 'showed', 'relationship', 'cycad', 'cyanobacterium', 'species', 'exclusive', 'common', 'genera', 'cyanobacteria', 'isolated', 'cycads', 'nostoc', 'isolated', 'spiralis', 'calothrix', 'macrozamia', 'spiralis', 'found', 'central', 'new', 'south', 'wales', 'dunedoo', 'goulburn', 'river', 'valley', 'eastwards', 'blue', 'mountains', 'sydney', 'basin', 'south', 'waterfall', 'wallacia', 'north', 'maroota', 'putty', 'conservation', 'areas', 'protected', 'include', 'werakata', 'national', 'park', 'windsor', 'downs', 'nature', 'reserve', 'agnes', 'banks', 'nature', 'reserve', 'castlereagh', 'nature', 'reserve', 'common', 'scattered', 'plants', 'grow', 'clay', 'sandy', 'gravelly', 'low', 'nutrient', 'soils', 'sclerophyll', 'forest', 'trees', 'narrow', 'leaved', 'apple', 'angophora', 'bakeri', 'broad', 'leaved', 'red', 'ironbark', 'eucalyptus', 'fibrosa', 'macrozamia', 'spiralis', 'rated', 'endangered', 'macrozamia', 'spiralis', 'suitable', 'growing', 'pots', 'ground', 'though', 'requires', 'good', 'drainage', 'benefits', 'extra', 'water', 'dry', 'periods', 'grown', 'established', 'trees', 'propagated', 'seed', 'though', 'germination', 'takes', 'months', 'plant', 'used', 'produce', 'alcohol', 'adhesive', 'pastes', 'laundry', 'starch']"
José Rodolfo Chessani,"
 José Rodolfo Chessani García[a] (born on 23 November 1998), known as Rodolfo Chessani,[1][2] is a Mexican Paralympic athlete.[3] He made his first Paralympic appearance representing Mexico at the 2020 Summer Paralympics,[4] where he clinched the gold medal in the men's T38 400m event.[5]
 
 This article about a Paralympic medalist of Mexico is a stub. You can help Wikipedia by adding missing information. This biographical article related to a Mexican swimmer is a stub. You can help Wikipedia by adding missing information.","
^ In this Spanish name, the first or paternal surname is  Chessani and the second or maternal family name is  García. 

 
^ a b Martínez, Fluvio César (17 August 2021). ""Rodolfo Chessani, representará a Coatzacoalcos en los Juegos Paralímpicos de Tokio"" [Rodolfo Chessani will represent Coatzacoalcos at the Tokyo Paralympic Games]. Municipio Sur (in Spanish). Retrieved 31 August 2021.

^ ""Rodolfo Chessani, Alumno de Ingeniería, Obtiene Oro en Juegos Paralímpicos Tokyo 2020"" [Rodolfo Chessani, Engineering Student, Wins Gold at the Tokyo 2020 Paralympic Games]. Anáhuac (in Spanish). 31 August 2021.

^ ""Jose Rodolfo Chessani - Athletics | Paralympic Athlete Profile"". Paralympic.org. International Paralympic Committee. Retrieved 31 August 2021.

^ ""Athletics Jose Rodolfo Chessani"". Tokyo 2020 Paralympics. Tokyo Organising Committee of the Olympic and Paralympic Games. Archived from the original on 31 August 2021. Retrieved 31 August 2021.

^ ""Athletics - Men's 400m - T38 Schedule"". Tokyo 2020 Paralympics. Tokyo Organising Committee of the Olympic and Paralympic Games. Archived from the original on 31 August 2021. Retrieved 31 August 2021.

","
 jos  rodolfo chessani garc a a   born on    november        known as rodolfo chessani    is a mexican paralympic athlete   he made his first paralympic appearance representing mexico at the      summer paralympics   where he clinched the gold medal in the men s t      m event  
 
 this article about a paralympic medalist of mexico is a stub  you can help wikipedia by adding missing information  this biographical article related to a mexican swimmer is a stub  you can help wikipedia by adding missing information ","['jos', 'rodolfo', 'chessani', 'garc', 'born', 'november', 'known', 'rodolfo', 'chessani', 'mexican', 'paralympic', 'athlete', 'made', 'first', 'paralympic', 'appearance', 'representing', 'mexico', 'summer', 'paralympics', 'clinched', 'gold', 'medal', 'men', 'event', 'article', 'paralympic', 'medalist', 'mexico', 'stub', 'help', 'wikipedia', 'adding', 'missing', 'information', 'biographical', 'article', 'related', 'mexican', 'swimmer', 'stub', 'help', 'wikipedia', 'adding', 'missing', 'information']"
European Men's Beach Handball Championship,"
 The European Beach Handball Championship is the official competition for senior national beach handball teams of Europe. It was first organized by the EHF in 2000. In addition to crowning the European champions, the tournament also serves as a qualifying tournament for the World Championships.
","
^ ""2000 Men's ECh Beachhandball"". EHF. Retrieved 6 July 2009.

^ ""2002 Men's ECh Beachhandball"". EHF. Retrieved 6 July 2009.

^ ""2004 Men's ECh Beachhandball"". EHF. Retrieved 3 June 2023.

^ ""2006 Men's ECh Beachhandball"". EHF. Retrieved 3 June 2023.

^ ""2007 Men's ECh Beachhandball"". EHF. Retrieved 3 June 2023.

^ ""2009 Men's ECh Beachhandball"". EHF. Retrieved 3 June 2023.

","
 the european beach handball championship is the official competition for senior national beach handball teams of europe  it was first organized by the ehf in       in addition to crowning the european champions  the tournament also serves as a qualifying tournament for the world championships 
","['european', 'beach', 'handball', 'championship', 'official', 'competition', 'senior', 'national', 'beach', 'handball', 'teams', 'europe', 'first', 'organized', 'ehf', 'addition', 'crowning', 'european', 'champions', 'tournament', 'also', 'serves', 'qualifying', 'tournament', 'world', 'championships']"
The Man from Tallahassee,"
 ""The Man from Tallahassee"" is the 13th episode of the 3rd season of Lost, and the 62nd episode overall. It was aired on March 21, 2007, on ABC. The episode was written by Drew Goddard and Jeff Pinkner and directed by Jack Bender. The character of John Locke (Terry O'Quinn) is featured in the episode's flashbacks. The episode received critical acclaim and is considered by critics and fans as one of the best episodes of Lost.[2][3]
 Locke is suffering from depression and becomes a recluse. He goes to a government building and finds out he needs to give unwanted information from him in order to keep getting paid his disability insurance. Later on, in his apartment, he is visited by a young man named Peter Talbot (Patrick J. Adams). Peter reveals Locke's father, con man Anthony Cooper (Kevin Tighe), is trying under the false name ""Adam Seward"" to marry Peter's mother. Locke later goes to a florist shop where his father goes with Peter's mother.  Knowing Cooper only wants to marry the woman to take her money, Locke confronts him and warns Cooper to call off the wedding and end it or he will tell the woman the truth. Cooper reluctantly agrees.
 Later, Locke is approached by two detectives, who tell him Peter is dead. Assuming Peter's death was staged by Cooper, Locke goes to Cooper's condo and confronts him, but Cooper denies any involvement. He says Peter's mother was devastated and called off the wedding, and assures Locke that he can call Peter's mother himself if he wants proof. Locke picks up the phone to call her when Cooper suddenly charges him and shoves him through the window. Locke plummets eight stories to the ground, but survives (shown how in a later episode).
 As Locke lies in a hospital bed, the two detectives inform him that his father has fled to Mexico and has now disappeared. They leave as a physiotherapist lifts Locke out of bed and places him in his wheelchair for the first time. Locke breaks into tears at not being able to move his legs.
 Outside the Others' compound, Locke, Sayid Jarrah (Naveen Andrews), Kate Austen (Evangeline Lilly) and Danielle Rousseau (Mira Furlan) are shocked to see Jack Shephard (Matthew Fox) interacting familiarly with the Others, and Kate insists that the Others have done something to him.
 As Rousseau slips away, they sneak into the compound. Kate enters Jack's house and despite her insistence that she will not leave without him, he refuses to go. The door bursts open and two armed Others apprehend her, bringing along a struggling Sayid.
 Meanwhile, Locke enters the house of Ben Linus (Michael Emerson). Locke wakes Ben and threatens him, demanding he reveal the location of the submarine. They are interrupted — first by Ben's teenage daughter Alex (Tania Raymonde), whom Locke grabs and hides with in the closet, and then by Tom (M. C. Gainey) and an unseen Richard Alpert (Nestor Carbonell), who tells Ben that they captured Kate and Sayid trying to rescue Jack. Ben tells Tom to separate the two and interrogate them, and instructs Richard to bring him ""the man from Tallahassee."" After the two leave, Locke asks Alex to get Sayid's pack, and Ben concludes he is doing so to destroy the Others' submarine.
 Jack visits the imprisoned Kate to tell her that he made a deal with the Others to let him go home. Alex gets Sayid's pack from him. As she leads Locke to the submarine — not knowing her mother is watching her from the bushes — Alex tells Locke that Ben is manipulating him, because he manipulates everyone. Afterwards Jack visits Ben, asking that his friends be released after he leaves the island. Ben agrees to let them go after Jack and Juliet have left, but knowing that Locke is going to blow up the submarine. Jack and Juliet Burke (Elizabeth Mitchell) are escorted to the dock. They run into Locke as he is walking back up the dock. Jack asks what he's doing there; Locke simply replies ""I'm sorry"" as the submarine explodes behind him.
 Later, Locke is locked in a room in the DHARMA barracks. Ben and Richard open the door, and Locke reveals that he knows Ben wanted him to blow up the sub. Ben reveals that he wanted to find a way to keep Jack from leaving the island, but did not know how to; Locke had solved this problem. Ben and Richard lead Locke down a hallway, and Ben tells him that, for whatever reason, Locke is ""in communion"" with the island, and that makes him ""very, very important."" Ben then takes Locke to a room where Cooper is being held captive.
 Exposé can be heard on the TV Locke watches in his apartment.
 During the last flashback, Anthony Cooper serves a bottle of MacCutcheon 60 whiskey to Locke, the same type used by Charles Widmore (Penelope's father) and Desmond, Charlie and Hurley in ""Flashes Before Your Eyes"", and Sayid in ""He's Our You.""
 For the scene where Locke is thrown out the window, the footage of Terry O'Quinn ended when Locke is behind a pillar. Afterwards it is a stunt double, who also crashed through a fake window. The aerial scene of Locke falling had the same double falling attached to a harness in front of a bluescreen.  The submarine was mostly a prop made of painted styrofoam over a steel structure, but its interior was shot inside the SS-287 at the USS Arizona Memorial.[4]
 Terry O'Quinn submitted this episode for consideration for Outstanding Supporting Actor in a Drama Series for the 59th Primetime Emmy Awards, an award he would go on to win. It was also sent for consideration for Outstanding Writing for a Drama Series.[5]
","
^ ""Lost - Netflix"". Netflix. Archived from the original on February 10, 2024. Retrieved November 24, 2017.

^ ""Lost (Classic): ""The Man From Tallahassee"""". AV Club. Retrieved August 1, 2024.

^ Wigler, Josh (September 20, 2019). ""'Lost' 15 Years Later: Every Episode, Ranked"". The Hollywood Reporter. Retrieved August 1, 2024.

^ ""Lost on Location for ""The Man from Tallahassee"""". Lost: The Complete Third Season (DVD). Buena Vista Home Entertainment. 2007.

^ ""2007 Emmys CONFIRMED Episode Submissions"". The Envelope Forum, Los Angeles Times. Archived from the original on August 22, 2007. Retrieved June 18, 2007.

","
  the man from tallahassee  is the   th episode of the  rd season of lost  and the   nd episode overall  it was aired on march           on abc  the episode was written by drew goddard and jeff pinkner and directed by jack bender  the character of john locke  terry o quinn  is featured in the episode s flashbacks  the episode received critical acclaim and is considered by critics and fans as one of the best episodes of lost   
 locke is suffering from depression and becomes a recluse  he goes to a government building and finds out he needs to give unwanted information from him in order to keep getting paid his disability insurance  later on  in his apartment  he is visited by a young man named peter talbot  patrick j  adams   peter reveals locke s father  con man anthony cooper  kevin tighe   is trying under the false name  adam seward  to marry peter s mother  locke later goes to a florist shop where his father goes with peter s mother   knowing cooper only wants to marry the woman to take her money  locke confronts him and warns cooper to call off the wedding and end it or he will tell the woman the truth  cooper reluctantly agrees 
 later  locke is approached by two detectives  who tell him peter is dead  assuming peter s death was staged by cooper  locke goes to cooper s condo and confronts him  but cooper denies any involvement  he says peter s mother was devastated and called off the wedding  and assures locke that he can call peter s mother himself if he wants proof  locke picks up the phone to call her when cooper suddenly charges him and shoves him through the window  locke plummets eight stories to the ground  but survives  shown how in a later episode  
 as locke lies in a hospital bed  the two detectives inform him that his father has fled to mexico and has now disappeared  they leave as a physiotherapist lifts locke out of bed and places him in his wheelchair for the first time  locke breaks into tears at not being able to move his legs 
 outside the others  compound  locke  sayid jarrah  naveen andrews   kate austen  evangeline lilly  and danielle rousseau  mira furlan  are shocked to see jack shephard  matthew fox  interacting familiarly with the others  and kate insists that the others have done something to him 
 as rousseau slips away  they sneak into the compound  kate enters jack s house and despite her insistence that she will not leave without him  he refuses to go  the door bursts open and two armed others apprehend her  bringing along a struggling sayid 
 meanwhile  locke enters the house of ben linus  michael emerson   locke wakes ben and threatens him  demanding he reveal the location of the submarine  they are interrupted   first by ben s teenage daughter alex  tania raymonde   whom locke grabs and hides with in the closet  and then by tom  m  c  gainey  and an unseen richard alpert  nestor carbonell   who tells ben that they captured kate and sayid trying to rescue jack  ben tells tom to separate the two and interrogate them  and instructs richard to bring him  the man from tallahassee   after the two leave  locke asks alex to get sayid s pack  and ben concludes he is doing so to destroy the others  submarine 
 jack visits the imprisoned kate to tell her that he made a deal with the others to let him go home  alex gets sayid s pack from him  as she leads locke to the submarine   not knowing her mother is watching her from the bushes   alex tells locke that ben is manipulating him  because he manipulates everyone  afterwards jack visits ben  asking that his friends be released after he leaves the island  ben agrees to let them go after jack and juliet have left  but knowing that locke is going to blow up the submarine  jack and juliet burke  elizabeth mitchell  are escorted to the dock  they run into locke as he is walking back up the dock  jack asks what he s doing there  locke simply replies  i m sorry  as the submarine explodes behind him 
 later  locke is locked in a room in the dharma barracks  ben and richard open the door  and locke reveals that he knows ben wanted him to blow up the sub  ben reveals that he wanted to find a way to keep jack from leaving the island  but did not know how to  locke had solved this problem  ben and richard lead locke down a hallway  and ben tells him that  for whatever reason  locke is  in communion  with the island  and that makes him  very  very important   ben then takes locke to a room where cooper is being held captive 
 expos  can be heard on the tv locke watches in his apartment 
 during the last flashback  anthony cooper serves a bottle of maccutcheon    whiskey to locke  the same type used by charles widmore  penelope s father  and desmond  charlie and hurley in  flashes before your eyes   and sayid in  he s our you  
 for the scene where locke is thrown out the window  the footage of terry o quinn ended when locke is behind a pillar  afterwards it is a stunt double  who also crashed through a fake window  the aerial scene of locke falling had the same double falling attached to a harness in front of a bluescreen   the submarine was mostly a prop made of painted styrofoam over a steel structure  but its interior was shot inside the ss     at the uss arizona memorial  
 terry o quinn submitted this episode for consideration for outstanding supporting actor in a drama series for the   th primetime emmy awards  an award he would go on to win  it was also sent for consideration for outstanding writing for a drama series  
","['man', 'tallahassee', 'episode', 'season', 'lost', 'episode', 'overall', 'aired', 'march', 'abc', 'episode', 'written', 'drew', 'goddard', 'jeff', 'pinkner', 'directed', 'jack', 'bender', 'character', 'john', 'locke', 'terry', 'quinn', 'featured', 'episode', 'flashbacks', 'episode', 'received', 'critical', 'acclaim', 'considered', 'critics', 'fans', 'one', 'best', 'episodes', 'lost', 'locke', 'suffering', 'depression', 'becomes', 'recluse', 'goes', 'government', 'building', 'finds', 'needs', 'give', 'unwanted', 'information', 'order', 'keep', 'getting', 'paid', 'disability', 'insurance', 'later', 'apartment', 'visited', 'young', 'man', 'named', 'peter', 'talbot', 'patrick', 'adams', 'peter', 'reveals', 'locke', 'father', 'con', 'man', 'anthony', 'cooper', 'kevin', 'tighe', 'trying', 'false', 'name', 'adam', 'seward', 'marry', 'peter', 'mother', 'locke', 'later', 'goes', 'florist', 'shop', 'father', 'goes', 'peter', 'mother', 'knowing', 'cooper', 'wants', 'marry', 'woman', 'take', 'money', 'locke', 'confronts', 'warns', 'cooper', 'call', 'wedding', 'end', 'tell', 'woman', 'truth', 'cooper', 'reluctantly', 'agrees', 'later', 'locke', 'approached', 'two', 'detectives', 'tell', 'peter', 'dead', 'assuming', 'peter', 'death', 'staged', 'cooper', 'locke', 'goes', 'cooper', 'condo', 'confronts', 'cooper', 'denies', 'involvement', 'says', 'peter', 'mother', 'devastated', 'called', 'wedding', 'assures', 'locke', 'call', 'peter', 'mother', 'wants', 'proof', 'locke', 'picks', 'phone', 'call', 'cooper', 'suddenly', 'charges', 'shoves', 'window', 'locke', 'plummets', 'eight', 'stories', 'ground', 'survives', 'shown', 'later', 'episode', 'locke', 'lies', 'hospital', 'bed', 'two', 'detectives', 'inform', 'father', 'fled', 'mexico', 'disappeared', 'leave', 'physiotherapist', 'lifts', 'locke', 'bed', 'places', 'wheelchair', 'first', 'time', 'locke', 'breaks', 'tears', 'able', 'move', 'legs', 'outside', 'others', 'compound', 'locke', 'sayid', 'jarrah', 'naveen', 'andrews', 'kate', 'austen', 'evangeline', 'lilly', 'danielle', 'rousseau', 'mira', 'furlan', 'shocked', 'see', 'jack', 'shephard', 'matthew', 'fox', 'interacting', 'familiarly', 'others', 'kate', 'insists', 'others', 'done', 'something', 'rousseau', 'slips', 'away', 'sneak', 'compound', 'kate', 'enters', 'jack', 'house', 'despite', 'insistence', 'leave', 'without', 'refuses', 'door', 'bursts', 'open', 'two', 'armed', 'others', 'apprehend', 'bringing', 'along', 'struggling', 'sayid', 'meanwhile', 'locke', 'enters', 'house', 'ben', 'linus', 'michael', 'emerson', 'locke', 'wakes', 'ben', 'threatens', 'demanding', 'reveal', 'location', 'submarine', 'interrupted', 'first', 'ben', 'teenage', 'daughter', 'alex', 'tania', 'raymonde', 'locke', 'grabs', 'hides', 'closet', 'tom', 'gainey', 'unseen', 'richard', 'alpert', 'nestor', 'carbonell', 'tells', 'ben', 'captured', 'kate', 'sayid', 'trying', 'rescue', 'jack', 'ben', 'tells', 'tom', 'separate', 'two', 'interrogate', 'instructs', 'richard', 'bring', 'man', 'tallahassee', 'two', 'leave', 'locke', 'asks', 'alex', 'get', 'sayid', 'pack', 'ben', 'concludes', 'destroy', 'others', 'submarine', 'jack', 'visits', 'imprisoned', 'kate', 'tell', 'made', 'deal', 'others', 'let', 'home', 'alex', 'gets', 'sayid', 'pack', 'leads', 'locke', 'submarine', 'knowing', 'mother', 'watching', 'bushes', 'alex', 'tells', 'locke', 'ben', 'manipulating', 'manipulates', 'everyone', 'afterwards', 'jack', 'visits', 'ben', 'asking', 'friends', 'released', 'leaves', 'island', 'ben', 'agrees', 'let', 'jack', 'juliet', 'left', 'knowing', 'locke', 'going', 'blow', 'submarine', 'jack', 'juliet', 'burke', 'elizabeth', 'mitchell', 'escorted', 'dock', 'run', 'locke', 'walking', 'back', 'dock', 'jack', 'asks', 'locke', 'simply', 'replies', 'sorry', 'submarine', 'explodes', 'behind', 'later', 'locke', 'locked', 'room', 'dharma', 'barracks', 'ben', 'richard', 'open', 'door', 'locke', 'reveals', 'knows', 'ben', 'wanted', 'blow', 'sub', 'ben', 'reveals', 'wanted', 'find', 'way', 'keep', 'jack', 'leaving', 'island', 'know', 'locke', 'solved', 'problem', 'ben', 'richard', 'lead', 'locke', 'hallway', 'ben', 'tells', 'whatever', 'reason', 'locke', 'communion', 'island', 'makes', 'important', 'ben', 'takes', 'locke', 'room', 'cooper', 'held', 'captive', 'expos', 'heard', 'locke', 'watches', 'apartment', 'last', 'flashback', 'anthony', 'cooper', 'serves', 'bottle', 'maccutcheon', 'whiskey', 'locke', 'type', 'used', 'charles', 'widmore', 'penelope', 'father', 'desmond', 'charlie', 'hurley', 'flashes', 'eyes', 'sayid', 'scene', 'locke', 'thrown', 'window', 'footage', 'terry', 'quinn', 'ended', 'locke', 'behind', 'pillar', 'afterwards', 'stunt', 'double', 'also', 'crashed', 'fake', 'window', 'aerial', 'scene', 'locke', 'falling', 'double', 'falling', 'attached', 'harness', 'front', 'bluescreen', 'submarine', 'mostly', 'prop', 'made', 'painted', 'styrofoam', 'steel', 'structure', 'interior', 'shot', 'inside', 'uss', 'arizona', 'memorial', 'terry', 'quinn', 'submitted', 'episode', 'consideration', 'outstanding', 'supporting', 'actor', 'drama', 'series', 'primetime', 'emmy', 'awards', 'award', 'would', 'win', 'also', 'sent', 'consideration', 'outstanding', 'writing', 'drama', 'series']"
Megacraspedus centrosema,"
 Megacraspedus centrosema is a moth of the family Gelechiidae. It was described by Edward Meyrick in 1904. It is found in Australia, where it has been recorded from New South Wales and South Australia.[1]
 The wingspan is 11–12 mm (0.43–0.47 in). The forewings are fuscous with a shining white costal streak from the base to the apex, narrowed towards the extremities, the lower edge is straight and edged with dark fuscous. There is an undefined rather broad streak of white suffusion along the dorsum and termen. The hindwings are whitish grey.[2]
 
 This article on a moth of the genus Megacraspedus is a stub. You can help Wikipedia by adding missing information.","
^ Savela, Markku, ed. (30 April 2016). ""Megacraspedus centrosema Meyrick, 1904"". Retrieved 6 September 2020 – via FUNET.

^ Meyrick, E. (1904). ""Descriptions of Australian Micro-Lepidoptera"". Proceedings of the Linnean Society of New South Wales. 29 (part II [number 114]): 275 – via Internet Archive.  This article incorporates text from this source, which is in the public domain.

","
 megacraspedus centrosema is a moth of the family gelechiidae  it was described by edward meyrick in       it is found in australia  where it has been recorded from new south wales and south australia  
 the wingspan is       mm            in   the forewings are fuscous with a shining white costal streak from the base to the apex  narrowed towards the extremities  the lower edge is straight and edged with dark fuscous  there is an undefined rather broad streak of white suffusion along the dorsum and termen  the hindwings are whitish grey  
 
 this article on a moth of the genus megacraspedus is a stub  you can help wikipedia by adding missing information ","['megacraspedus', 'centrosema', 'moth', 'family', 'gelechiidae', 'described', 'edward', 'meyrick', 'found', 'australia', 'recorded', 'new', 'south', 'wales', 'south', 'australia', 'wingspan', 'forewings', 'fuscous', 'shining', 'white', 'costal', 'streak', 'base', 'apex', 'narrowed', 'towards', 'extremities', 'lower', 'edge', 'straight', 'edged', 'dark', 'fuscous', 'undefined', 'rather', 'broad', 'streak', 'white', 'suffusion', 'along', 'dorsum', 'termen', 'hindwings', 'whitish', 'grey', 'article', 'moth', 'genus', 'megacraspedus', 'stub', 'help', 'wikipedia', 'adding', 'missing', 'information']"
Dameracherla,"
 Dameracherla, alternatively spelled Damaracherla or Damercherla, is a village in Nalgonda district, Telangana, India. It is the head of the mandal of Damaracherla.[1] The local language is Telugu. There are approximately 12,710 people living in the village.
","
^ a b ""District Census Handbook – Nalgonda"" (PDF). Census of India. p. 13,446. Retrieved 15 February 2016.

","
 dameracherla  alternatively spelled damaracherla or damercherla  is a village in nalgonda district  telangana  india  it is the head of the mandal of damaracherla   the local language is telugu  there are approximately        people living in the village 
","['dameracherla', 'alternatively', 'spelled', 'damaracherla', 'damercherla', 'village', 'nalgonda', 'district', 'telangana', 'india', 'head', 'mandal', 'damaracherla', 'local', 'language', 'telugu', 'approximately', 'people', 'living', 'village']"
Tırmıl railway station,"Tırmıl railway station (Turkish: Tırmıl istasyonu) is a railway station in Mersin, Turkey, on the Adana-Mersin railway between Mersin and Karacailyas railway stations Located within the Akdeniz ilçe (district) in east Mersin, the station is located at the west end of Tırmıl yard. TCDD Taşımacılık operates daily regional train service from Mersin to Adana, İskenderun and İslahiye, with a total of 12 daily trains stopping at Tırmıl, in each direction.
",,"t rm l railway station  turkish  t rm l istasyonu  is a railway station in mersin  turkey  on the adana mersin railway between mersin and karacailyas railway stations located within the akdeniz il e  district  in east mersin  the station is located at the west end of t rm l yard  tcdd ta  mac l k operates daily regional train service from mersin to adana  i skenderun and i slahiye  with a total of    daily trains stopping at t rm l  in each direction 
","['railway', 'station', 'turkish', 'istasyonu', 'railway', 'station', 'mersin', 'turkey', 'adana', 'mersin', 'railway', 'mersin', 'karacailyas', 'railway', 'stations', 'located', 'within', 'akdeniz', 'district', 'east', 'mersin', 'station', 'located', 'west', 'end', 'yard', 'tcdd', 'mac', 'operates', 'daily', 'regional', 'train', 'service', 'mersin', 'adana', 'skenderun', 'slahiye', 'total', 'daily', 'trains', 'stopping', 'direction']"
Zakros,"Zakros (Greek: Ζάκρος also Zakro or Kato Zakro) is a Minoan archaeological site on the eastern coast of Crete in Lasithi, Greece. It is regarded as one of the six Minoan palaces, and its protected harbor and strategic location made it an important commercial hub for trade to the east.
 The town was dominated by the Palace of Zakro, originally built around 1900 BC, rebuilt around 1600 BC, and destroyed around 1450 BC along with the other major centers of Minoan civilization. Extensive ruins of the palace remain, and are a popular tourist destination.
 Zakros is sometimes divided into Epano Zakros (Upper Zakros), the portion higher up on the hillside, and Kato Zakros (Lower Zakros), the part near the sea. A Minoan villa was discovered on the road from Epano Zakos near the gorge. It is dated to the Minoan LM IA period (c. 1700–1625 BC), before the construction of the palace.[1] A pithos found there had a Linear A inscription around its rim recording a large quantity (32 units) of wine.[2] A ravine (usually referred to as a gorge in archaeological publications) known as the ""Ravine of the Dead"" runs through both the upper and lower parts of the ancient site, named after the numerous burials that have been found in the caves along its walls.
 The site was first occupied in the Early Minoan III to Middle Minoan IA period (c. 2000 BC). The monumental construction at the site proceeded in two phases. The Old Palace was built late in the Middle Minoan period and then destroyed by a large seismic event c. 1700 BC. At that point the New Palace was constructed. It was destroyed in another seismic event c. 1450 BC (between the Late Minoan IA and Late Minoan IB periods). There was a limited degree of occupation  which then ceased entirely c. 1200 BC (Late Minoan III period). A 3 meter wide slab paved guttered road, built during the ProtoPalatial period, connected Kato Zakros and its harbor. It led to the northeast gate of the palace. During the Minoan era the sea level dropped 4 times (−4.00 ± 0.30 m, −2.85 ± 0.30 m, −1.25 ± 0.05 m, and −0.50 ± 0.05 m), or the land rose, of major significance to a harbor city.[3] To the north a large Protopalatial and Neopalatial town occupied the hills around the palace. The town, like the palace, was laid out with a rectilinear paved road system. Based on the road width and lack of wheel wear it is assumed that transport was by pack animals.[4][2]
 It has been proposed that the ancient name of the site was Dikta.[5]
 In 2025, the site was designated as a World Heritage Site by UNESCO.[6]
 The site was first recorded by Thomas Abel Brimage Spratt in 1851.[7]
 The site was visited by Arthur Evans, excavator of Knossos, in 1894 and 1896. Zakro was excavated by D. G. Hogarth of the British School of Archaeology at Athens under the auspices of the Cretan Exploration Fund in 1901 working primarily in the central area, Ayios Antonios. Finds included bronze tools, pottery, loom weights, furniture, and a winepress (7 have now been found in total, all in the town area). In a stone cellar in one of the 12 homes excavated on the hill to the northeast a small horde of bronze implements was found including two axe heads and three lances. Some of the pottery from later contexts was of Mycenaean Greek type. Some small sites (Xerokambolina, Ambelis, Anthropolites,  Tou Koukou to Kephali, and S' tas Tavernas) in the upper Zakros Valley near Espano Zakros were also examined.[8][9][10][11] Two pits were excavated by Hogarth, the primary one being 16 feet in diameter and 18 feet deep with a deposit of 8 feet in depth at the bottom (with the top 3 feet disturbed by looting villagers). Artifacts, primarily pottery, found in the pit date to the LM IA period.[12] A single Linear A inscribed roundel (3.00 by 2.80 by 1.20 centimeters) was found, in the same deposit with a Linear A tablet and a number of clay sealings. Three of the sealings were inscribed with Cretan hieroglyphs. The deposit was in a destruction layer dated between layers LM IA and LM IB.[13][14] Human remains were found in caves at the gorge.[15]
 In 1961, Nikolaos Platon resumed the excavation and discovered the Palace of Zakro (the New Palace). The palace (or administrative center), with an area of about 8000 square meters and with about 150 rooms, featured two large paved courtyards, one central and one to the west. His work there continued until he died in 1992 and appears to have then been continued by Lefteris Plato.[16][17][18][19][20] Much of the focus of excavation was on the slope northeast of the palace including the ""Strong Building"", ""Little Tower Building"", and the ""Pottery Stores Building"".[21]  During excavation an irrigation project to the west of the site revealed Middle Minoan tomb enclosures at Pezoules Kephala. Two enclosures were excavated, one a single tomb and one a multi-chambered tomb. Articulated skeletons were recovered and later examined.[22] This site has yielded several clay tablets with Linear A inscriptions.[23][24] Copper oxhide ingots dated to LM IA were found.[25] One Egyptian stonebridge‑spouted jar which had been locally modified was found.[26]
 A number of seals, mainly of steatite, and clay sealings have been found at Zakros.[27][28][29] Two Egyptian Early Dynastic bowls were found in the cult repository of the Palace. It is thought that they stemmed from the widespread trade in robbed Egyptian tomb artifacts in that period.[30]  Zakros is the second largest source of recovered Linear A inscriptions, after Haghia Triada. In total 591 documents were found consisting of 31 tablets and 560 sealed documents.[31]
 Many of the excavated artifacts are housed at the Heraklion Archaeological Museum. Some items, given to Hogarth by the Cretan government, are housed at the Ashmolean Museum.
","
^ Mantzourani, Eleni, and Giorgos Vavouranakis, ""Achladia and Epano Zakros: A Re-examination of the Architecture and Topography of Two Possible Minoan Villas in East Crete"", Opuscula Atheniensia 30, pp. 99-125, 2005

^ a b [1] Archived 2024-04-22 at the Wayback MachineRehak, Paul, and John G. Younger, ""Neopalatial, final palatial, and postpalatial Crete"", American Journal of Archaeology 102.1, pp. 91-173, 1998

^ Mourtzas, Nikos, and Eleni Kolaiti, ""Shoreline reconstruction of the submerged Minoan harbour morphology in the bay of Kato Zakros (Eastern Crete, Greece)"", Journal of Archaeological Science: Reports 12, pp. 684-698, 2017

^ Salichou, Alexandra, ""The mobility of goods and the provisioning of buildings within the Late Minoan IB settlement of Kato Zakros"", Platon 237:238, 1974

^ Huxley, George, ""The Ancient Name of Zakro"", Greek, Roman, and Byzantine Studies 8.2, pp. 85-87, 1967

^ ""Bavarian fairy tale castles and French Carnac Megaliths among new UNESCO World Heritage sites"". Euronews. July 12, 2025.

^ Thomas Abel Brimage Spratt (1865). Travels and Researches in Crete. J. van Voorst. OCLC 1000662504. Volume 1

^ D. G. Hogarth, ""Excavations at Zakro, Crete"", Annual of the British School at Athens 7, pp. 121-49, 1901

^ Dawkins, R. M., ""Pottery from Zakro"", The Journal of Hellenic Studies 23, pp. 248-260, 1903

^ [2] Archived 2024-08-12 at the Wayback MachineHogarth, David George, ""Bronze-age vases from Zakro"", The Journal of Hellenic Studies 22, pp. 333-338, 1902

^ Hogarth, D. G., ""Exploration at Zakro in Eastern Crete"", Man, vol. 1, pp. 186–87, 1901

^ Platon, Lefteris, ""On the dating and character of the'Zakros pits deposit'"", British School at Athens Studies, pp. 243-257, 2010

^ D. G. Hogarth, ""The Zakro Sealings"", JHS 22, pp. 76-93, 1902

^ Perna, Massimo, ""The Roundel in Linear A from Zakro Wc 2 (HM 84)"", Kadmos 33.1, pp. 29-37, 1994

^ W. Boyd Dawkins, ""Skulls from cave burials at Zakro"", Annual of the British School at Athens 7, pp. 150-55, 1901

^ Platon, N, ""Ανασκαφή Ζάκρου"", Prakt, pp. 216-224, 1961

^ Platon, N, ""Ανασκαφή Ζάκρου"", Prakt, pp. 142-168, 1962

^ Fraser, P. M., ""Archaeology in Greece, 1968-69"", Archaeological Reports, no. 15, pp. 3–39, 1968

^ Fraser, P. M., ""Archaeology in Greece, 1970-71"", Archaeological Reports, no. 17, pp. 3–32, 1970

^ Lefteris Platon, ""Studying the character of the Minoan ‘household’ within the limits of the Neopalatial settlement of Zakros"", in Kevin T. Glowacki and Natalia Vogeikoff-Brogan (eds.), ΣΤΕΓΑ: The Archaeology of Houses and Households in Ancient Crete, [Hesperia Supplement 44], Princeton-New Jersey, pp. 151-161, 2011

^ Catling, H. W., ""Archaeology in Greece, 1971-72"", Archaeological Reports, no. 18, pp. 3–26, 1971

^ [3] Becker, M. J., ""Human Skeletal Remains from Kato Zakro"", American Journal of Archaeology, vol. 79, no. 3, pp. 271–76, 1975

^ Brice, William C., ""The Zakro Tablets 16, 17 and 18"", Kadmos 21.1, pp. 9-14, 1982

^ Hooker, James T., ""Remarks on the Linear A Inscriptions from Zakro"", Kadmos 16.1,  pp. 13-15, 1977

^ Gale, N. H., and Z. A. Stos-Gale., ""Oxhide Copper Ingots in Crete and Cyprus and the Bronze Age Metals Trade"", The Annual of the British School at Athens, vol. 81, pp. 81–100, 1986

^ [4] Franković, Filip, ""Something old, something new and something borrowed–appropriating foreign material culture in the Late Bronze Age Aegean"", Studia Hercynia 22.1, pp. 7-30, 2018

^ Hogarth, D. G., ""Note on two Zakro sealings"", Annual of the British School at Athens 17, pp. 264-265, 1911

^ [5] Weingarten, Judith, ""Aspects of tradition and innovation in the work of the Zakro Master"", Bulletin de Correspondance Hellénique 11.1, pp. 167-180, 1985

^ Weingarten, Judith, ""Two inscribed sealings from Zakro"", Kadmos 22.2, pp. 107-108, 1983

^ Pomerance, Leon, ""The possible role of tomb robbers and viziers of the 18th Dynasty in confusing Minoan chronology"", Temple University Aegean Symposium, Vol. 1, 1976

^ [6] Salgarella, Ester, ""Drawing lines: The palaeography of Linear A and Linear B"", Kadmos, vol. 58, no. 1–2, pp. 61–92, 2019  doi:10.1515/kadmos-2019-0004

","zakros  greek         also zakro or kato zakro  is a minoan archaeological site on the eastern coast of crete in lasithi  greece  it is regarded as one of the six minoan palaces  and its protected harbor and strategic location made it an important commercial hub for trade to the east 
 the town was dominated by the palace of zakro  originally built around      bc  rebuilt around      bc  and destroyed around      bc along with the other major centers of minoan civilization  extensive ruins of the palace remain  and are a popular tourist destination 
 zakros is sometimes divided into epano zakros  upper zakros   the portion higher up on the hillside  and kato zakros  lower zakros   the part near the sea  a minoan villa was discovered on the road from epano zakos near the gorge  it is dated to the minoan lm ia period  c            bc   before the construction of the palace   a pithos found there had a linear a inscription around its rim recording a large quantity     units  of wine   a ravine  usually referred to as a gorge in archaeological publications  known as the  ravine of the dead  runs through both the upper and lower parts of the ancient site  named after the numerous burials that have been found in the caves along its walls 
 the site was first occupied in the early minoan iii to middle minoan ia period  c       bc   the monumental construction at the site proceeded in two phases  the old palace was built late in the middle minoan period and then destroyed by a large seismic event c       bc  at that point the new palace was constructed  it was destroyed in another seismic event c       bc  between the late minoan ia and late minoan ib periods   there was a limited degree of occupation  which then ceased entirely c       bc  late minoan iii period   a   meter wide slab paved guttered road  built during the protopalatial period  connected kato zakros and its harbor  it led to the northeast gate of the palace  during the minoan era the sea level dropped   times               m               m               m  and              m   or the land rose  of major significance to a harbor city   to the north a large protopalatial and neopalatial town occupied the hills around the palace  the town  like the palace  was laid out with a rectilinear paved road system  based on the road width and lack of wheel wear it is assumed that transport was by pack animals   
 it has been proposed that the ancient name of the site was dikta  
 in       the site was designated as a world heritage site by unesco  
 the site was first recorded by thomas abel brimage spratt in       
 the site was visited by arthur evans  excavator of knossos  in      and       zakro was excavated by d  g  hogarth of the british school of archaeology at athens under the auspices of the cretan exploration fund in      working primarily in the central area  ayios antonios  finds included bronze tools  pottery  loom weights  furniture  and a winepress    have now been found in total  all in the town area   in a stone cellar in one of the    homes excavated on the hill to the northeast a small horde of bronze implements was found including two axe heads and three lances  some of the pottery from later contexts was of mycenaean greek type  some small sites  xerokambolina  ambelis  anthropolites   tou koukou to kephali  and s  tas tavernas  in the upper zakros valley near espano zakros were also examined      two pits were excavated by hogarth  the primary one being    feet in diameter and    feet deep with a deposit of   feet in depth at the bottom  with the top   feet disturbed by looting villagers   artifacts  primarily pottery  found in the pit date to the lm ia period   a single linear a inscribed roundel       by      by      centimeters  was found  in the same deposit with a linear a tablet and a number of clay sealings  three of the sealings were inscribed with cretan hieroglyphs  the deposit was in a destruction layer dated between layers lm ia and lm ib    human remains were found in caves at the gorge  
 in       nikolaos platon resumed the excavation and discovered the palace of zakro  the new palace   the palace  or administrative center   with an area of about      square meters and with about     rooms  featured two large paved courtyards  one central and one to the west  his work there continued until he died in      and appears to have then been continued by lefteris plato       much of the focus of excavation was on the slope northeast of the palace including the  strong building    little tower building   and the  pottery stores building     during excavation an irrigation project to the west of the site revealed middle minoan tomb enclosures at pezoules kephala  two enclosures were excavated  one a single tomb and one a multi chambered tomb  articulated skeletons were recovered and later examined   this site has yielded several clay tablets with linear a inscriptions    copper oxhide ingots dated to lm ia were found   one egyptian stonebridge spouted jar which had been locally modified was found  
 a number of seals  mainly of steatite  and clay sealings have been found at zakros     two egyptian early dynastic bowls were found in the cult repository of the palace  it is thought that they stemmed from the widespread trade in robbed egyptian tomb artifacts in that period    zakros is the second largest source of recovered linear a inscriptions  after haghia triada  in total     documents were found consisting of    tablets and     sealed documents  
 many of the excavated artifacts are housed at the heraklion archaeological museum  some items  given to hogarth by the cretan government  are housed at the ashmolean museum 
","['zakros', 'greek', 'also', 'zakro', 'kato', 'zakro', 'minoan', 'archaeological', 'site', 'eastern', 'coast', 'crete', 'lasithi', 'greece', 'regarded', 'one', 'six', 'minoan', 'palaces', 'protected', 'harbor', 'strategic', 'location', 'made', 'important', 'commercial', 'hub', 'trade', 'east', 'town', 'dominated', 'palace', 'zakro', 'originally', 'built', 'around', 'rebuilt', 'around', 'destroyed', 'around', 'along', 'major', 'centers', 'minoan', 'civilization', 'extensive', 'ruins', 'palace', 'remain', 'popular', 'tourist', 'destination', 'zakros', 'sometimes', 'divided', 'epano', 'zakros', 'upper', 'zakros', 'portion', 'higher', 'hillside', 'kato', 'zakros', 'lower', 'zakros', 'part', 'near', 'sea', 'minoan', 'villa', 'discovered', 'road', 'epano', 'zakos', 'near', 'gorge', 'dated', 'minoan', 'period', 'construction', 'palace', 'pithos', 'found', 'linear', 'inscription', 'around', 'rim', 'recording', 'large', 'quantity', 'units', 'wine', 'ravine', 'usually', 'referred', 'gorge', 'archaeological', 'publications', 'known', 'ravine', 'dead', 'runs', 'upper', 'lower', 'parts', 'ancient', 'site', 'named', 'numerous', 'burials', 'found', 'caves', 'along', 'walls', 'site', 'first', 'occupied', 'early', 'minoan', 'iii', 'middle', 'minoan', 'period', 'monumental', 'construction', 'site', 'proceeded', 'two', 'phases', 'old', 'palace', 'built', 'late', 'middle', 'minoan', 'period', 'destroyed', 'large', 'seismic', 'event', 'point', 'new', 'palace', 'constructed', 'destroyed', 'another', 'seismic', 'event', 'late', 'minoan', 'late', 'minoan', 'periods', 'limited', 'degree', 'occupation', 'ceased', 'entirely', 'late', 'minoan', 'iii', 'period', 'meter', 'wide', 'slab', 'paved', 'guttered', 'road', 'built', 'protopalatial', 'period', 'connected', 'kato', 'zakros', 'harbor', 'led', 'northeast', 'gate', 'palace', 'minoan', 'era', 'sea', 'level', 'dropped', 'times', 'land', 'rose', 'major', 'significance', 'harbor', 'city', 'north', 'large', 'protopalatial', 'neopalatial', 'town', 'occupied', 'hills', 'around', 'palace', 'town', 'like', 'palace', 'laid', 'rectilinear', 'paved', 'road', 'system', 'based', 'road', 'width', 'lack', 'wheel', 'wear', 'assumed', 'transport', 'pack', 'animals', 'proposed', 'ancient', 'name', 'site', 'dikta', 'site', 'designated', 'world', 'heritage', 'site', 'unesco', 'site', 'first', 'recorded', 'thomas', 'abel', 'brimage', 'spratt', 'site', 'visited', 'arthur', 'evans', 'excavator', 'knossos', 'zakro', 'excavated', 'hogarth', 'british', 'school', 'archaeology', 'athens', 'auspices', 'cretan', 'exploration', 'fund', 'working', 'primarily', 'central', 'area', 'ayios', 'antonios', 'finds', 'included', 'bronze', 'tools', 'pottery', 'loom', 'weights', 'furniture', 'winepress', 'found', 'total', 'town', 'area', 'stone', 'cellar', 'one', 'homes', 'excavated', 'hill', 'northeast', 'small', 'horde', 'bronze', 'implements', 'found', 'including', 'two', 'axe', 'heads', 'three', 'lances', 'pottery', 'later', 'contexts', 'mycenaean', 'greek', 'type', 'small', 'sites', 'xerokambolina', 'ambelis', 'anthropolites', 'tou', 'koukou', 'kephali', 'tas', 'tavernas', 'upper', 'zakros', 'valley', 'near', 'espano', 'zakros', 'also', 'examined', 'two', 'pits', 'excavated', 'hogarth', 'primary', 'one', 'feet', 'diameter', 'feet', 'deep', 'deposit', 'feet', 'depth', 'bottom', 'top', 'feet', 'disturbed', 'looting', 'villagers', 'artifacts', 'primarily', 'pottery', 'found', 'pit', 'date', 'period', 'single', 'linear', 'inscribed', 'roundel', 'centimeters', 'found', 'deposit', 'linear', 'tablet', 'number', 'clay', 'sealings', 'three', 'sealings', 'inscribed', 'cretan', 'hieroglyphs', 'deposit', 'destruction', 'layer', 'dated', 'layers', 'human', 'remains', 'found', 'caves', 'gorge', 'nikolaos', 'platon', 'resumed', 'excavation', 'discovered', 'palace', 'zakro', 'new', 'palace', 'palace', 'administrative', 'center', 'area', 'square', 'meters', 'rooms', 'featured', 'two', 'large', 'paved', 'courtyards', 'one', 'central', 'one', 'west', 'work', 'continued', 'died', 'appears', 'continued', 'lefteris', 'plato', 'much', 'focus', 'excavation', 'slope', 'northeast', 'palace', 'including', 'strong', 'building', 'little', 'tower', 'building', 'pottery', 'stores', 'building', 'excavation', 'irrigation', 'project', 'west', 'site', 'revealed', 'middle', 'minoan', 'tomb', 'enclosures', 'pezoules', 'kephala', 'two', 'enclosures', 'excavated', 'one', 'single', 'tomb', 'one', 'multi', 'chambered', 'tomb', 'articulated', 'skeletons', 'recovered', 'later', 'examined', 'site', 'yielded', 'several', 'clay', 'tablets', 'linear', 'inscriptions', 'copper', 'oxhide', 'ingots', 'dated', 'found', 'one', 'egyptian', 'stonebridge', 'spouted', 'jar', 'locally', 'modified', 'found', 'number', 'seals', 'mainly', 'steatite', 'clay', 'sealings', 'found', 'zakros', 'two', 'egyptian', 'early', 'dynastic', 'bowls', 'found', 'cult', 'repository', 'palace', 'thought', 'stemmed', 'widespread', 'trade', 'robbed', 'egyptian', 'tomb', 'artifacts', 'period', 'zakros', 'second', 'largest', 'source', 'recovered', 'linear', 'inscriptions', 'haghia', 'triada', 'total', 'documents', 'found', 'consisting', 'tablets', 'sealed', 'documents', 'many', 'excavated', 'artifacts', 'housed', 'heraklion', 'archaeological', 'museum', 'items', 'given', 'hogarth', 'cretan', 'government', 'housed', 'ashmolean', 'museum']"
2008 AIBA Youth World Boxing Championships,"The 2008 AIBA Youth World Boxing Championships were held in Guadalajara, Mexico, from October 31 to November 1, 2008. It was the first edition of the AIBA Youth World Boxing Championships which had taken over from the Junior World Championship. The competition is under the supervision of the world's governing body for amateur boxing  AIBA and is the junior version of the World Amateur Boxing Championships.
 A total of 359 fighters from 68 different countries registered to compete in the inaugural edition of the competition.[1]
  Jeremy BeccuFrance
  Adam LopezUSA
  Matti KootaFinland
  Oleg ShefferUkraine
  Alexey HaletsichBelarus
  Uktamjon RahmonovUzbekistan
  Sadulai AbdulaiGermany
  Luis AriasUSA
  Gianluca RosciglioneItaly
  Marcin SiwyPoland
  Egor PlevakoUkraine
 20°38′40″N 103°22′08″W﻿ / ﻿20.644328°N 103.368908°W﻿ / 20.644328; -103.368908
","
^ ""Deadline closes for 2008 Youth World Championships entries"". AIBA. 2008-09-29. Archived from the original on 2008-11-05. Retrieved 2009-02-06.

","the      aiba youth world boxing championships were held in guadalajara  mexico  from october    to november          it was the first edition of the aiba youth world boxing championships which had taken over from the junior world championship  the competition is under the supervision of the world s governing body for amateur boxing  aiba and is the junior version of the world amateur boxing championships 
 a total of     fighters from    different countries registered to compete in the inaugural edition of the competition  
  jeremy beccufrance
  adam lopezusa
  matti kootafinland
  oleg shefferukraine
  alexey haletsichbelarus
  uktamjon rahmonovuzbekistan
  sadulai abdulaigermany
  luis ariasusa
  gianluca rosciglioneitaly
  marcin siwypoland
  egor plevakoukraine
          n           w               n            w                          
","['aiba', 'youth', 'world', 'boxing', 'championships', 'held', 'guadalajara', 'mexico', 'october', 'november', 'first', 'edition', 'aiba', 'youth', 'world', 'boxing', 'championships', 'taken', 'junior', 'world', 'championship', 'competition', 'supervision', 'world', 'governing', 'body', 'amateur', 'boxing', 'aiba', 'junior', 'version', 'world', 'amateur', 'boxing', 'championships', 'total', 'fighters', 'different', 'countries', 'registered', 'compete', 'inaugural', 'edition', 'competition', 'jeremy', 'beccufrance', 'adam', 'lopezusa', 'matti', 'kootafinland', 'oleg', 'shefferukraine', 'alexey', 'haletsichbelarus', 'uktamjon', 'rahmonovuzbekistan', 'sadulai', 'abdulaigermany', 'luis', 'ariasusa', 'gianluca', 'rosciglioneitaly', 'marcin', 'siwypoland', 'egor', 'plevakoukraine']"
Kasturbhai Lalbhai,"
 Kasturbhai Lalbhai (19 December 1894 – 20 January 1980) was an Indian industrialist and philanthropist. He co-founded Arvind Mills along with his brothers and several other institutes. He was a co-founder of the Ahmadabad Education Society which later founded Ahmedabad University and the Indian Institute of Management Ahmedabad. Kasturbhai served as the chairman of the historic and influential Anandji Kalyanji Jain Trust, that manages Shatrunjaya and several other Jain pilgrimage centers, for 50 years.
 Kasturbhai Lalbhai was born in 1894 in Zaveriwad, Ahmedabad, Gujarat, to Mohini and Lalbhai Dalpatbhai, a member of a preeminent Jain family.[1]
 He studied at Municipal School Number Eight near Teen Darwaja, Ahmedabad up to fifth grade. He later joined Ranchhodlal Chhotalal Government High School. He matriculated in 1911 with second class. In 1912, when he was a 17-year-old studying in Gujarati College, his father died and being the second son, he was asked to discontinue his studies so as to help in the family business.[2] His father Lalbhai had divided property among his brothers only in the recent past; as his and his sons' share, Lalbhai had received Raipur mills, a new establishment.
 He was married to Sharda Chimanlal Jhaveri in May 1915 and had two sons, Shrenik and Siddharth.[2]
 Kasturbhai belonged to the Jain family of Nagarsheths (city chief) of Ahmedabad, recognized by the Mughals, Marathas and the English during different times.[3]
 He was the descendant of Shantidas Jhaveri, a royal jeweler of Akbar and an Oswal Jain from the Marwar region.[4] Khushalchand (1680–1748), the grandson of Shantidas paid ransom to the Marathas to save Ahmedabad from plunder in 1725. Khushalchand's son Vakhatchand (1740–1814) was also a noted businessman.[5] His grandson Dalpatbhai Bhagubhai was also in cotton trading business in the 1870s. His son Lalbhai Dalpatbhai (1863–1912), Kasturbhai's father, established Saraspur cotton mill in 1896 addition to the traditional business of precious gems.[1] It became a part of the swadeshi movement in India.
 He joined Raipur Mill as chairman in 1912. The operations of the mill had not yet stabilized; hence, Kasturbhai had to take care of operations closely. He started off as a timekeeper in the mill, but fed up with the repetitive nature of the job, he started working with suppliers of the mill and traveled far and wide to understand the supplier market. The boom in demand during and post-World War I helped him in stabilizing the operations of the firm. He joined the board of directors of Raipur mill in 1918. Later he established Ashoka Mills in the 1920s with the help of Dahyabhai Patel.[6] Kasturbhai expanded his business with help of his mentor and trusted general manager of all his textile mills, Dahyabhai Motilal Patel, who had the vision and insight to advise Kasturbhai to invest in or acquire five mills between 1924 and 1938, including four belonging to relatives. These include establishment of Arvind Mills and Nutan Mills in 1931, Aruna Mills in 1928, Ahmedabad New Cotton Mills in 1938.[7] Swadeshi movement by Mahatma Gandhi in the 1930s and starting of World War II in 1939 helped textile industry in India.[8] He modernised all seven mills. They had 12% of India's total spinning capacity and 24% of Ahmedabad's total weaving capacity resulting in they were seventh largest cotton consumer in 1939 in India.[9]
 In 1948, his business group was named in the list of business houses indulging in black-marketing. R. K. Shanmukham Chetty, the finance minister and a friend of Kasturbhai had to resign for reportedly suggesting that its name be dropped from the list. The Income Tax department followed its allegations with a spate of inquiries and after almost ten years, absolved the group of any wrongdoing.[10]
 In 1952, his trusted advisor and general manager, Dahyabhai Motilal Patel, helped strategise and found Atul Limited (literally, 'incomparable'), India's first modern dyestuff manufacturer, in collaboration with American Cyanamid Company. It was inaugurated by the first prime minister, Jawaharlal Nehru.[11]
 He was elected in Central Legislative Assembly in December 1923. During his three-year term, he was involved in lobbying for Indian industries including repeal of excise duty on textiles.[12] During the 1930s, he became close to Mahatma Gandhi and helped him in the Swadeshi movement, which boycotted foreign goods and promoted local industries. He was also indulged in negotiation of taxes with British for Indian textiles during economic depression of the 1930s.[13]
 He held several important positions after independence of India, including Advisory Committee on Fundamental Rights, Minorities and the Administration of Tribal and Excluded Areas in 1947, chairmanship of the Economic Committee of the Ministry of Finance in 1948, chairmanship of Central Public Works Department Industry Committee in 1952, chairmanship of National Research Development Corporation, member of Council of Scientific and Industrial Research, trustee of Gandhi Smarak Nidhi, member of Indian Investment Centre. He also became the trustee and chairman of Mahatma Gandhi Memorial Fund. He also served as a member of Minorities Sub-committee as a representative of Jainism.[14]
 Kasturbhai was elected as the President of Federation of Indian Chamber of Commerce and Industries in 1934 and the President of Ahmedabad Textile Mill Owners Association in 1935. From 1937 to 1949, he served as the Director of Reserve Bank of India.
 He along with Amritlal Hargovinddas, Ganesh Mavlankar started the Ahmadabad Education Society[15] (AES) in 1936, which later evolved into Ahmedabad University in 2009. Later this society started several educational institutes including MG Science College, L M College of Pharmacy. AES assisted the other educational institutions by donating the land to the institutes like Physical Research Laboratory, Indian Space Research Organisation, CEPT, Castrol AES Monitoring Institute, Blind Men's Association giving training to the Blind persons. Vikram Sarabhai Community Science Center, Gujarat Vishwa Kosh, and others. HL College of Commerce had the privilege to house Gujarat University in its building in the initial years. AES had also donated Rs 0.5 Million for the establishment of Gujarat University. AES also helped establish cultural center like Amdavad ni Gufa.[16]
 He and Vikram Sarabhai established Ahmedabad Textile Industries Research Association (ATIRA) before independence under Ahmedabad Textile Mill owners Association for promoting research in field of textiles.[16]
 AES also donated land for the establishment of the Indian Institute of Management Ahmedabad (IIMA). Kasturbhai along with Vikram Sarabhai were instrumental in it. He was on the board of IIMA but declined to accept the position of its chairman.[16][17] Now IIMA has Kasturbhai Lalbhai Management Development Centre and a Kasturbhai Lalbhai Chair in Entrepreneurship.
 To promote engineering and technology, he founded an engineering college in 1947 and named it after his father, Lalbhai Dalpatbhai College of Engineering.[16] He also established the Lalbhai Dalpatbhai Institute of Indology in 1962.[18]
 In 1949, he founded the Gujarat Chamber of Commerce and Industries (GCCI). From 1955 to 1965, he was a chairman of Indian Institute of Technology (IIT). He founded the Lalbhai Dalpatbhai Institute of Indology in 1962 which preserves many manuscripts, rare books, and microfilms. In 1972, Sankat Nivaran Society was founded by Gujarat Chamber of Commerce and Industries and Ahmedabad Textile Mills Owners' Association.
 He commissioned world-renowned architects such as Louis Kahn, Le Corbusier, B. V. Doshi and Charles Correa to design some of these institutes and bring modern architecture in Ahmedabad.[17]
 With time, Kasturbhai started handing over the operations of his businesses to his family in the 1960s. He devoted more time to public activities.  He retired from business in January 1977. He died on 20 January 1980 in Ahmedabad.[19]
 He was a strict Jain. He became chairman of Anandji Kalyanji Trust in 1925 at the age of 30 years and served for 50 years.[20] It has many Jain temples under its management. Under him, the trust renovated many Jain temples including temples at Ranakpur, Dilwara (at Mount Abu), Girnar, Taranga and Shatrunjaya Hills.[21]
 He was awarded the Padma Bhushan, India's third highest civilian honour in 1969 by the Government of India.[22]
","
^ a b Piramal, Gita. Business Legends. p. 309.

^ a b Piramal, Gita. Business Legends. p. 310.

^ THE NAGARSHETH OF AHMEDABAD: THE HISTORY OF AN URBAN INSTITUTION IN A GUJARAT CITY, Dwijendra Tripathi and M. J. Mehta, Proceedings of the Indian History Congress, Vol. 39, Volume I (1978), pp. 481–496 (16 pages)

^ Mehta, Makrand (1991). Indian Merchants and Entrepreneurs in Historical Perspective: With Special Reference to Shroffs of Gujarat, 17th to 19th Centuries. Academic Foundation. ISBN 9788171880171.

^ ""The Lalbhais – A Historical Perspective"". Arvind Mills. Archived from the original on 1 December 2011. Retrieved 28 November 2011.

^ Piramal, Gita. Business Legends. pp. 312–314.

^ Piramal, Gita. Business Legends. p. 337.

^ Piramal, Gita. Business Legends. pp. 347–348.

^ Piramal, Gita. Business Legends. p. 349.

^ Piramal, Gita. Business Legends. pp. 403–405.

^ Piramal, Gita. Business Legends. p. 350.

^ Piramal, Gita. Business Legends. pp. 329–331.

^ Piramal, Gita. Business Legends. pp. 350–393.

^ Piramal, Gita. Business Legends. pp. 406–407.

^ ""Ahmedabad Education Society"". Archived from the original on 27 September 2008. Retrieved 22 September 2008.

^ a b c d ""Dynamic leadership & Contributions"". AES. Archived from the original on 11 July 2013. Retrieved 30 April 2013.

^ a b Piramal, Gita. Business Legends. p. 424.

^ Yagnik, Bharat (8 November 2011). ""India gets its first e-library of ancient manuscripts"". The Times of India. TNN. Archived from the original on 4 November 2013. Retrieved 30 April 2013.

^ Piramal, Gita. Business Legends. p. 421.

^ The dynamics of a tradition: Kasturbhai Lalbhai and his entrepreneurship, Dwijendra Tripathi, Manohar, 1981, p. 50

^ શેઠ આણંદજી કલ્યાણજી પેઢીનો ઇતિહાસ Sheth Anandji Kalyanji Pedhino Itihas 1, Ratilal Dipchand Desai, Shilchandrasuri, Anandji Kalyanji Pedhi Ahmedabad 1983

^ ""Padma Awards"" (PDF). Ministry of Home Affairs, Government of India. 2015. Archived from the original (PDF) on 15 October 2015. Retrieved 21 July 2015.

","
 kasturbhai lalbhai     december           january       was an indian industrialist and philanthropist  he co founded arvind mills along with his brothers and several other institutes  he was a co founder of the ahmadabad education society which later founded ahmedabad university and the indian institute of management ahmedabad  kasturbhai served as the chairman of the historic and influential anandji kalyanji jain trust  that manages shatrunjaya and several other jain pilgrimage centers  for    years 
 kasturbhai lalbhai was born in      in zaveriwad  ahmedabad  gujarat  to mohini and lalbhai dalpatbhai  a member of a preeminent jain family  
 he studied at municipal school number eight near teen darwaja  ahmedabad up to fifth grade  he later joined ranchhodlal chhotalal government high school  he matriculated in      with second class  in       when he was a    year old studying in gujarati college  his father died and being the second son  he was asked to discontinue his studies so as to help in the family business   his father lalbhai had divided property among his brothers only in the recent past  as his and his sons  share  lalbhai had received raipur mills  a new establishment 
 he was married to sharda chimanlal jhaveri in may      and had two sons  shrenik and siddharth  
 kasturbhai belonged to the jain family of nagarsheths  city chief  of ahmedabad  recognized by the mughals  marathas and the english during different times  
 he was the descendant of shantidas jhaveri  a royal jeweler of akbar and an oswal jain from the marwar region   khushalchand              the grandson of shantidas paid ransom to the marathas to save ahmedabad from plunder in       khushalchand s son vakhatchand             was also a noted businessman   his grandson dalpatbhai bhagubhai was also in cotton trading business in the     s  his son lalbhai dalpatbhai              kasturbhai s father  established saraspur cotton mill in      addition to the traditional business of precious gems   it became a part of the swadeshi movement in india 
 he joined raipur mill as chairman in       the operations of the mill had not yet stabilized  hence  kasturbhai had to take care of operations closely  he started off as a timekeeper in the mill  but fed up with the repetitive nature of the job  he started working with suppliers of the mill and traveled far and wide to understand the supplier market  the boom in demand during and post world war i helped him in stabilizing the operations of the firm  he joined the board of directors of raipur mill in       later he established ashoka mills in the     s with the help of dahyabhai patel   kasturbhai expanded his business with help of his mentor and trusted general manager of all his textile mills  dahyabhai motilal patel  who had the vision and insight to advise kasturbhai to invest in or acquire five mills between      and       including four belonging to relatives  these include establishment of arvind mills and nutan mills in       aruna mills in       ahmedabad new cotton mills in        swadeshi movement by mahatma gandhi in the     s and starting of world war ii in      helped textile industry in india   he modernised all seven mills  they had     of india s total spinning capacity and     of ahmedabad s total weaving capacity resulting in they were seventh largest cotton consumer in      in india  
 in       his business group was named in the list of business houses indulging in black marketing  r  k  shanmukham chetty  the finance minister and a friend of kasturbhai had to resign for reportedly suggesting that its name be dropped from the list  the income tax department followed its allegations with a spate of inquiries and after almost ten years  absolved the group of any wrongdoing  
 in       his trusted advisor and general manager  dahyabhai motilal patel  helped strategise and found atul limited  literally   incomparable    india s first modern dyestuff manufacturer  in collaboration with american cyanamid company  it was inaugurated by the first prime minister  jawaharlal nehru  
 he was elected in central legislative assembly in december       during his three year term  he was involved in lobbying for indian industries including repeal of excise duty on textiles   during the     s  he became close to mahatma gandhi and helped him in the swadeshi movement  which boycotted foreign goods and promoted local industries  he was also indulged in negotiation of taxes with british for indian textiles during economic depression of the     s  
 he held several important positions after independence of india  including advisory committee on fundamental rights  minorities and the administration of tribal and excluded areas in       chairmanship of the economic committee of the ministry of finance in       chairmanship of central public works department industry committee in       chairmanship of national research development corporation  member of council of scientific and industrial research  trustee of gandhi smarak nidhi  member of indian investment centre  he also became the trustee and chairman of mahatma gandhi memorial fund  he also served as a member of minorities sub committee as a representative of jainism  
 kasturbhai was elected as the president of federation of indian chamber of commerce and industries in      and the president of ahmedabad textile mill owners association in       from      to       he served as the director of reserve bank of india 
 he along with amritlal hargovinddas  ganesh mavlankar started the ahmadabad education society   aes  in       which later evolved into ahmedabad university in       later this society started several educational institutes including mg science college  l m college of pharmacy  aes assisted the other educational institutions by donating the land to the institutes like physical research laboratory  indian space research organisation  cept  castrol aes monitoring institute  blind men s association giving training to the blind persons  vikram sarabhai community science center  gujarat vishwa kosh  and others  hl college of commerce had the privilege to house gujarat university in its building in the initial years  aes had also donated rs     million for the establishment of gujarat university  aes also helped establish cultural center like amdavad ni gufa  
 he and vikram sarabhai established ahmedabad textile industries research association  atira  before independence under ahmedabad textile mill owners association for promoting research in field of textiles  
 aes also donated land for the establishment of the indian institute of management ahmedabad  iima   kasturbhai along with vikram sarabhai were instrumental in it  he was on the board of iima but declined to accept the position of its chairman    now iima has kasturbhai lalbhai management development centre and a kasturbhai lalbhai chair in entrepreneurship 
 to promote engineering and technology  he founded an engineering college in      and named it after his father  lalbhai dalpatbhai college of engineering   he also established the lalbhai dalpatbhai institute of indology in       
 in       he founded the gujarat chamber of commerce and industries  gcci   from      to       he was a chairman of indian institute of technology  iit   he founded the lalbhai dalpatbhai institute of indology in      which preserves many manuscripts  rare books  and microfilms  in       sankat nivaran society was founded by gujarat chamber of commerce and industries and ahmedabad textile mills owners  association 
 he commissioned world renowned architects such as louis kahn  le corbusier  b  v  doshi and charles correa to design some of these institutes and bring modern architecture in ahmedabad  
 with time  kasturbhai started handing over the operations of his businesses to his family in the     s  he devoted more time to public activities   he retired from business in january       he died on    january      in ahmedabad  
 he was a strict jain  he became chairman of anandji kalyanji trust in      at the age of    years and served for    years   it has many jain temples under its management  under him  the trust renovated many jain temples including temples at ranakpur  dilwara  at mount abu   girnar  taranga and shatrunjaya hills  
 he was awarded the padma bhushan  india s third highest civilian honour in      by the government of india  
","['kasturbhai', 'lalbhai', 'december', 'january', 'indian', 'industrialist', 'philanthropist', 'founded', 'arvind', 'mills', 'along', 'brothers', 'several', 'institutes', 'founder', 'ahmadabad', 'education', 'society', 'later', 'founded', 'ahmedabad', 'university', 'indian', 'institute', 'management', 'ahmedabad', 'kasturbhai', 'served', 'chairman', 'historic', 'influential', 'anandji', 'kalyanji', 'jain', 'trust', 'manages', 'shatrunjaya', 'several', 'jain', 'pilgrimage', 'centers', 'years', 'kasturbhai', 'lalbhai', 'born', 'zaveriwad', 'ahmedabad', 'gujarat', 'mohini', 'lalbhai', 'dalpatbhai', 'member', 'preeminent', 'jain', 'family', 'studied', 'municipal', 'school', 'number', 'eight', 'near', 'teen', 'darwaja', 'ahmedabad', 'fifth', 'grade', 'later', 'joined', 'ranchhodlal', 'chhotalal', 'government', 'high', 'school', 'matriculated', 'second', 'class', 'year', 'old', 'studying', 'gujarati', 'college', 'father', 'died', 'second', 'son', 'asked', 'discontinue', 'studies', 'help', 'family', 'business', 'father', 'lalbhai', 'divided', 'property', 'among', 'brothers', 'recent', 'past', 'sons', 'share', 'lalbhai', 'received', 'raipur', 'mills', 'new', 'establishment', 'married', 'sharda', 'chimanlal', 'jhaveri', 'may', 'two', 'sons', 'shrenik', 'siddharth', 'kasturbhai', 'belonged', 'jain', 'family', 'nagarsheths', 'city', 'chief', 'ahmedabad', 'recognized', 'mughals', 'marathas', 'english', 'different', 'times', 'descendant', 'shantidas', 'jhaveri', 'royal', 'jeweler', 'akbar', 'oswal', 'jain', 'marwar', 'region', 'khushalchand', 'grandson', 'shantidas', 'paid', 'ransom', 'marathas', 'save', 'ahmedabad', 'plunder', 'khushalchand', 'son', 'vakhatchand', 'also', 'noted', 'businessman', 'grandson', 'dalpatbhai', 'bhagubhai', 'also', 'cotton', 'trading', 'business', 'son', 'lalbhai', 'dalpatbhai', 'kasturbhai', 'father', 'established', 'saraspur', 'cotton', 'mill', 'addition', 'traditional', 'business', 'precious', 'gems', 'became', 'part', 'swadeshi', 'movement', 'india', 'joined', 'raipur', 'mill', 'chairman', 'operations', 'mill', 'yet', 'stabilized', 'hence', 'kasturbhai', 'take', 'care', 'operations', 'closely', 'started', 'timekeeper', 'mill', 'fed', 'repetitive', 'nature', 'job', 'started', 'working', 'suppliers', 'mill', 'traveled', 'far', 'wide', 'understand', 'supplier', 'market', 'boom', 'demand', 'post', 'world', 'war', 'helped', 'stabilizing', 'operations', 'firm', 'joined', 'board', 'directors', 'raipur', 'mill', 'later', 'established', 'ashoka', 'mills', 'help', 'dahyabhai', 'patel', 'kasturbhai', 'expanded', 'business', 'help', 'mentor', 'trusted', 'general', 'manager', 'textile', 'mills', 'dahyabhai', 'motilal', 'patel', 'vision', 'insight', 'advise', 'kasturbhai', 'invest', 'acquire', 'five', 'mills', 'including', 'four', 'belonging', 'relatives', 'include', 'establishment', 'arvind', 'mills', 'nutan', 'mills', 'aruna', 'mills', 'ahmedabad', 'new', 'cotton', 'mills', 'swadeshi', 'movement', 'mahatma', 'gandhi', 'starting', 'world', 'war', 'helped', 'textile', 'industry', 'india', 'modernised', 'seven', 'mills', 'india', 'total', 'spinning', 'capacity', 'ahmedabad', 'total', 'weaving', 'capacity', 'resulting', 'seventh', 'largest', 'cotton', 'consumer', 'india', 'business', 'group', 'named', 'list', 'business', 'houses', 'indulging', 'black', 'marketing', 'shanmukham', 'chetty', 'finance', 'minister', 'friend', 'kasturbhai', 'resign', 'reportedly', 'suggesting', 'name', 'dropped', 'list', 'income', 'tax', 'department', 'followed', 'allegations', 'spate', 'inquiries', 'almost', 'ten', 'years', 'absolved', 'group', 'wrongdoing', 'trusted', 'advisor', 'general', 'manager', 'dahyabhai', 'motilal', 'patel', 'helped', 'strategise', 'found', 'atul', 'limited', 'literally', 'incomparable', 'india', 'first', 'modern', 'dyestuff', 'manufacturer', 'collaboration', 'american', 'cyanamid', 'company', 'inaugurated', 'first', 'prime', 'minister', 'jawaharlal', 'nehru', 'elected', 'central', 'legislative', 'assembly', 'december', 'three', 'year', 'term', 'involved', 'lobbying', 'indian', 'industries', 'including', 'repeal', 'excise', 'duty', 'textiles', 'became', 'close', 'mahatma', 'gandhi', 'helped', 'swadeshi', 'movement', 'boycotted', 'foreign', 'goods', 'promoted', 'local', 'industries', 'also', 'indulged', 'negotiation', 'taxes', 'british', 'indian', 'textiles', 'economic', 'depression', 'held', 'several', 'important', 'positions', 'independence', 'india', 'including', 'advisory', 'committee', 'fundamental', 'rights', 'minorities', 'administration', 'tribal', 'excluded', 'areas', 'chairmanship', 'economic', 'committee', 'ministry', 'finance', 'chairmanship', 'central', 'public', 'works', 'department', 'industry', 'committee', 'chairmanship', 'national', 'research', 'development', 'corporation', 'member', 'council', 'scientific', 'industrial', 'research', 'trustee', 'gandhi', 'smarak', 'nidhi', 'member', 'indian', 'investment', 'centre', 'also', 'became', 'trustee', 'chairman', 'mahatma', 'gandhi', 'memorial', 'fund', 'also', 'served', 'member', 'minorities', 'sub', 'committee', 'representative', 'jainism', 'kasturbhai', 'elected', 'president', 'federation', 'indian', 'chamber', 'commerce', 'industries', 'president', 'ahmedabad', 'textile', 'mill', 'owners', 'association', 'served', 'director', 'reserve', 'bank', 'india', 'along', 'amritlal', 'hargovinddas', 'ganesh', 'mavlankar', 'started', 'ahmadabad', 'education', 'society', 'aes', 'later', 'evolved', 'ahmedabad', 'university', 'later', 'society', 'started', 'several', 'educational', 'institutes', 'including', 'science', 'college', 'college', 'pharmacy', 'aes', 'assisted', 'educational', 'institutions', 'donating', 'land', 'institutes', 'like', 'physical', 'research', 'laboratory', 'indian', 'space', 'research', 'organisation', 'cept', 'castrol', 'aes', 'monitoring', 'institute', 'blind', 'men', 'association', 'giving', 'training', 'blind', 'persons', 'vikram', 'sarabhai', 'community', 'science', 'center', 'gujarat', 'vishwa', 'kosh', 'others', 'college', 'commerce', 'privilege', 'house', 'gujarat', 'university', 'building', 'initial', 'years', 'aes', 'also', 'donated', 'million', 'establishment', 'gujarat', 'university', 'aes', 'also', 'helped', 'establish', 'cultural', 'center', 'like', 'amdavad', 'gufa', 'vikram', 'sarabhai', 'established', 'ahmedabad', 'textile', 'industries', 'research', 'association', 'atira', 'independence', 'ahmedabad', 'textile', 'mill', 'owners', 'association', 'promoting', 'research', 'field', 'textiles', 'aes', 'also', 'donated', 'land', 'establishment', 'indian', 'institute', 'management', 'ahmedabad', 'iima', 'kasturbhai', 'along', 'vikram', 'sarabhai', 'instrumental', 'board', 'iima', 'declined', 'accept', 'position', 'chairman', 'iima', 'kasturbhai', 'lalbhai', 'management', 'development', 'centre', 'kasturbhai', 'lalbhai', 'chair', 'entrepreneurship', 'promote', 'engineering', 'technology', 'founded', 'engineering', 'college', 'named', 'father', 'lalbhai', 'dalpatbhai', 'college', 'engineering', 'also', 'established', 'lalbhai', 'dalpatbhai', 'institute', 'indology', 'founded', 'gujarat', 'chamber', 'commerce', 'industries', 'gcci', 'chairman', 'indian', 'institute', 'technology', 'iit', 'founded', 'lalbhai', 'dalpatbhai', 'institute', 'indology', 'preserves', 'many', 'manuscripts', 'rare', 'books', 'microfilms', 'sankat', 'nivaran', 'society', 'founded', 'gujarat', 'chamber', 'commerce', 'industries', 'ahmedabad', 'textile', 'mills', 'owners', 'association', 'commissioned', 'world', 'renowned', 'architects', 'louis', 'kahn', 'corbusier', 'doshi', 'charles', 'correa', 'design', 'institutes', 'bring', 'modern', 'architecture', 'ahmedabad', 'time', 'kasturbhai', 'started', 'handing', 'operations', 'businesses', 'family', 'devoted', 'time', 'public', 'activities', 'retired', 'business', 'january', 'died', 'january', 'ahmedabad', 'strict', 'jain', 'became', 'chairman', 'anandji', 'kalyanji', 'trust', 'age', 'years', 'served', 'years', 'many', 'jain', 'temples', 'management', 'trust', 'renovated', 'many', 'jain', 'temples', 'including', 'temples', 'ranakpur', 'dilwara', 'mount', 'abu', 'girnar', 'taranga', 'shatrunjaya', 'hills', 'awarded', 'padma', 'bhushan', 'india', 'third', 'highest', 'civilian', 'honour', 'government', 'india']"
"Tiyek, Hassa","Tiyek is a neighbourhood in the municipality and district of Hassa, Hatay Province, Turkey.[1] The village had a population of 357 in 2022.[2]
 
 
 This geographical article about a location in Hatay Province, Turkey is a stub. You can help Wikipedia by adding missing information.","
^ ""Türkiye Mülki İdare Bölümleri Envanteri"". T.C. İçişleri Bakanlığı (in Turkish). Retrieved 19 December 2022.

^ ""Address Based Population Registration System (ABPRS) - Results of 31 December 2022"" (XLS). TÜİK. Retrieved 12 March 2023.

","tiyek is a neighbourhood in the municipality and district of hassa  hatay province  turkey   the village had a population of     in       
 
 
 this geographical article about a location in hatay province  turkey is a stub  you can help wikipedia by adding missing information ","['tiyek', 'neighbourhood', 'municipality', 'district', 'hassa', 'hatay', 'province', 'turkey', 'village', 'population', 'geographical', 'article', 'location', 'hatay', 'province', 'turkey', 'stub', 'help', 'wikipedia', 'adding', 'missing', 'information']"
MALAT1-associated small cytoplasmic RNA,"MALAT1-associated small cytoplasmic RNA, also known as mascRNA, is a non-coding RNA found in the cytosol. This is a small RNA, roughly 53–61 nucleotides in length, that is processed from a much longer ncRNA called MALAT1 by an enzyme called RNase P.[1] This RNA is expressed in many different human tissues, is highly conserved by evolution and shares a remarkable similarity to tRNA which is also produced by RNase P, yet this RNA is not aminoacylated in HeLa cells. The primary transcript, MALAT1 (metastasis associated lung adenocarcinoma transcript 1), appears to be upregulated in several malignant cancers.[2]
Another small RNA that is homologous to mascRNA, called menRNA, is processed from another long ncRNA called MEN beta.[3]
 MALAT1 appears to be involved in the regulation of alternative splicing. MALAT1 interacts with SR proteins, influencing the distribution of these in nuclear speckle domains.[4]
 This molecular or cell biology article is a stub. You can help Wikipedia by adding missing information.","
^ Wilusz JE, Freier SM, Spector DL (2008). ""3′ end processing of a long nuclear-retained noncoding RNA yields a tRNA-like cytoplasmic RNA"". Cell. 135 (5): 919–932. doi:10.1016/j.cell.2008.10.012. PMC 2722846. PMID 19041754.

^ Ji P, Diederichs S, Wang W, Böing S, Metzger R, Schneider PM, Tidow N, Brandt B, Buerger H, Bulk E, Thomas M, Berdel WE, Serve H, Müller-Tidow C (2003). ""MALAT-1, a novel noncoding RNA, and thymosin beta4 predict metastasis and survival in early-stage non-small cell lung cancer"". Oncogene. 22 (39): 8031–8041. doi:10.1038/sj.onc.1206928. PMID 12970751.

^ Sunwoo H, Dinger ME, Wilusz JE, Amaral PP, Mattick JS, Spector DL (2009). ""MEN epsilon/beta nuclear-retained non-coding RNAs are up-regulated upon muscle differentiation and are essential components of paraspeckles"". Genome Res. 19 (3): 347–359. doi:10.1101/gr.087775.108. PMC 2661813. PMID 19106332.

^ Tripathi V, Ellis JD, Shen Z, Song DY, Pan Q, Watt AT, Freier SM, Bennett CF, Sharma A, Bubulya PA, Blencowe BJ, Prasanth SG, Prasanth KV (2010). ""The Nuclear-Retained Noncoding RNA MALAT1 Regulates Alternative Splicing by Modulating SR Splicing Factor Phosphorylation"". Mol Cell. 39 (6): 925–938. doi:10.1016/j.molcel.2010.08.011. PMC 4158944. PMID 20797886.

","malat  associated small cytoplasmic rna  also known as mascrna  is a non coding rna found in the cytosol  this is a small rna  roughly       nucleotides in length  that is processed from a much longer ncrna called malat  by an enzyme called rnase p   this rna is expressed in many different human tissues  is highly conserved by evolution and shares a remarkable similarity to trna which is also produced by rnase p  yet this rna is not aminoacylated in hela cells  the primary transcript  malat   metastasis associated lung adenocarcinoma transcript     appears to be upregulated in several malignant cancers  
another small rna that is homologous to mascrna  called menrna  is processed from another long ncrna called men beta  
 malat  appears to be involved in the regulation of alternative splicing  malat  interacts with sr proteins  influencing the distribution of these in nuclear speckle domains  
 this molecular or cell biology article is a stub  you can help wikipedia by adding missing information ","['malat', 'associated', 'small', 'cytoplasmic', 'rna', 'also', 'known', 'mascrna', 'non', 'coding', 'rna', 'found', 'cytosol', 'small', 'rna', 'roughly', 'nucleotides', 'length', 'processed', 'much', 'longer', 'ncrna', 'called', 'malat', 'enzyme', 'called', 'rnase', 'rna', 'expressed', 'many', 'different', 'human', 'tissues', 'highly', 'conserved', 'evolution', 'shares', 'remarkable', 'similarity', 'trna', 'also', 'produced', 'rnase', 'yet', 'rna', 'aminoacylated', 'hela', 'cells', 'primary', 'transcript', 'malat', 'metastasis', 'associated', 'lung', 'adenocarcinoma', 'transcript', 'appears', 'upregulated', 'several', 'malignant', 'cancers', 'another', 'small', 'rna', 'homologous', 'mascrna', 'called', 'menrna', 'processed', 'another', 'long', 'ncrna', 'called', 'men', 'beta', 'malat', 'appears', 'involved', 'regulation', 'alternative', 'splicing', 'malat', 'interacts', 'proteins', 'influencing', 'distribution', 'nuclear', 'speckle', 'domains', 'molecular', 'cell', 'biology', 'article', 'stub', 'help', 'wikipedia', 'adding', 'missing', 'information']"
Appias aegis,"
 Appias aegis, the forest white, is a butterfly in the family Pieridae. It is found in south-east Asia.
 The following subspecies are recognised:[1]
 This Pierini-related article is a stub. You can help Wikipedia by adding missing information.","
^ a b Appias aegis, Site of Markku Savela

","
 appias aegis  the forest white  is a butterfly in the family pieridae  it is found in south east asia 
 the following subspecies are recognised  
 this pierini related article is a stub  you can help wikipedia by adding missing information ","['appias', 'aegis', 'forest', 'white', 'butterfly', 'family', 'pieridae', 'found', 'south', 'east', 'asia', 'following', 'subspecies', 'recognised', 'pierini', 'related', 'article', 'stub', 'help', 'wikipedia', 'adding', 'missing', 'information']"
Guerillas in tha Mist,"
 Guerillas in tha Mist is the debut studio album by American hip-hop group Da Lench Mob, who originally appeared on Ice Cube's debut solo album, AmeriKKKa's Most Wanted. The titular ""Guerillas in tha Mist"" was a hit at the release of the album. The album was produced by Ice Cube, who is also featured throughout the album though uncredited. The album peaked at number 24 on the Billboard 200,[3] number 4 on the Top R&B/Hip-Hop Albums,[4] and was certified Gold by the Recording Industry Association of America on December 18, 1992, indicating US sales of over 500,000 units.[5] The single ""Freedom Got an A.K."" peaked at number 7 on the Hot Rap Songs.[6]
 The album title is a pun on the popular movie title Gorillas in the Mist and guerrilla warfare. In the post-Los Angeles riot atmosphere of the album's release, the title was also perceived as a clever reference to a comment made by one of the police officers who had arrested Rodney King. Laurence Michael Powell, one of King's arresting officers, had described through radio message a domestic disturbance involving two blacks as something straight from Gorillas in the Mist. Powell's comment was considered highly racist, comparing black people to gorillas, and was used against the officer during the Rodney King trial.[7]
 The album was certified gold on December 18, 1992, selling over 500,000 copies.[8]
 The Los Angeles Times praised the ""snarling raps, sharp humor, canny observations and fast, funky beats.""[1]
 Notes
 ^ Shipments figures based on certification alone.
","
^ a b c Hunt, Dennis (October 11, 1992). ""In Brief"". Calendar. Los Angeles Times. p. 64.

^ ""Da Lench Mob ""Guerillas In The Mist"" [HD]"". YouTube. Archived from the original on December 19, 2021. Retrieved October 24, 2019.

^ ""Da Lench Mob Guerillas In Tha Mist Chart History"". Billboard 200. Archived from the original on November 11, 2018. Retrieved December 1, 2017.

^ ""Da Lench Mob Guerillas In Tha Mist Chart History"". Top R&B/Hip-Hop Albums. Archived from the original on November 11, 2018. Retrieved December 1, 2017.

^ ""Gold & Platinum - RIAA"". RIAA. Retrieved December 1, 2017.

^ ""Da Lench Mob Freedom Got An A.K. Chart History"". Hot Rap Songs. Archived from the original on November 11, 2018. Retrieved December 1, 2017.

^ Doug Linder (March 3, 1991). ""Kingkeyfigures"". Law.umkc.edu. Archived from the original on December 28, 2010. Retrieved February 20, 2012.

^ a b ""American  album  certifications – Da Lench Mob – Guerillas In Tha Mist"". Recording Industry Association of America.

^ Swihart, Stanton. ""Guerillas in tha Mist Da Lench Mob"". AllMusic. Retrieved December 1, 2017.

^ Juon, Steve 'Flash' (June 9, 2009). ""Da Lench Mob Guerillas in tha Mist"". RapReviews. Retrieved December 1, 2017.

^ B., Jimmy (November 1992). ""Record Report: Da Lench Mob – Guerillas in the Mist"". The Source. No. 38. New York. pp. 63–64.

^ ""Music"". Billboard. Retrieved October 28, 2019.

^ ""Da Lench Mob Chart History | Billboard"". Billboard. Archived from the original on October 28, 2019. Retrieved October 7, 2019.

","
 guerillas in tha mist is the debut studio album by american hip hop group da lench mob  who originally appeared on ice cube s debut solo album  amerikkka s most wanted  the titular  guerillas in tha mist  was a hit at the release of the album  the album was produced by ice cube  who is also featured throughout the album though uncredited  the album peaked at number    on the billboard       number   on the top r b hip hop albums   and was certified gold by the recording industry association of america on december           indicating us sales of over         units   the single  freedom got an a k   peaked at number   on the hot rap songs  
 the album title is a pun on the popular movie title gorillas in the mist and guerrilla warfare  in the post los angeles riot atmosphere of the album s release  the title was also perceived as a clever reference to a comment made by one of the police officers who had arrested rodney king  laurence michael powell  one of king s arresting officers  had described through radio message a domestic disturbance involving two blacks as something straight from gorillas in the mist  powell s comment was considered highly racist  comparing black people to gorillas  and was used against the officer during the rodney king trial  
 the album was certified gold on december           selling over         copies  
 the los angeles times praised the  snarling raps  sharp humor  canny observations and fast  funky beats   
 notes
   shipments figures based on certification alone 
","['guerillas', 'tha', 'mist', 'debut', 'studio', 'album', 'american', 'hip', 'hop', 'group', 'lench', 'mob', 'originally', 'appeared', 'ice', 'cube', 'debut', 'solo', 'album', 'amerikkka', 'wanted', 'titular', 'guerillas', 'tha', 'mist', 'hit', 'release', 'album', 'album', 'produced', 'ice', 'cube', 'also', 'featured', 'throughout', 'album', 'though', 'uncredited', 'album', 'peaked', 'number', 'billboard', 'number', 'top', 'hip', 'hop', 'albums', 'certified', 'gold', 'recording', 'industry', 'association', 'america', 'december', 'indicating', 'sales', 'units', 'single', 'freedom', 'got', 'peaked', 'number', 'hot', 'rap', 'songs', 'album', 'title', 'pun', 'popular', 'movie', 'title', 'gorillas', 'mist', 'guerrilla', 'warfare', 'post', 'los', 'angeles', 'riot', 'atmosphere', 'album', 'release', 'title', 'also', 'perceived', 'clever', 'reference', 'comment', 'made', 'one', 'police', 'officers', 'arrested', 'rodney', 'king', 'laurence', 'michael', 'powell', 'one', 'king', 'arresting', 'officers', 'described', 'radio', 'message', 'domestic', 'disturbance', 'involving', 'two', 'blacks', 'something', 'straight', 'gorillas', 'mist', 'powell', 'comment', 'considered', 'highly', 'racist', 'comparing', 'black', 'people', 'gorillas', 'used', 'officer', 'rodney', 'king', 'trial', 'album', 'certified', 'gold', 'december', 'selling', 'copies', 'los', 'angeles', 'times', 'praised', 'snarling', 'raps', 'sharp', 'humor', 'canny', 'observations', 'fast', 'funky', 'beats', 'notes', 'shipments', 'figures', 'based', 'certification', 'alone']"
List of Boeing 777 operators,"
 The following is a list of airlines that operate the Boeing 777.
 The Boeing 777 is a long-range wide-body twin-engine jet airliner designed and manufactured by Boeing Commercial Airplanes, the commercial business unit of Boeing. Commonly referred to as the ""Triple Seven"",[2] it is the largest twinjet.[3] The 777 can accommodate between 301 and 450 (Air Canada High Density) passengers in a three-class layout,[4] and has a range of 5,235 to 9,380 nautical miles (9,695 to 17,372 km), depending on the model. Developed in consultation with eight major airlines,[5] the 777 was designed to replace older wide-body airliners and bridge the capacity difference between the 767 and 747.
 The 777 is produced in two fuselage lengths. The original 777-200 model first entered service in 1995, followed by the extended-range 777-200ER in 1997. [6] The stretched 777-300, which is 33.3 ft (10.1 m) longer, began service in 1998. The longer-range 777-300ER and 777-200LR variants entered service in 2004 and 2006, respectively, while a freighter version, the 777F, debuted in 2009.[6]
 United Airlines first placed the 777 into commercial airline service in 1995. The most successful variant is the 777-300ER with 799 aircraft delivered and over 844 orders to date.[7] Emirates operates the largest 777 fleet with 148 aircraft.[7] FedEx Express operates the largest fleet of the 777F cargo aircraft. As of April 2024, 2,268 Boeing 777s, of all variants, have been ordered and 1,729 have been delivered.[8]
 United Airlines placed the launch order for the 777 program on October 14, 1990 when it purchased 34 Pratt & Whitney PW4084-powered 777-200s valued at US$11 billion with options on an additional 34.[9][10] The 777-200 entered into service with United Airlines on June 7, 1995 with its first flight from London Heathrow Airport to Dulles International Airport.[11] From day one, the 777 was awarded 180-minute ETOPS clearance by the Federal Aviation Administration, making it the first airliner to carry an ETOPS-180 clearance into service.[12] This would later be increased to 207 minutes by October 1996.note 1 British Airways placed the first model with General Electric GE90-77B engines into service on November 17, 1995.[13] The first Rolls-Royce Trent 877-powered aircraft was delivered to Thai Airways International on March 31, 1996, completing the introduction of the three power-plants initially developed for the airliner.[14]
 Subsequent versions of the 777, including the 777-200ER, 777-200LR, 777-300, 777-300ER, 777F and the upcoming 777-8X and -9X, have been launched by Air France, British Airways, Cathay Pacific, and Pakistan International Airlines (PIA). The following table lists milestone dates for each model of the aircraft.[15]
 In July 2009, Emirates surpassed Singapore Airlines as the biggest 777 operator, when the 78th aircraft was delivered.[16] Since 2010, Emirates is the largest Boeing 777 operator, with 152 aircraft;[17] the carrier began phasing out older −200s, −200ERs and −300s in February 2011.[18] Other primary operators are United Airlines (96), Qatar Airways (81), Air France (70), American Airlines (67), and Cathay Pacific (52). As of November 2011, 62 airline customers operated variants of the Boeing 777.
 The following table lists of active operators of the aircraft as of November 2023.[citation needed]
 hiddentext>generated with de:Wikipedia:Helferlein/VBA-Macro for EXCEL tableconversion V1.7
","
^  ""Media Fast Facts - November 2023"". Emirates. 16 November 2023.

^ Robertson, David (March 13, 2009). ""Workhorse jet has been huge success with airlines that want to cut costs"". The Times. UK. Archived from the original on June 12, 2011. Retrieved March 20, 2009.

^ Grantham, Russell (February 29, 2008). ""Delta's new Boeing 777 can fly farther, carry more"". The Atlanta Journal-Constitution. Retrieved June 30, 2009.{{cite web}}:  CS1 maint: deprecated archival service (link)

^ ""777 Interior Arrangements"". Boeing. Retrieved January 12, 2011.

^ Birtles 1998, pp. 13–16

^ a b ""The Boeing 777 Program Background"". Boeing. Archived from the original on June 8, 2009. Retrieved January 12, 2011.

^ a b c ""777 Model Summary"". Boeing. January 2019. Archived from the original on June 6, 2017. Retrieved February 23, 2019.

^ ""Boeing:Orders and Deliveries (updated monthly)"". Retrieved 25 May 2024.

^ Norris & Wagner 1999, p. 132

^ ""Business Notes: Aircraft"". Time. October 29, 1990. Archived from the original on November 18, 2007. Retrieved July 19, 2008.

^ Birtles 1998, p. 80

^ Norris & Wagner 1999, p. 139

^ Norris & Wagner 1999, p. 143

^ Eden 2008, p. 115

^ ""Boeing 777 Program Background"". Boeing. Archived from the original on June 8, 2009. Retrieved September 23, 2011.

^ ""Emirates becomes largest Boeing 777 operator"". Business Standard. July 31, 2009. Retrieved January 13, 2011.

^ ""World Airliner Census"". Flight International, August 24–30, 2010.

^ Kingsley-Jones, Max (June 22, 2010). ""Emirates talks to Boeing about 777 successor and hints at more big orders"". Flight International. Retrieved January 7, 2011.

^ Kulisch, Eric (4 August 2023). ""Ocean carrier MSC strikes deal for Italian cargo airline"". FreightWaves.com. Retrieved 10 November 2023.

^ aerotelegraph.com - ""Austrian Airlines to receive 10 Boeing 787-9"" (German) 19 April 2023

^ ""Media releases"". Cargolux. Retrieved 2022-10-12.

^ Jin Air to fly long haul

^ ""Iran's Mahan Air Defies Sanctions, Acquires U.S.-Built Boeing 777s"". Middle East Forum. 2025-07-25. Archived from the original on 2025-08-10. Retrieved 2025-09-11.

^ ""Iran Again Circumvents Sanctions to Illegally Receive Five Boeing 777-200s - Air Data News"". www.airdatanews.com. 2025-07-22. Retrieved 2025-09-11.

^ Hughes, David (2025-07-24). ""Iran's Mahan Air Smuggle Former Singapore Airlines Boeing 777s"". Aviation A2Z. Archived from the original on 2025-07-25. Retrieved 2025-09-11.

^ Kulisch, Eric (20 July 2023). ""Ocean carrier MSC adds 2nd cargo jet"". FreightWaves.com. Retrieved 9 November 2023.

^ Sourabh, Parajit (13 May 2024). ""MSC Air Cargo receives its fifth B777F"". stattimes.com. The STATE Trade Times. Retrieved 21 May 2024.

^ ""B777-200ER"". osci.thaiairways.com. Retrieved 2025-05-08.

^ Equatorial Guinea govt 777LR BBJ

","
 the following is a list of airlines that operate the boeing     
 the boeing     is a long range wide body twin engine jet airliner designed and manufactured by boeing commercial airplanes  the commercial business unit of boeing  commonly referred to as the  triple seven    it is the largest twinjet   the     can accommodate between     and      air canada high density  passengers in a three class layout   and has a range of       to       nautical miles        to        km   depending on the model  developed in consultation with eight major airlines   the     was designed to replace older wide body airliners and bridge the capacity difference between the     and     
 the     is produced in two fuselage lengths  the original         model first entered service in       followed by the extended range        er in         the stretched          which is      ft       m  longer  began service in       the longer range        er and        lr variants entered service in      and       respectively  while a freighter version  the    f  debuted in       
 united airlines first placed the     into commercial airline service in       the most successful variant is the        er with     aircraft delivered and over     orders to date   emirates operates the largest     fleet with     aircraft   fedex express operates the largest fleet of the    f cargo aircraft  as of april             boeing    s  of all variants  have been ordered and       have been delivered  
 united airlines placed the launch order for the     program on october          when it purchased    pratt   whitney pw     powered        s valued at us    billion with options on an additional       the         entered into service with united airlines on june         with its first flight from london heathrow airport to dulles international airport   from day one  the     was awarded     minute etops clearance by the federal aviation administration  making it the first airliner to carry an etops     clearance into service   this would later be increased to     minutes by october      note   british airways placed the first model with general electric ge     b engines into service on november            the first rolls royce trent     powered aircraft was delivered to thai airways international on march           completing the introduction of the three power plants initially developed for the airliner  
 subsequent versions of the      including the        er         lr                  er     f and the upcoming      x and   x  have been launched by air france  british airways  cathay pacific  and pakistan international airlines  pia   the following table lists milestone dates for each model of the aircraft  
 in july       emirates surpassed singapore airlines as the biggest     operator  when the   th aircraft was delivered   since       emirates is the largest boeing     operator  with     aircraft   the carrier began phasing out older     s      ers and     s in february        other primary operators are united airlines       qatar airways       air france       american airlines       and cathay pacific       as of november          airline customers operated variants of the boeing     
 the following table lists of active operators of the aircraft as of november       citation needed 
 hiddentext generated with de wikipedia helferlein vba macro for excel tableconversion v   
","['following', 'list', 'airlines', 'operate', 'boeing', 'boeing', 'long', 'range', 'wide', 'body', 'twin', 'engine', 'jet', 'airliner', 'designed', 'manufactured', 'boeing', 'commercial', 'airplanes', 'commercial', 'business', 'unit', 'boeing', 'commonly', 'referred', 'triple', 'seven', 'largest', 'twinjet', 'accommodate', 'air', 'canada', 'high', 'density', 'passengers', 'three', 'class', 'layout', 'range', 'nautical', 'miles', 'depending', 'model', 'developed', 'consultation', 'eight', 'major', 'airlines', 'designed', 'replace', 'older', 'wide', 'body', 'airliners', 'bridge', 'capacity', 'difference', 'produced', 'two', 'fuselage', 'lengths', 'original', 'model', 'first', 'entered', 'service', 'followed', 'extended', 'range', 'stretched', 'longer', 'began', 'service', 'longer', 'range', 'variants', 'entered', 'service', 'respectively', 'freighter', 'version', 'debuted', 'united', 'airlines', 'first', 'placed', 'commercial', 'airline', 'service', 'successful', 'variant', 'aircraft', 'delivered', 'orders', 'date', 'emirates', 'operates', 'largest', 'fleet', 'aircraft', 'fedex', 'express', 'operates', 'largest', 'fleet', 'cargo', 'aircraft', 'april', 'boeing', 'variants', 'ordered', 'delivered', 'united', 'airlines', 'placed', 'launch', 'order', 'program', 'october', 'purchased', 'pratt', 'whitney', 'powered', 'valued', 'billion', 'options', 'additional', 'entered', 'service', 'united', 'airlines', 'june', 'first', 'flight', 'london', 'heathrow', 'airport', 'dulles', 'international', 'airport', 'day', 'one', 'awarded', 'minute', 'etops', 'clearance', 'federal', 'aviation', 'administration', 'making', 'first', 'airliner', 'carry', 'etops', 'clearance', 'service', 'would', 'later', 'increased', 'minutes', 'october', 'note', 'british', 'airways', 'placed', 'first', 'model', 'general', 'electric', 'engines', 'service', 'november', 'first', 'rolls', 'royce', 'trent', 'powered', 'aircraft', 'delivered', 'thai', 'airways', 'international', 'march', 'completing', 'introduction', 'three', 'power', 'plants', 'initially', 'developed', 'airliner', 'subsequent', 'versions', 'including', 'upcoming', 'launched', 'air', 'france', 'british', 'airways', 'cathay', 'pacific', 'pakistan', 'international', 'airlines', 'pia', 'following', 'table', 'lists', 'milestone', 'dates', 'model', 'aircraft', 'july', 'emirates', 'surpassed', 'singapore', 'airlines', 'biggest', 'operator', 'aircraft', 'delivered', 'since', 'emirates', 'largest', 'boeing', 'operator', 'aircraft', 'carrier', 'began', 'phasing', 'older', 'ers', 'february', 'primary', 'operators', 'united', 'airlines', 'qatar', 'airways', 'air', 'france', 'american', 'airlines', 'cathay', 'pacific', 'november', 'airline', 'customers', 'operated', 'variants', 'boeing', 'following', 'table', 'lists', 'active', 'operators', 'aircraft', 'november', 'citation', 'needed', 'hiddentext', 'generated', 'wikipedia', 'helferlein', 'vba', 'macro', 'excel', 'tableconversion']"
Zuzana Marková (swimmer),"
 Zuzana Marková (born 8 October 1952) is a Czech former swimmer. She competed in two events at the 1972 Summer Olympics.[1]
 
 This biographical article related to a Czech swimmer is a stub. You can help Wikipedia by adding missing information.","
^ Evans, Hilary; Gjerde, Arild; Heijmans, Jeroen; Mallon, Bill; et al. ""Zuzana Marková Olympic Results"". Olympics at Sports-Reference.com. Sports Reference LLC. Archived from the original on 18 April 2020. Retrieved 28 November 2016.

","
 zuzana markov   born   october       is a czech former swimmer  she competed in two events at the      summer olympics  
 
 this biographical article related to a czech swimmer is a stub  you can help wikipedia by adding missing information ","['zuzana', 'markov', 'born', 'october', 'czech', 'former', 'swimmer', 'competed', 'two', 'events', 'summer', 'olympics', 'biographical', 'article', 'related', 'czech', 'swimmer', 'stub', 'help', 'wikipedia', 'adding', 'missing', 'information']"
Clearing the Trail,"
 Clearing the Trail is a 1928 American silent Western film directed by B. Reeves Eason and starring Hoot Gibson. It was produced and released through Universal Pictures.[1][2]
 Clearing the Trail was shot largely on location at Lone Pine, California.[3]
 With no prints of Clearing the Trail located in any film archives,[4] it is a lost film.[5]
 
 This 1920s lost Western film–related article is a stub. You can help Wikipedia by adding missing information. This article related to a lost American silent Western film is a stub. You can help Wikipedia by adding missing information.","
^ Progressive Silent Film List: Clearing the Trail at silentera.com

^ The AFI Catalog of Feature Films 1893-1993: Clearing the Trail]

^ Exhibitors Herald World. Chicago: Quigley Publishing Company. April 28, 1928. p. 76.

^ ""The Library of Congress / FIAF American Silent Feature Film Survival Catalog: Clearing the Trail"". March 21, 2023. Archived from the original on March 21, 2023. Retrieved February 26, 2025.

^ Clearing the Trail at Lost Film Files: lost Universal films- 1928

","
 clearing the trail is a      american silent western film directed by b  reeves eason and starring hoot gibson  it was produced and released through universal pictures   
 clearing the trail was shot largely on location at lone pine  california  
 with no prints of clearing the trail located in any film archives   it is a lost film  
 
 this     s lost western film related article is a stub  you can help wikipedia by adding missing information  this article related to a lost american silent western film is a stub  you can help wikipedia by adding missing information ","['clearing', 'trail', 'american', 'silent', 'western', 'film', 'directed', 'reeves', 'eason', 'starring', 'hoot', 'gibson', 'produced', 'released', 'universal', 'pictures', 'clearing', 'trail', 'shot', 'largely', 'location', 'lone', 'pine', 'california', 'prints', 'clearing', 'trail', 'located', 'film', 'archives', 'lost', 'film', 'lost', 'western', 'film', 'related', 'article', 'stub', 'help', 'wikipedia', 'adding', 'missing', 'information', 'article', 'related', 'lost', 'american', 'silent', 'western', 'film', 'stub', 'help', 'wikipedia', 'adding', 'missing', 'information']"
Tom and Jerry: The Gene Deitch Collection,"
 Tom and Jerry: The Gene Deitch Collection is a one-disc DVD collection of animated short cartoons starring Tom and Jerry, all directed by Gene Deitch and released in 1961–62. It was released on June 2, 2015, in Region 1.[1]
 This collection brought all 13 of the Gene Deitch Tom and Jerry cartoons[2] together for the first time on DVD (on Region 1), along with two documentaries.
 These are the same 13 cartoons that appear on European DVD collection in PAL format, Tom and Jerry: The Classic Collection, Vol. 5., released in August 2004, albeit presented restored and remastered in the set, as opposed to the Turner TV broadcast prints used in the 2004 UK DVD.
 
 This article related to a Tom and Jerry animated film is a stub. You can help Wikipedia by adding missing information.","
^ ""Tom & Jerry – The Gene Deitch Collection |"". cartoonresearch.com. Retrieved July 8, 2021.

^ Tom and Jerry Gene Deitch Collection, retrieved July 8, 2021

","
 tom and jerry  the gene deitch collection is a one disc dvd collection of animated short cartoons starring tom and jerry  all directed by gene deitch and released in          it was released on june          in region    
 this collection brought all    of the gene deitch tom and jerry cartoons  together for the first time on dvd  on region     along with two documentaries 
 these are the same    cartoons that appear on european dvd collection in pal format  tom and jerry  the classic collection  vol      released in august       albeit presented restored and remastered in the set  as opposed to the turner tv broadcast prints used in the      uk dvd 
 
 this article related to a tom and jerry animated film is a stub  you can help wikipedia by adding missing information ","['tom', 'jerry', 'gene', 'deitch', 'collection', 'one', 'disc', 'dvd', 'collection', 'animated', 'short', 'cartoons', 'starring', 'tom', 'jerry', 'directed', 'gene', 'deitch', 'released', 'released', 'june', 'region', 'collection', 'brought', 'gene', 'deitch', 'tom', 'jerry', 'cartoons', 'together', 'first', 'time', 'dvd', 'region', 'along', 'two', 'documentaries', 'cartoons', 'appear', 'european', 'dvd', 'collection', 'pal', 'format', 'tom', 'jerry', 'classic', 'collection', 'vol', 'released', 'august', 'albeit', 'presented', 'restored', 'remastered', 'set', 'opposed', 'turner', 'broadcast', 'prints', 'used', 'dvd', 'article', 'related', 'tom', 'jerry', 'animated', 'film', 'stub', 'help', 'wikipedia', 'adding', 'missing', 'information']"
Kushinagar Assembly constituency,"
 Kushinagar is a constituency of the Uttar Pradesh Legislative Assembly covering the city of Kushinagar in the Kushinagar district of Uttar Pradesh, India.
 Kushinagar is one of five assembly constituencies in the Kushinagar Lok Sabha constituency. Since 2008, this assembly constituency is numbered 333 amongst 403 constituencies.
 [2]
 
 Bharatiya Janta Party candidate Rajnikant Mani Tripathi won in last Assembly election of 2017 Uttar Pradesh Legislative Elections defeating Bahujan Samaj Party candidate Rajesh Pratap Rao ""Banti Bhaiya "" by a margin of 48,103 votes.[3]
 
 26°44′N 83°53′E﻿ / ﻿26.74°N 83.89°E﻿ / 26.74; 83.89
","
^ ""Kushinagar Election and Results 2018, Candidate list, Winner, Runner-up, Current MLA and Previous MLAs"". Elections in India.

^ a b ""Election Commission of India"". results.eci.gov.in. Retrieved 13 March 2022.

^ a b ""Assembly result 2017"". Elections.in. Retrieved 25 August 2017.

","
 kushinagar is a constituency of the uttar pradesh legislative assembly covering the city of kushinagar in the kushinagar district of uttar pradesh  india 
 kushinagar is one of five assembly constituencies in the kushinagar lok sabha constituency  since       this assembly constituency is numbered     amongst     constituencies 
  
 
 bharatiya janta party candidate rajnikant mani tripathi won in last assembly election of      uttar pradesh legislative elections defeating bahujan samaj party candidate rajesh pratap rao  banti bhaiya   by a margin of        votes  
 
       n       e           n       e                
","['kushinagar', 'constituency', 'uttar', 'pradesh', 'legislative', 'assembly', 'covering', 'city', 'kushinagar', 'kushinagar', 'district', 'uttar', 'pradesh', 'india', 'kushinagar', 'one', 'five', 'assembly', 'constituencies', 'kushinagar', 'lok', 'sabha', 'constituency', 'since', 'assembly', 'constituency', 'numbered', 'amongst', 'constituencies', 'bharatiya', 'janta', 'party', 'candidate', 'rajnikant', 'mani', 'tripathi', 'last', 'assembly', 'election', 'uttar', 'pradesh', 'legislative', 'elections', 'defeating', 'bahujan', 'samaj', 'party', 'candidate', 'rajesh', 'pratap', 'rao', 'banti', 'bhaiya', 'margin', 'votes']"
Great Peace Shipping Ltd v Tsavliris (International) Ltd,"
 Great Peace Shipping Ltd v Tsavliris (International) Ltd [2002] EWCA Civ 1407 (also known as The Great Peace) is a case in English contract law which investigates when a common mistake within a contractual agreement will render it void.
 It is notable for its ""disapproval"" of Solle v Butcher, a 1950 Court of Appeal case in which Lord Denning had established a doctrine of ""equitable mistake"". Great Peace ruled that the thinking underlying Solle v. Butcher ""could not stand in the face of the earlier decision of the House of Lords in Bell v. Lever Bros.""[1]
 The defendants, Tsavliris, were professional salvors in the business of maritime salvage and rendering aid to ships in difficulty in the South Indian Ocean. Learning that a vessel named Cape Providence was in trouble, Tsavliris entered into a salvage agreement with the owners on LOF terms. Tsavliris used the Ocean Routes service to try to locate the nearest rescue vessel, and were told that there was one about 35 miles away called the Great Peace. Using London brokers called Marint, Tsavliris contacted the Great Peace's owners, and agreement was made to hire the tug for a minimum of five days. It then became apparent that the Great Peace was not 35 miles from the Cape Providence, but 410 miles. Tsavliris then found a closer tug and terminated the contract with Great Peace Ltd, who responded by suing for gross breach of contract. Tsavliris argued it was a common mistake as to the location of the stricken vessel and this invalidated the contract.
 Lord Phillips of Worth Matravers MR[a] held that the mistake was not sufficiently fundamental to void the contract. The Great Peace would have taken 22 hours to cover 410 miles, but that delay was insufficient to make performance of the contract ""essentially different from [the services] the parties envisaged when the contract was concluded"".[2]: paragraph 165 
 In the course of the judgment, McRae v Commonwealth Disposals Commission[3] was approved, and Solle v Butcher was disapproved:
 76 ... the following elements are necessary before a common mistake will void a contract, through analogy to frustration, from the case, Blakeley v Muller & Co 19 TLR 186, per Lord Alverstone CJ,
 ...
 82 ... while we do not consider that the doctrine of common mistake can be satisfactorily explained by an implied term, an allegation that a contract is void for common mistake will often raise important issues of construction. Where it is possible to perform the letter of the contract, but it is alleged that there was a common mistake in relation to a fundamental assumption which renders performance of the essence of the obligation impossible, it will be necessary, by construing the contract in the light of all the material circumstances, to decide whether this is indeed the case…’
 ...
 84 Once the court determines that unforeseen circumstances have, indeed, resulted in the contract being impossible of performance, it is next necessary to determine whether, on true construction of the contract, one or other party has undertaken responsibility for the subsistence of the assumed state of affairs… [or] has undertaken the risk that it may not prove possible to perform…
 85 Circumstances where a contract is void as a result of common mistake are likely to be less common than instances of frustration. Supervening events which defeat the contractual adventure will frequently not be the responsibility of either party. Where, however,  the parties agree that something shall be done which is impossible at the time of making the agreement, it is much more likely that, on true construction of the agreement, one or other will have undertaken responsibility for the mistaken state of affairs....
 ...
 
165 ... the fact that the vessels were considerably further apart than the defendants had believed did not mean that the services that the Great Peace was in a position to provide were essentially different from those which the parties had envisaged when the contract was concluded. 
Lord Phillips observed that  Just as the doctrine of frustration only applies if the contract contains no provision that covers the situation, the same should be true of common mistake,[2]: Paragraph 75   and applied this principle in his ruling. He commented further that  Just as the Law Reform (Frustrated Contracts) Act 1943 was needed to temper the effect of the common law doctrine of frustration, so there is scope for legislation to give greater flexibility to our law of mistake than the common law allows.[2]: Paragraph 161 ","
^ Lord Phillips was a maritime lawyer who had served his National Service in the Royal Navy, during which time he had been paid a share of a salvage award.[citation needed]

 
^ Martin-Clark, D., 'Great Peace', accessed 21 March 2023

^ a b c England and Wales Court of Appeal (Civil Division), Great Peace Shipping Ltd. v Tsavliris (International) Ltd [2002] EWCA Civ 1407, judgment dated 14 October 2002, accessed 18 November 2023

^ McRae v Commonwealth Disposals Commission [1951] HCA 79, (1951) 84 CLR 377, High Court (Australia).

","
 great peace shipping ltd v tsavliris  international  ltd   ewca civ       also known as the great peace  is a case in english contract law which investigates when a common mistake within a contractual agreement will render it void 
 it is notable for its  disapproval  of solle v butcher  a      court of appeal case in which lord denning had established a doctrine of  equitable mistake   great peace ruled that the thinking underlying solle v  butcher  could not stand in the face of the earlier decision of the house of lords in bell v  lever bros   
 the defendants  tsavliris  were professional salvors in the business of maritime salvage and rendering aid to ships in difficulty in the south indian ocean  learning that a vessel named cape providence was in trouble  tsavliris entered into a salvage agreement with the owners on lof terms  tsavliris used the ocean routes service to try to locate the nearest rescue vessel  and were told that there was one about    miles away called the great peace  using london brokers called marint  tsavliris contacted the great peace s owners  and agreement was made to hire the tug for a minimum of five days  it then became apparent that the great peace was not    miles from the cape providence  but     miles  tsavliris then found a closer tug and terminated the contract with great peace ltd  who responded by suing for gross breach of contract  tsavliris argued it was a common mistake as to the location of the stricken vessel and this invalidated the contract 
 lord phillips of worth matravers mr a  held that the mistake was not sufficiently fundamental to void the contract  the great peace would have taken    hours to cover     miles  but that delay was insufficient to make performance of the contract  essentially different from  the services  the parties envisaged when the contract was concluded     paragraph     
 in the course of the judgment  mcrae v commonwealth disposals commission  was approved  and solle v butcher was disapproved 
        the following elements are necessary before a common mistake will void a contract  through analogy to frustration  from the case  blakeley v muller   co    tlr      per lord alverstone cj 
    
        while we do not consider that the doctrine of common mistake can be satisfactorily explained by an implied term  an allegation that a contract is void for common mistake will often raise important issues of construction  where it is possible to perform the letter of the contract  but it is alleged that there was a common mistake in relation to a fundamental assumption which renders performance of the essence of the obligation impossible  it will be necessary  by construing the contract in the light of all the material circumstances  to decide whether this is indeed the case  
    
    once the court determines that unforeseen circumstances have  indeed  resulted in the contract being impossible of performance  it is next necessary to determine whether  on true construction of the contract  one or other party has undertaken responsibility for the subsistence of the assumed state of affairs   or  has undertaken the risk that it may not prove possible to perform 
    circumstances where a contract is void as a result of common mistake are likely to be less common than instances of frustration  supervening events which defeat the contractual adventure will frequently not be the responsibility of either party  where  however   the parties agree that something shall be done which is impossible at the time of making the agreement  it is much more likely that  on true construction of the agreement  one or other will have undertaken responsibility for the mistaken state of affairs    
    
 
        the fact that the vessels were considerably further apart than the defendants had believed did not mean that the services that the great peace was in a position to provide were essentially different from those which the parties had envisaged when the contract was concluded  
lord phillips observed that  just as the doctrine of frustration only applies if the contract contains no provision that covers the situation  the same should be true of common mistake    paragraph      and applied this principle in his ruling  he commented further that  just as the law reform  frustrated contracts  act      was needed to temper the effect of the common law doctrine of frustration  so there is scope for legislation to give greater flexibility to our law of mistake than the common law allows    paragraph     ","['great', 'peace', 'shipping', 'ltd', 'tsavliris', 'international', 'ltd', 'ewca', 'civ', 'also', 'known', 'great', 'peace', 'case', 'english', 'contract', 'law', 'investigates', 'common', 'mistake', 'within', 'contractual', 'agreement', 'render', 'void', 'notable', 'disapproval', 'solle', 'butcher', 'court', 'appeal', 'case', 'lord', 'denning', 'established', 'doctrine', 'equitable', 'mistake', 'great', 'peace', 'ruled', 'thinking', 'underlying', 'solle', 'butcher', 'could', 'stand', 'face', 'earlier', 'decision', 'house', 'lords', 'bell', 'lever', 'bros', 'defendants', 'tsavliris', 'professional', 'salvors', 'business', 'maritime', 'salvage', 'rendering', 'aid', 'ships', 'difficulty', 'south', 'indian', 'ocean', 'learning', 'vessel', 'named', 'cape', 'providence', 'trouble', 'tsavliris', 'entered', 'salvage', 'agreement', 'owners', 'lof', 'terms', 'tsavliris', 'used', 'ocean', 'routes', 'service', 'try', 'locate', 'nearest', 'rescue', 'vessel', 'told', 'one', 'miles', 'away', 'called', 'great', 'peace', 'using', 'london', 'brokers', 'called', 'marint', 'tsavliris', 'contacted', 'great', 'peace', 'owners', 'agreement', 'made', 'hire', 'tug', 'minimum', 'five', 'days', 'became', 'apparent', 'great', 'peace', 'miles', 'cape', 'providence', 'miles', 'tsavliris', 'found', 'closer', 'tug', 'terminated', 'contract', 'great', 'peace', 'ltd', 'responded', 'suing', 'gross', 'breach', 'contract', 'tsavliris', 'argued', 'common', 'mistake', 'location', 'stricken', 'vessel', 'invalidated', 'contract', 'lord', 'phillips', 'worth', 'matravers', 'held', 'mistake', 'sufficiently', 'fundamental', 'void', 'contract', 'great', 'peace', 'would', 'taken', 'hours', 'cover', 'miles', 'delay', 'insufficient', 'make', 'performance', 'contract', 'essentially', 'different', 'services', 'parties', 'envisaged', 'contract', 'concluded', 'paragraph', 'course', 'judgment', 'mcrae', 'commonwealth', 'disposals', 'commission', 'approved', 'solle', 'butcher', 'disapproved', 'following', 'elements', 'necessary', 'common', 'mistake', 'void', 'contract', 'analogy', 'frustration', 'case', 'blakeley', 'muller', 'tlr', 'per', 'lord', 'alverstone', 'consider', 'doctrine', 'common', 'mistake', 'satisfactorily', 'explained', 'implied', 'term', 'allegation', 'contract', 'void', 'common', 'mistake', 'often', 'raise', 'important', 'issues', 'construction', 'possible', 'perform', 'letter', 'contract', 'alleged', 'common', 'mistake', 'relation', 'fundamental', 'assumption', 'renders', 'performance', 'essence', 'obligation', 'impossible', 'necessary', 'construing', 'contract', 'light', 'material', 'circumstances', 'decide', 'whether', 'indeed', 'case', 'court', 'determines', 'unforeseen', 'circumstances', 'indeed', 'resulted', 'contract', 'impossible', 'performance', 'next', 'necessary', 'determine', 'whether', 'true', 'construction', 'contract', 'one', 'party', 'undertaken', 'responsibility', 'subsistence', 'assumed', 'state', 'affairs', 'undertaken', 'risk', 'may', 'prove', 'possible', 'perform', 'circumstances', 'contract', 'void', 'result', 'common', 'mistake', 'likely', 'less', 'common', 'instances', 'frustration', 'supervening', 'events', 'defeat', 'contractual', 'adventure', 'frequently', 'responsibility', 'either', 'party', 'however', 'parties', 'agree', 'something', 'shall', 'done', 'impossible', 'time', 'making', 'agreement', 'much', 'likely', 'true', 'construction', 'agreement', 'one', 'undertaken', 'responsibility', 'mistaken', 'state', 'affairs', 'fact', 'vessels', 'considerably', 'apart', 'defendants', 'believed', 'mean', 'services', 'great', 'peace', 'position', 'provide', 'essentially', 'different', 'parties', 'envisaged', 'contract', 'concluded', 'lord', 'phillips', 'observed', 'doctrine', 'frustration', 'applies', 'contract', 'contains', 'provision', 'covers', 'situation', 'true', 'common', 'mistake', 'paragraph', 'applied', 'principle', 'ruling', 'commented', 'law', 'reform', 'frustrated', 'contracts', 'act', 'needed', 'temper', 'effect', 'common', 'law', 'doctrine', 'frustration', 'scope', 'legislation', 'give', 'greater', 'flexibility', 'law', 'mistake', 'common', 'law', 'allows', 'paragraph']"
Gerard Bofill,"
 Gerard Bofill Vaqué (born 23 February 1992) is a Spanish retired footballer who played as a right back, and is a manager.
 Born in Barcelona, Catalonia, Bofill represented CE Sabadell FC and Girona FC as a youth.[1] After finishing his formation, he returned to Sabadell after signing for the reserves in Segona Catalana.[1]
 In 2013, after achieving promotion with the B-team to Primera Catalana, Bofill had to retire after being diagnosed with a osteosarcoma in his right tibia.[1]
 After taking a break from football, Bofill worked as a fitness coach for Girona FC B in 2016.[2] On 30 November 2022, he returned to Sabadell and their reserve side, replacing Jordi López as manager.[3][4]
 Bofill's spell at Sabadell B only lasted three matches, as he became Miki Lladó's assistant in the first team late in the month.[5] Between March and May 2023, he took over the team for six matches after Lladó was suspended.[6] Sabadell won five and drew one in the six matches in which he was the main coach in the bench replacing Lladó.
 On 10 October 2023, Bofill was named first team manager, after Lladó's dismissal.[7] His debut match in charge of the Arquelinats occurred on 14 October 2023, a 3–1 Primera Federación away loss to CF Rayo Majadahonda.[8]
 On 19 November 2023, after another five defeats which saw the club drop to the last position of the table, Bofill was sacked.[9]
 In the beginning of 2024-25 season, he started working in the methodological area of RCD Espanyol.[10]
 After being diagnosed with his disease, Bofill moved to Girona and started in 2016 to build a self-sustainable house in Sant Aniol de Finestres which later became a hotel named Can Buch.[1][11] The hotel opened in 2020.[12]
","
^ a b c d e ""Qui és Gerard Bofill, el nou entrenador del Centre d'Esports?"" [Who is Gerard Bofill, the new manager of Centre d'Esports?] (in Catalan). Ràdio Sabadell. 10 October 2023. Retrieved 14 October 2023.

^ ""El Girona B també vol ser protagonista del projecte del club"" [Girona B also will be a protagonist of the club's project] (in Catalan). Diari de Girona. 26 July 2016. Retrieved 14 October 2023.

^ ""Jordi López: ""Sentia que no podia dedicar el cent per cent al Sabadell B"""" [Jordi López: ""I felt that I could not dedicate myself 100% to Sabadell B""] (in Catalan). Diari de Sabadell. 30 November 2022. Retrieved 14 October 2023.

^ ""Gerard Bofill debuta a la banqueta del Sabadell 'B' amb la sortida més complicada"" [Gerard Bofill debuts on the bench of Sabadell 'B' with the most complicate start] (in Catalan). Ràdio Sabadell. 3 December 2022. Retrieved 14 October 2023.

^ ""Marc Nomen, nou entrenador del filial: ""És el primer equip del futbol base del Sabadell"""" [Marc Nomen, new manager of the reserves: ""It is the top team of the youth football of Sabadell""] (in Catalan). Ràdio Sabadell. 3 January 2023. Retrieved 14 October 2023.

^ ""Gerard Bofill tornarà a agafar el relleu del sancionat Miki Lladó els pròxims 4 partits"" [Gerard Bofill will return to replace suspended Miki Lladó the following four matches] (in Catalan). Diari de Sabadell. 10 April 2023. Retrieved 14 October 2023.

^ ""Gerard Bofill, nuevo entrenador del Centre d'Esports Sabadell"" [Gerard Bofill, new manager of Centre d’Esports Sabadell] (in Spanish). CE Sabadell FC. 10 October 2023. Retrieved 11 October 2023.

^ ""Nou entrenador… i nova derrota, ara a Majadahonda"" [New manager... and new defeat, now to Majadahonda] (in Catalan). iSabadell. 14 October 2023. Retrieved 14 October 2023.

^ ""Gerard Bofill deixa de ser entrenador del Centre d'Esports Sabadell"" [Gerard Bofill leaves as manager of Centre d'Esports Sabadell] (in Catalan). CE Sabadell FC. 19 November 2023. Retrieved 20 November 2023.

^ ""RCD Espanyol - Model formatiu 24-25"" (PDF) (in Catalan). RCD Espanyol. Retrieved 21 October 2025.

^ ""La història de superació de Gerard Bofill, el segon tècnic del CE Sabadell: un tumor li va canviar la vida"" [The overcoming story of Gerard Bofill, the assistant manager of CE Sabadell: a tumor changed his life] (in Catalan). Diari de Sabadell. 10 June 2023. Retrieved 14 October 2023.

^ ""Iba para futbolista y ahora este emprendedor marca los goles desde el centro del campo"" [He was to become a footballer and now this entrepreneur scores goal from the centre of the field] (in Spanish). Empreendedores. 11 June 2021. Retrieved 14 October 2023.

^ ""Matches Gerard Bofill, 2023–24 season"". BDFutbol. Retrieved 16 October 2023.

","
 gerard bofill vaqu   born    february       is a spanish retired footballer who played as a right back  and is a manager 
 born in barcelona  catalonia  bofill represented ce sabadell fc and girona fc as a youth   after finishing his formation  he returned to sabadell after signing for the reserves in segona catalana  
 in       after achieving promotion with the b team to primera catalana  bofill had to retire after being diagnosed with a osteosarcoma in his right tibia  
 after taking a break from football  bofill worked as a fitness coach for girona fc b in        on    november       he returned to sabadell and their reserve side  replacing jordi l pez as manager   
 bofill s spell at sabadell b only lasted three matches  as he became miki llad  s assistant in the first team late in the month   between march and may       he took over the team for six matches after llad  was suspended   sabadell won five and drew one in the six matches in which he was the main coach in the bench replacing llad  
 on    october       bofill was named first team manager  after llad  s dismissal   his debut match in charge of the arquelinats occurred on    october       a     primera federaci n away loss to cf rayo majadahonda  
 on    november       after another five defeats which saw the club drop to the last position of the table  bofill was sacked  
 in the beginning of         season  he started working in the methodological area of rcd espanyol  
 after being diagnosed with his disease  bofill moved to girona and started in      to build a self sustainable house in sant aniol de finestres which later became a hotel named can buch    the hotel opened in       
","['gerard', 'bofill', 'vaqu', 'born', 'february', 'spanish', 'retired', 'footballer', 'played', 'right', 'back', 'manager', 'born', 'barcelona', 'catalonia', 'bofill', 'represented', 'sabadell', 'girona', 'youth', 'finishing', 'formation', 'returned', 'sabadell', 'signing', 'reserves', 'segona', 'catalana', 'achieving', 'promotion', 'team', 'primera', 'catalana', 'bofill', 'retire', 'diagnosed', 'osteosarcoma', 'right', 'tibia', 'taking', 'break', 'football', 'bofill', 'worked', 'fitness', 'coach', 'girona', 'november', 'returned', 'sabadell', 'reserve', 'side', 'replacing', 'jordi', 'pez', 'manager', 'bofill', 'spell', 'sabadell', 'lasted', 'three', 'matches', 'became', 'miki', 'llad', 'assistant', 'first', 'team', 'late', 'month', 'march', 'may', 'took', 'team', 'six', 'matches', 'llad', 'suspended', 'sabadell', 'five', 'drew', 'one', 'six', 'matches', 'main', 'coach', 'bench', 'replacing', 'llad', 'october', 'bofill', 'named', 'first', 'team', 'manager', 'llad', 'dismissal', 'debut', 'match', 'charge', 'arquelinats', 'occurred', 'october', 'primera', 'federaci', 'away', 'loss', 'rayo', 'majadahonda', 'november', 'another', 'five', 'defeats', 'saw', 'club', 'drop', 'last', 'position', 'table', 'bofill', 'sacked', 'beginning', 'season', 'started', 'working', 'methodological', 'area', 'rcd', 'espanyol', 'diagnosed', 'disease', 'bofill', 'moved', 'girona', 'started', 'build', 'self', 'sustainable', 'house', 'sant', 'aniol', 'finestres', 'later', 'became', 'hotel', 'named', 'buch', 'hotel', 'opened']"
List of highways numbered 690,"
The following highways are numbered 690:
 

",,"
the following highways are numbered     
 

","['following', 'highways', 'numbered']"
Gry Johansen,"Gry Johansen-Meilstrup (known as Gry) (born 28 August 1964)[1] is a Danish singer who represented her country in Eurovision Song Contest 1983.  She performed the song ""Kloden drejer""[2] (""The planet's spinning""). The song was placed seventeenth out of twenty. Johansen made further bids for Eurovision glory when she participated in the Danish national selection contests in 1985, 1989 and 2000. However, she won on none of those occasions.
 Johansen, who was born in Copenhagen, had success in Germany together with German singer and producer Bernie Paul with whom she scored hits like ""Our Love Is Alive"", ""Reach Out For The Stars"" and with whom she recorded the album ""Moments In Love"". She called herself ""Bo Andersen"" for these releases. Gry has participated in several Danish TV shows as singer/musician.
 This article about a Danish singer is a stub. You can help Wikipedia by adding missing information.","
^ ""Gry Johansen - New Songs, Playlists & Latest News - BBC Music"". BBC. Britain: BBC. Retrieved 2020-05-18.[dead link]

^ ""Gry Johansen - Denmark — Munich 1983"". eurovision.tv. Eurovision Song Contest. Retrieved 2020-05-18.

","gry johansen meilstrup  known as gry   born    august        is a danish singer who represented her country in eurovision song contest        she performed the song  kloden drejer     the planet s spinning    the song was placed seventeenth out of twenty  johansen made further bids for eurovision glory when she participated in the danish national selection contests in            and       however  she won on none of those occasions 
 johansen  who was born in copenhagen  had success in germany together with german singer and producer bernie paul with whom she scored hits like  our love is alive    reach out for the stars  and with whom she recorded the album  moments in love   she called herself  bo andersen  for these releases  gry has participated in several danish tv shows as singer musician 
 this article about a danish singer is a stub  you can help wikipedia by adding missing information ","['gry', 'johansen', 'meilstrup', 'known', 'gry', 'born', 'august', 'danish', 'singer', 'represented', 'country', 'eurovision', 'song', 'contest', 'performed', 'song', 'kloden', 'drejer', 'planet', 'spinning', 'song', 'placed', 'seventeenth', 'twenty', 'johansen', 'made', 'bids', 'eurovision', 'glory', 'participated', 'danish', 'national', 'selection', 'contests', 'however', 'none', 'occasions', 'johansen', 'born', 'copenhagen', 'success', 'germany', 'together', 'german', 'singer', 'producer', 'bernie', 'paul', 'scored', 'hits', 'like', 'love', 'alive', 'reach', 'stars', 'recorded', 'album', 'moments', 'love', 'called', 'andersen', 'releases', 'gry', 'participated', 'several', 'danish', 'shows', 'singer', 'musician', 'article', 'danish', 'singer', 'stub', 'help', 'wikipedia', 'adding', 'missing', 'information']"
Tombak,"The tombak (Persian: تمبک), tonbak (تنبک) or zarb (ضرب) is an Iranian goblet drum.[1] It is considered the principal percussion instrument of Persian music. The tombak is normally positioned diagonally across the torso, while the player uses one or more fingers and/or the palm(s) of the hand(s) on the drumhead, often (for a ringing timbre) near the drumhead's edge. Sometimes, tombak players wear metal finger rings for an extra-percussive ""click"" on the drum's shell. Tombak virtuosi often perform solos lasting ten minutes or more.
 The tombak is a single-headed goblet drum is about 18 inches in height with a 28 centimetre diameter head. Its shell is carved from a single block of (sometimes highly figured, knotted or marbled)  wood,  maybe with a carved design or geometric pattern (such as furrows, flutes, diamonds and/or spirals—it is often a costly, heirloom-type or vintage musical instrument). 
 At the bottom the shell is somewhat thicker than at the top for strength (since the drumhead adds to the strength at the top). The shell's wall thickness is approximately 2 centimetres. The throat is nearly cylindrical and connects the top (body) cavity to the hollow base (the throat itself, the interior of which forms the small opening).
 A sheepskin or goatskin head is stretched and secured with glue, tacks or both. The fairly wide top opening permits full bass tone as well as various treble tones (see below). Tombaks with adjustable tuning have been produced experimentally but the head tension is normally fixed prior to performance with careful attention to the temperature and humidity. 
 The player may heat or cool or dampen or dry the membrane to reach a desired fundamental pitch. The pitch can be raised somewhat during a performance by applying finger pressure but a variety of tapping and clicking timbres reduce overall focus on the drum's pitch. Typically, two or three clearly contrasting timbres (through varying finger placement or clacking of a ring against the drum shell) are played in an antiphonal style.
 Goblet-shaped drums are played in different regions of Asia, Eastern Europe and Africa. Although similarities exist among all goblet drums, the techniques for playing the tombak are different from most other goblet drums. The modern tombak described in this page is most closely associated with the music of Iran. The tombak was not considered a virtuoso solo instrument until the pioneering work of Hossein Tehrāni in the 1950s, as well as innovations of Nasser Farhangfar and others. Modern tombak players are exponentially expanding the techniques used in playing the instrument.
 The Tombak was considered an accompanying instrument until the pioneering work of Hossein Tehrāni in the 1950s. Tehrani added to the instrument's possibilities with added ""beating methods"". He also played his instrument with different ""sonorities"".[1]
 His pupils included Mohammad Esmaili (born 1934), Jahangir Malek (born 1931), Jamshid Chemirani (born 1942), Amir Nasser Eftetah (1925–1977) renowned teacher whose disciple Bahman Rajabi, develop modern technology.
 Farhangfar Nasser (1947–1997) revolutionized the principles of accompaniment, often away much of the melody without ever interfering, he drew on many styles of play of Zarb-e zourkhâné (especially that of Morshed Moradi) that accompanies Varzesh-e Pahlavani (ورزش پهلوانی), traditional martial gymnastics practiced in Zurkhaneh (""house of strength"") and motrebs (popular musicians playing accents in a particular way). His knowledge of poetry and a clear and powerful voice make an improviser and especially an outstanding accompanist, always anticipating phrases soloist. Very few players assimilate his art. 
 Modern players open new perspectives amount to the game of Tombak, as Madjid Khaladj, Jamshid Mohebbi, Morteza Aayan, Mohammad Akhavan, Dariush Zargari, Navid Afghah, Farbod Yadollahi, Dariush Es'haghi, Ahmad Mostanbet, Sahab Torbati, Khâvarzamini Pedram, Siamak Barghi, Pezhham Akhavass, and Pejman Haddadi.
","
^ a b c d Jean During (1984). ""Zarb"". In Sadie, Stanley (ed.). The New Grove Dictionary of Musical Instruments. p. 891. Vol. 3.

^ ""یادی از حسین تهرانی ـ نوازنده نامی تنبک + صدا [translation: Memory of Hossein Tehrani - famous tonbak musician + voice]"". Iranian Students' News Agency. هفتم اسفندماه ۱۳۵۲

","the tombak  persian         tonbak        or zarb       is an iranian goblet drum   it is considered the principal percussion instrument of persian music  the tombak is normally positioned diagonally across the torso  while the player uses one or more fingers and or the palm s  of the hand s  on the drumhead  often  for a ringing timbre  near the drumhead s edge  sometimes  tombak players wear metal finger rings for an extra percussive  click  on the drum s shell  tombak virtuosi often perform solos lasting ten minutes or more 
 the tombak is a single headed goblet drum is about    inches in height with a    centimetre diameter head  its shell is carved from a single block of  sometimes highly figured  knotted or marbled   wood   maybe with a carved design or geometric pattern  such as furrows  flutes  diamonds and or spirals it is often a costly  heirloom type or vintage musical instrument   
 at the bottom the shell is somewhat thicker than at the top for strength  since the drumhead adds to the strength at the top   the shell s wall thickness is approximately   centimetres  the throat is nearly cylindrical and connects the top  body  cavity to the hollow base  the throat itself  the interior of which forms the small opening  
 a sheepskin or goatskin head is stretched and secured with glue  tacks or both  the fairly wide top opening permits full bass tone as well as various treble tones  see below   tombaks with adjustable tuning have been produced experimentally but the head tension is normally fixed prior to performance with careful attention to the temperature and humidity  
 the player may heat or cool or dampen or dry the membrane to reach a desired fundamental pitch  the pitch can be raised somewhat during a performance by applying finger pressure but a variety of tapping and clicking timbres reduce overall focus on the drum s pitch  typically  two or three clearly contrasting timbres  through varying finger placement or clacking of a ring against the drum shell  are played in an antiphonal style 
 goblet shaped drums are played in different regions of asia  eastern europe and africa  although similarities exist among all goblet drums  the techniques for playing the tombak are different from most other goblet drums  the modern tombak described in this page is most closely associated with the music of iran  the tombak was not considered a virtuoso solo instrument until the pioneering work of hossein tehr ni in the     s  as well as innovations of nasser farhangfar and others  modern tombak players are exponentially expanding the techniques used in playing the instrument 
 the tombak was considered an accompanying instrument until the pioneering work of hossein tehr ni in the     s  tehrani added to the instrument s possibilities with added  beating methods   he also played his instrument with different  sonorities   
 his pupils included mohammad esmaili  born        jahangir malek  born        jamshid chemirani  born        amir nasser eftetah             renowned teacher whose disciple bahman rajabi  develop modern technology 
 farhangfar nasser             revolutionized the principles of accompaniment  often away much of the melody without ever interfering  he drew on many styles of play of zarb e zourkh n   especially that of morshed moradi  that accompanies varzesh e pahlavani                 traditional martial gymnastics practiced in zurkhaneh   house of strength   and motrebs  popular musicians playing accents in a particular way   his knowledge of poetry and a clear and powerful voice make an improviser and especially an outstanding accompanist  always anticipating phrases soloist  very few players assimilate his art  
 modern players open new perspectives amount to the game of tombak  as madjid khaladj  jamshid mohebbi  morteza aayan  mohammad akhavan  dariush zargari  navid afghah  farbod yadollahi  dariush es haghi  ahmad mostanbet  sahab torbati  kh varzamini pedram  siamak barghi  pezhham akhavass  and pejman haddadi 
","['tombak', 'persian', 'tonbak', 'zarb', 'iranian', 'goblet', 'drum', 'considered', 'principal', 'percussion', 'instrument', 'persian', 'music', 'tombak', 'normally', 'positioned', 'diagonally', 'across', 'torso', 'player', 'uses', 'one', 'fingers', 'palm', 'hand', 'drumhead', 'often', 'ringing', 'timbre', 'near', 'drumhead', 'edge', 'sometimes', 'tombak', 'players', 'wear', 'metal', 'finger', 'rings', 'extra', 'percussive', 'click', 'drum', 'shell', 'tombak', 'virtuosi', 'often', 'perform', 'solos', 'lasting', 'ten', 'minutes', 'tombak', 'single', 'headed', 'goblet', 'drum', 'inches', 'height', 'centimetre', 'diameter', 'head', 'shell', 'carved', 'single', 'block', 'sometimes', 'highly', 'figured', 'knotted', 'marbled', 'wood', 'maybe', 'carved', 'design', 'geometric', 'pattern', 'furrows', 'flutes', 'diamonds', 'spirals', 'often', 'costly', 'heirloom', 'type', 'vintage', 'musical', 'instrument', 'bottom', 'shell', 'somewhat', 'thicker', 'top', 'strength', 'since', 'drumhead', 'adds', 'strength', 'top', 'shell', 'wall', 'thickness', 'approximately', 'centimetres', 'throat', 'nearly', 'cylindrical', 'connects', 'top', 'body', 'cavity', 'hollow', 'base', 'throat', 'interior', 'forms', 'small', 'opening', 'sheepskin', 'goatskin', 'head', 'stretched', 'secured', 'glue', 'tacks', 'fairly', 'wide', 'top', 'opening', 'permits', 'full', 'bass', 'tone', 'well', 'various', 'treble', 'tones', 'see', 'tombaks', 'adjustable', 'tuning', 'produced', 'experimentally', 'head', 'tension', 'normally', 'fixed', 'prior', 'performance', 'careful', 'attention', 'temperature', 'humidity', 'player', 'may', 'heat', 'cool', 'dampen', 'dry', 'membrane', 'reach', 'desired', 'fundamental', 'pitch', 'pitch', 'raised', 'somewhat', 'performance', 'applying', 'finger', 'pressure', 'variety', 'tapping', 'clicking', 'timbres', 'reduce', 'overall', 'focus', 'drum', 'pitch', 'typically', 'two', 'three', 'clearly', 'contrasting', 'timbres', 'varying', 'finger', 'placement', 'clacking', 'ring', 'drum', 'shell', 'played', 'antiphonal', 'style', 'goblet', 'shaped', 'drums', 'played', 'different', 'regions', 'asia', 'eastern', 'europe', 'africa', 'although', 'similarities', 'exist', 'among', 'goblet', 'drums', 'techniques', 'playing', 'tombak', 'different', 'goblet', 'drums', 'modern', 'tombak', 'described', 'page', 'closely', 'associated', 'music', 'iran', 'tombak', 'considered', 'virtuoso', 'solo', 'instrument', 'pioneering', 'work', 'hossein', 'tehr', 'well', 'innovations', 'nasser', 'farhangfar', 'others', 'modern', 'tombak', 'players', 'exponentially', 'expanding', 'techniques', 'used', 'playing', 'instrument', 'tombak', 'considered', 'accompanying', 'instrument', 'pioneering', 'work', 'hossein', 'tehr', 'tehrani', 'added', 'instrument', 'possibilities', 'added', 'beating', 'methods', 'also', 'played', 'instrument', 'different', 'sonorities', 'pupils', 'included', 'mohammad', 'esmaili', 'born', 'jahangir', 'malek', 'born', 'jamshid', 'chemirani', 'born', 'amir', 'nasser', 'eftetah', 'renowned', 'teacher', 'whose', 'disciple', 'bahman', 'rajabi', 'develop', 'modern', 'technology', 'farhangfar', 'nasser', 'revolutionized', 'principles', 'accompaniment', 'often', 'away', 'much', 'melody', 'without', 'ever', 'interfering', 'drew', 'many', 'styles', 'play', 'zarb', 'zourkh', 'especially', 'morshed', 'moradi', 'accompanies', 'varzesh', 'pahlavani', 'traditional', 'martial', 'gymnastics', 'practiced', 'zurkhaneh', 'house', 'strength', 'motrebs', 'popular', 'musicians', 'playing', 'accents', 'particular', 'way', 'knowledge', 'poetry', 'clear', 'powerful', 'voice', 'make', 'improviser', 'especially', 'outstanding', 'accompanist', 'always', 'anticipating', 'phrases', 'soloist', 'players', 'assimilate', 'art', 'modern', 'players', 'open', 'new', 'perspectives', 'amount', 'game', 'tombak', 'madjid', 'khaladj', 'jamshid', 'mohebbi', 'morteza', 'aayan', 'mohammad', 'akhavan', 'dariush', 'zargari', 'navid', 'afghah', 'farbod', 'yadollahi', 'dariush', 'haghi', 'ahmad', 'mostanbet', 'sahab', 'torbati', 'varzamini', 'pedram', 'siamak', 'barghi', 'pezhham', 'akhavass', 'pejman', 'haddadi']"
2021 (song),"
 ""2021"" is a song by American indie pop band Vampire Weekend. Alongside ""Harmony Hall"", it served as the double A-side lead single for their fourth studio album Father of the Bride, and was released on January 24, 2019, by Columbia Records.[2] ""2021"" was later re-released on December 22, 2021, as a collaboration 12"" single alongside ""Talking"" by Haruomi Hosono.[3]
 The ""sparse lovelorn ballad"" is built around a sample of the ambient track ""Talking"", composed in the 1980s by Haruomi Hosono for Japanese retail company Muji. It features a soft pulsing synth and fingerpicked guitars, along with a distorted vocal sample of the word ""boy"" sung by Jenny Lewis.[2][4][5]
 Credits adapted from Qobuz.[6]
 Musicians
 Engineers
","
^ ""ASCAP Repertory entry for this song"". ASCAP. Retrieved May 10, 2022.

^ a b Blistein, Jon (January 24, 2019). ""Vampire Weekend Return After Six Years With 'Harmony Hall,' '2021'"". Rolling Stone. Retrieved February 1, 2019.

^ ""Watering A Flower"". Light In The Attic Records. Retrieved March 28, 2022.

^ Strauss, Matthew; Bloom, Madison (January 24, 2018). ""Vampire Weekend reveal new album title Father of the Bride, share new songs: Listen"". Pitchfork. Retrieved February 1, 2018.

^ Tencic, Nat (January 25, 2018). ""First Spin: Vampire Weekend's '2021' and 'Harmony Hall' were worth the wait"". Triple J. Retrieved February 1, 2018.

^ ""Harmony Hall / 2021 | Vampire Weekend"". Qobuz. Retrieved February 1, 2019.

^ ""Vampire Weekend Chart History (Hot Rock & Alternative Songs)"". Billboard. Retrieved February 5, 2019.

^ ""Watering a Flower / 2021 Haruomi Hosono, Vampire Weekend"" (in Japanese). Oricon. Retrieved March 28, 2022.

","
        is a song by american indie pop band vampire weekend  alongside  harmony hall   it served as the double a side lead single for their fourth studio album father of the bride  and was released on january           by columbia records          was later re released on december           as a collaboration     single alongside  talking  by haruomi hosono  
 the  sparse lovelorn ballad  is built around a sample of the ambient track  talking   composed in the     s by haruomi hosono for japanese retail company muji  it features a soft pulsing synth and fingerpicked guitars  along with a distorted vocal sample of the word  boy  sung by jenny lewis    
 credits adapted from qobuz  
 musicians
 engineers
","['song', 'american', 'indie', 'pop', 'band', 'vampire', 'weekend', 'alongside', 'harmony', 'hall', 'served', 'double', 'side', 'lead', 'single', 'fourth', 'studio', 'album', 'father', 'bride', 'released', 'january', 'columbia', 'records', 'later', 'released', 'december', 'collaboration', 'single', 'alongside', 'talking', 'haruomi', 'hosono', 'sparse', 'lovelorn', 'ballad', 'built', 'around', 'sample', 'ambient', 'track', 'talking', 'composed', 'haruomi', 'hosono', 'japanese', 'retail', 'company', 'muji', 'features', 'soft', 'pulsing', 'synth', 'fingerpicked', 'guitars', 'along', 'distorted', 'vocal', 'sample', 'word', 'boy', 'sung', 'jenny', 'lewis', 'credits', 'adapted', 'qobuz', 'musicians', 'engineers']"
Carpathian Romani,"Carpathian Romani, also known as Central Romani or Romungro Romani, is a group of dialects of the Romani language spoken from southern Poland to Hungary, and from eastern Austria to Ukraine.
 Central Romani is one of a dozen major dialect groups within Romani, an Indo-Aryan language of Europe. The Central dialects of Romani are traditionally spoken by some subethnic groups of the Romani people in Hungary, the Czech Republic, Slovakia (with the exception of its southwestern and south-central regions), southeastern Poland, the Transcarpathia province of Ukraine, and parts of Romanian Transylvania. There are also established outmigrant communities of Central Romani speakers in the United States, and recent outmigrant communities in the United Kingdom, Ireland, Belgium, and some other Western European countries.
 Elšík[2] uses this classification and dialect examples (geographical information from Matras[3]):
 
 This Romani-related article is a stub. You can help Wikipedia by adding missing information.","
^ Carpathian Romani at Ethnologue (18th ed., 2015) (subscription required)

^ Elšík, Viktor (1999). ""Dialect variation in Romani personal pronouns"" (PDF). p. 2. Retrieved 17 September 2013.

^ Matras, Yaron (2002). Romani: A Linguistic Introduction, Cambridge: Cambridge University Press. ISBN 0-521-02330-0, pp. 6-13

^ ""ROMLEX: Romani Dialects"". romani.uni-graz.at.

","carpathian romani  also known as central romani or romungro romani  is a group of dialects of the romani language spoken from southern poland to hungary  and from eastern austria to ukraine 
 central romani is one of a dozen major dialect groups within romani  an indo aryan language of europe  the central dialects of romani are traditionally spoken by some subethnic groups of the romani people in hungary  the czech republic  slovakia  with the exception of its southwestern and south central regions   southeastern poland  the transcarpathia province of ukraine  and parts of romanian transylvania  there are also established outmigrant communities of central romani speakers in the united states  and recent outmigrant communities in the united kingdom  ireland  belgium  and some other western european countries 
 el  k  uses this classification and dialect examples  geographical information from matras   
 
 this romani related article is a stub  you can help wikipedia by adding missing information ","['carpathian', 'romani', 'also', 'known', 'central', 'romani', 'romungro', 'romani', 'group', 'dialects', 'romani', 'language', 'spoken', 'southern', 'poland', 'hungary', 'eastern', 'austria', 'ukraine', 'central', 'romani', 'one', 'dozen', 'major', 'dialect', 'groups', 'within', 'romani', 'indo', 'aryan', 'language', 'europe', 'central', 'dialects', 'romani', 'traditionally', 'spoken', 'subethnic', 'groups', 'romani', 'people', 'hungary', 'czech', 'republic', 'slovakia', 'exception', 'southwestern', 'south', 'central', 'regions', 'southeastern', 'poland', 'transcarpathia', 'province', 'ukraine', 'parts', 'romanian', 'transylvania', 'also', 'established', 'outmigrant', 'communities', 'central', 'romani', 'speakers', 'united', 'states', 'recent', 'outmigrant', 'communities', 'united', 'kingdom', 'ireland', 'belgium', 'western', 'european', 'countries', 'uses', 'classification', 'dialect', 'examples', 'geographical', 'information', 'matras', 'romani', 'related', 'article', 'stub', 'help', 'wikipedia', 'adding', 'missing', 'information']"
Constantine Doukas (co-emperor),"
 Constantine Doukas or Ducas (Greek: Κωνσταντίνος Δούκας, romanized: Kōnstantīnos Doúkās; c. 1074 – 12 August 1094) was Byzantine junior emperor from 1074 to 1078, and again from 1081 to 1087. He was born to Emperor Michael VII Doukas and Empress Maria of Alania in about 1074, and elevated to junior emperor probably in the same year. He was junior emperor until 1078, when Michael VII was replaced by Nikephoros III Botaneiates. Because Constantine was not made junior emperor under Nikephoros III, his betrothal to Olympias, the daughter of Robert Guiscard, was broken, which Robert Guiscard used as a pretext to invade the Byzantine Empire. John Doukas forced Nikephoros to abdicate in favor of Alexios I Komnenos in 1081, and shortly afterwards Alexios elevated Constantine to junior emperor. Constantine married Alexios's daughter Anna Komnene, and remained junior emperor until 1087, when Alexios had a son, John II Komnenos. Constantine died in c. 1095.
 Constantine Doukas was born in about 1074 to Byzantine Emperor Michael VII and his wife Maria of Alania, as a porphyrogennetos, meaning he was born during his father's reign.[1][2] Constantine was crowned co-emperor by his father shortly after his birth, and was betrothed to Olympias, the daughter of Robert Guiscard, the Norman duke of Apulia. This arrangement was cancelled after Michael abdicated in 1078, whereupon Maria and Constantine retired to the Monastery of Petrion.[3][4] Maria married Nikephoros III Botaneiates, who seized power after Michael's abdication, at the urging of  Michael's uncle John Doukas, but was unable to convince him to elevate Constantine to junior emperor, thereby breaking the betrothal.[5][6][7] Robert Guiscard therefore launched an invasion of the Byzantine Empire, using the broken betrothal as a pretext.[8]
 In order to combat this invasion, Alexios I Komnenos was given a large force to repel the Norman army led by Guiscard. John Doukas, who had previously urged Nikephoros to seize power, conspired against Nikephoros, intending to overthrow him and replace him with Alexios.[9] Nikephoros, unable to form an alliance with either the Seljuks or Nikephoros Melissenos, was forced to abdicate to Alexios in 1081.[10] After Alexios ascended the throne in 1081, he elevated Constantine to junior emperor,[11] and betrothed his daughter Anna Komnene to him in 1083, shortly after her birth.[12] However, he was replaced as junior emperor and favored heir by Alexios' son, John II Komnenos, in 1087, shortly after his birth to Alexios and Irene Doukaina.[11] Constantine died on 12 August 1094.[13]
 Constantine Doukas is thought to be engraved on the Holy Crown of Hungary, which was given to Hungarian King Géza I of Hungary by Constantine's father Michael VII, depicted alongside King Geza I and Michael VII;[14] although the figure may actually be Konstantios Doukas.[15]
","
^ Hill 2014, p. 218.

^ ODB, ""Doukas, Constantine"" (C. M. Brand), pp. 657–658.

^ Hill 2014, p. 33.

^ Buckley 2014, p. 68.

^ Finlay 1844, p. 57.

^ Norwich 1996, p. 3.

^ Neville 2012, p. 53.

^ Norwich 1996, p. 15.

^ Finlay 1844, p. 60.

^ ODB, ""Nikephoros III Botaneiates"" (C. M. Brand, A. Cutler), p. 1479.

^ a b Buckley 2014, p. 30.

^ Hill 2014, p. 219.

^ PBW (2016) Konstantinos 62.

^ Pevny 2000, p. 100.

^ Kaldellis 2017, p. 262.

","
 constantine doukas or ducas  greek                       romanized  k nstant nos do k s  c            august       was byzantine junior emperor from      to       and again from      to       he was born to emperor michael vii doukas and empress maria of alania in about       and elevated to junior emperor probably in the same year  he was junior emperor until       when michael vii was replaced by nikephoros iii botaneiates  because constantine was not made junior emperor under nikephoros iii  his betrothal to olympias  the daughter of robert guiscard  was broken  which robert guiscard used as a pretext to invade the byzantine empire  john doukas forced nikephoros to abdicate in favor of alexios i komnenos in       and shortly afterwards alexios elevated constantine to junior emperor  constantine married alexios s daughter anna komnene  and remained junior emperor until       when alexios had a son  john ii komnenos  constantine died in c       
 constantine doukas was born in about      to byzantine emperor michael vii and his wife maria of alania  as a porphyrogennetos  meaning he was born during his father s reign    constantine was crowned co emperor by his father shortly after his birth  and was betrothed to olympias  the daughter of robert guiscard  the norman duke of apulia  this arrangement was cancelled after michael abdicated in       whereupon maria and constantine retired to the monastery of petrion    maria married nikephoros iii botaneiates  who seized power after michael s abdication  at the urging of  michael s uncle john doukas  but was unable to convince him to elevate constantine to junior emperor  thereby breaking the betrothal     robert guiscard therefore launched an invasion of the byzantine empire  using the broken betrothal as a pretext  
 in order to combat this invasion  alexios i komnenos was given a large force to repel the norman army led by guiscard  john doukas  who had previously urged nikephoros to seize power  conspired against nikephoros  intending to overthrow him and replace him with alexios   nikephoros  unable to form an alliance with either the seljuks or nikephoros melissenos  was forced to abdicate to alexios in        after alexios ascended the throne in       he elevated constantine to junior emperor   and betrothed his daughter anna komnene to him in       shortly after her birth   however  he was replaced as junior emperor and favored heir by alexios  son  john ii komnenos  in       shortly after his birth to alexios and irene doukaina   constantine died on    august       
 constantine doukas is thought to be engraved on the holy crown of hungary  which was given to hungarian king g za i of hungary by constantine s father michael vii  depicted alongside king geza i and michael vii   although the figure may actually be konstantios doukas  
","['constantine', 'doukas', 'ducas', 'greek', 'romanized', 'nstant', 'nos', 'august', 'byzantine', 'junior', 'emperor', 'born', 'emperor', 'michael', 'vii', 'doukas', 'empress', 'maria', 'alania', 'elevated', 'junior', 'emperor', 'probably', 'year', 'junior', 'emperor', 'michael', 'vii', 'replaced', 'nikephoros', 'iii', 'botaneiates', 'constantine', 'made', 'junior', 'emperor', 'nikephoros', 'iii', 'betrothal', 'olympias', 'daughter', 'robert', 'guiscard', 'broken', 'robert', 'guiscard', 'used', 'pretext', 'invade', 'byzantine', 'empire', 'john', 'doukas', 'forced', 'nikephoros', 'abdicate', 'favor', 'alexios', 'komnenos', 'shortly', 'afterwards', 'alexios', 'elevated', 'constantine', 'junior', 'emperor', 'constantine', 'married', 'alexios', 'daughter', 'anna', 'komnene', 'remained', 'junior', 'emperor', 'alexios', 'son', 'john', 'komnenos', 'constantine', 'died', 'constantine', 'doukas', 'born', 'byzantine', 'emperor', 'michael', 'vii', 'wife', 'maria', 'alania', 'porphyrogennetos', 'meaning', 'born', 'father', 'reign', 'constantine', 'crowned', 'emperor', 'father', 'shortly', 'birth', 'betrothed', 'olympias', 'daughter', 'robert', 'guiscard', 'norman', 'duke', 'apulia', 'arrangement', 'cancelled', 'michael', 'abdicated', 'whereupon', 'maria', 'constantine', 'retired', 'monastery', 'petrion', 'maria', 'married', 'nikephoros', 'iii', 'botaneiates', 'seized', 'power', 'michael', 'abdication', 'urging', 'michael', 'uncle', 'john', 'doukas', 'unable', 'convince', 'elevate', 'constantine', 'junior', 'emperor', 'thereby', 'breaking', 'betrothal', 'robert', 'guiscard', 'therefore', 'launched', 'invasion', 'byzantine', 'empire', 'using', 'broken', 'betrothal', 'pretext', 'order', 'combat', 'invasion', 'alexios', 'komnenos', 'given', 'large', 'force', 'repel', 'norman', 'army', 'led', 'guiscard', 'john', 'doukas', 'previously', 'urged', 'nikephoros', 'seize', 'power', 'conspired', 'nikephoros', 'intending', 'overthrow', 'replace', 'alexios', 'nikephoros', 'unable', 'form', 'alliance', 'either', 'seljuks', 'nikephoros', 'melissenos', 'forced', 'abdicate', 'alexios', 'alexios', 'ascended', 'throne', 'elevated', 'constantine', 'junior', 'emperor', 'betrothed', 'daughter', 'anna', 'komnene', 'shortly', 'birth', 'however', 'replaced', 'junior', 'emperor', 'favored', 'heir', 'alexios', 'son', 'john', 'komnenos', 'shortly', 'birth', 'alexios', 'irene', 'doukaina', 'constantine', 'died', 'august', 'constantine', 'doukas', 'thought', 'engraved', 'holy', 'crown', 'hungary', 'given', 'hungarian', 'king', 'hungary', 'constantine', 'father', 'michael', 'vii', 'depicted', 'alongside', 'king', 'geza', 'michael', 'vii', 'although', 'figure', 'may', 'actually', 'konstantios', 'doukas']"
"Mikhaylovka, Aurgazinsky District, Republic of Bashkortostan","Mikhaylovka (Russian: Михайловка) is a rural locality (a village) and the administrative centre of Mikhaylovsky Selsoviet, Aurgazinsky District, Bashkortostan, Russia. The population was 267 as of 2010.[2] There are 2 streets.
 Mikhaylovka is located 22 km southwest of Tolbazy (the district's administrative centre) by road. Igenche is the nearest rural locality.[3]
 
 This Aurgazinsky District location article is a stub. You can help Wikipedia by adding missing information.","
^ Карта Аургазинского района Башкортостана

^ ""Всероссийская перепись населения 2010 года. Численность населения по населённым пунктам Республики Башкортостан"" (PDF). Archived from the original (PDF) on 2019-05-17. Retrieved 2019-05-30.

^ Расстояние от Михайловки до Толбаз

","mikhaylovka  russian              is a rural locality  a village  and the administrative centre of mikhaylovsky selsoviet  aurgazinsky district  bashkortostan  russia  the population was     as of        there are   streets 
 mikhaylovka is located    km southwest of tolbazy  the district s administrative centre  by road  igenche is the nearest rural locality  
 
 this aurgazinsky district location article is a stub  you can help wikipedia by adding missing information ","['mikhaylovka', 'russian', 'rural', 'locality', 'village', 'administrative', 'centre', 'mikhaylovsky', 'selsoviet', 'aurgazinsky', 'district', 'bashkortostan', 'russia', 'population', 'streets', 'mikhaylovka', 'located', 'southwest', 'tolbazy', 'district', 'administrative', 'centre', 'road', 'igenche', 'nearest', 'rural', 'locality', 'aurgazinsky', 'district', 'location', 'article', 'stub', 'help', 'wikipedia', 'adding', 'missing', 'information']"
List of cycad species by country,"
Below is a list of cycad species ordered by country.
 Cycas thouarsii is the most geographically widespread species, and is found in Indian Ocean islands as well.
 Encephalartos barteri is the only cycad species recorded in West Africa.
 Cycas pectinata has the most widespread distribution in South Asia, and is the only South Asian cycad species found outside India and Sri Lanka.
 The eastern coast of Australia contains the most diversity. Cycas seemannii is found in Melanesia and western Polynesia. Cycas micronesica is found in Micronesia.
",,"
below is a list of cycad species ordered by country 
 cycas thouarsii is the most geographically widespread species  and is found in indian ocean islands as well 
 encephalartos barteri is the only cycad species recorded in west africa 
 cycas pectinata has the most widespread distribution in south asia  and is the only south asian cycad species found outside india and sri lanka 
 the eastern coast of australia contains the most diversity  cycas seemannii is found in melanesia and western polynesia  cycas micronesica is found in micronesia 
","['list', 'cycad', 'species', 'ordered', 'country', 'cycas', 'thouarsii', 'geographically', 'widespread', 'species', 'found', 'indian', 'ocean', 'islands', 'well', 'encephalartos', 'barteri', 'cycad', 'species', 'recorded', 'west', 'africa', 'cycas', 'pectinata', 'widespread', 'distribution', 'south', 'asia', 'south', 'asian', 'cycad', 'species', 'found', 'outside', 'india', 'sri', 'lanka', 'eastern', 'coast', 'australia', 'contains', 'diversity', 'cycas', 'seemannii', 'found', 'melanesia', 'western', 'polynesia', 'cycas', 'micronesica', 'found', 'micronesia']"
Rome City School District,"Rome City School District may refer to:
",,"rome city school district may refer to 
","['rome', 'city', 'school', 'district', 'may', 'refer']"
Scopula minoa,"
 Scopula minoa is a moth of the  family Geometridae. It is found in Kenya.[2]
 
 This Scopula-related article is a stub. You can help Wikipedia by adding missing information.","
^ Sihvonen, Pasi (April 1, 2005). ""Phylogeny and classification of the Scopulini moths (Lepidoptera: Geometridae, Sterrhinae)"". Zoological Journal of the Linnean Society. 143 (4): 473–530. doi:10.1111/j.1096-3642.2005.00153.x.

^ Afro Moths

","
 scopula minoa is a moth of the  family geometridae  it is found in kenya  
 
 this scopula related article is a stub  you can help wikipedia by adding missing information ","['scopula', 'minoa', 'moth', 'family', 'geometridae', 'found', 'kenya', 'scopula', 'related', 'article', 'stub', 'help', 'wikipedia', 'adding', 'missing', 'information']"
Lam with tah above,"Lām with tah above (, ࣇ, also known as ""Arabic letter Lām with small Tah above"" or ""arlām"") is a character used in the Shahmukhi alphabet for the Punjabi language to represent a voiced retroflex lateral approximant and is also used in the Kalasha language.[1]
 The Gurmukhi equivalent of the letter is ਲ਼. This was added to Gurmukhi officially relatively recently, and is not universal, but does have a precedent for use in older Punjabi texts.
 It was added to Unicode in 2020 (in version 13). Due to the recency of this addition, support is still limited among widely fonts. It is possible to approximate the letter using the character combination لؕ. The character is the sole member of the script group ""Arabic letter for Punjabi.""[2]
 The earliest source which attested a use of an arlam glyph identified in discussions of the proposed Unicode character was Muhammad Yar's 1792 Afarinish Nama. Though present in some older works, most writing historically has not included a character for the Punjabi phoneme it represents, and there are other characters which writers have used to represent this sound in the absence of a standard for it. Gurmeet Kaur's 2017 'Fascinating Folktales of Punjab' was printed with a version of the lam glyph with a dot beneath, mirroring the differentiation present on lalle pair bindi in Gurmukhi.[3][4][5]
 
 As of August 2022, these font families support U+08C7:
","
^ L.Trail, Ronald; R. Cooper, Gregory (1999). Kalasha Dictionary —with English and Urdu (PDF). Quaid-i-Azam University: National Institute of Pakistan Studies. pp. xiv. ISBN 9698023097. Finally, the to'e is also used to distinguish the Kalasha dark ḷ (ࣇ) from the light l (ل)

^ ""U+08C7 ARABIC LETTER LAM WITH SMALL ARABIC LETTER TAH ABOVE"". Retrieved 2022-08-12.

^ Evans, Lorna Priest; Malik, M. G. Abbas (2019-05-01). ""Proposal to encode ARABIC LETTER LAM WITH SMALL ARABIC LETTER TAH ABOVE in the UCS"" (PDF).

^ Yar, Muhammad (1792). Afarinish Nama.

^ Kaur, Gurmeet (2017). Fascinating Folktales of Punjab 1-5.

","l m with tah above       also known as  arabic letter l m with small tah above  or  arl m   is a character used in the shahmukhi alphabet for the punjabi language to represent a voiced retroflex lateral approximant and is also used in the kalasha language  
 the gurmukhi equivalent of the letter is     this was added to gurmukhi officially relatively recently  and is not universal  but does have a precedent for use in older punjabi texts 
 it was added to unicode in       in version      due to the recency of this addition  support is still limited among widely fonts  it is possible to approximate the letter using the character combination     the character is the sole member of the script group  arabic letter for punjabi   
 the earliest source which attested a use of an arlam glyph identified in discussions of the proposed unicode character was muhammad yar s      afarinish nama  though present in some older works  most writing historically has not included a character for the punjabi phoneme it represents  and there are other characters which writers have used to represent this sound in the absence of a standard for it  gurmeet kaur s       fascinating folktales of punjab  was printed with a version of the lam glyph with a dot beneath  mirroring the differentiation present on lalle pair bindi in gurmukhi    
 
 as of august       these font families support u   c  
","['tah', 'also', 'known', 'arabic', 'letter', 'small', 'tah', 'arl', 'character', 'used', 'shahmukhi', 'alphabet', 'punjabi', 'language', 'represent', 'voiced', 'retroflex', 'lateral', 'approximant', 'also', 'used', 'kalasha', 'language', 'gurmukhi', 'equivalent', 'letter', 'added', 'gurmukhi', 'officially', 'relatively', 'recently', 'universal', 'precedent', 'use', 'older', 'punjabi', 'texts', 'added', 'unicode', 'version', 'due', 'recency', 'addition', 'support', 'still', 'limited', 'among', 'widely', 'fonts', 'possible', 'approximate', 'letter', 'using', 'character', 'combination', 'character', 'sole', 'member', 'script', 'group', 'arabic', 'letter', 'punjabi', 'earliest', 'source', 'attested', 'use', 'arlam', 'glyph', 'identified', 'discussions', 'proposed', 'unicode', 'character', 'muhammad', 'yar', 'afarinish', 'nama', 'though', 'present', 'older', 'works', 'writing', 'historically', 'included', 'character', 'punjabi', 'phoneme', 'represents', 'characters', 'writers', 'used', 'represent', 'sound', 'absence', 'standard', 'gurmeet', 'kaur', 'fascinating', 'folktales', 'punjab', 'printed', 'version', 'lam', 'glyph', 'dot', 'beneath', 'mirroring', 'differentiation', 'present', 'lalle', 'pair', 'bindi', 'gurmukhi', 'august', 'font', 'families', 'support']"
2024 Pennsylvania House of Representatives election,"
 
 Joanna McClinton[a]
Democratic
 Joanna McClinton
Democratic
 The 2024 elections for the Pennsylvania House of Representatives were held on November 5, 2024, with all districts up for election. The term of office for those elected in 2024 began when the House of Representatives convenes in January 2025. Pennsylvania State Representatives are elected for two-year terms, with all 203 seats up for election every two years.[2] The primary elections to choose the respective parties' nominees took place on April 23.[3]
 On February 7, 2023, the Democratic Party affirmed its first majority in the chamber since 2010 after winning three special elections.[4] The 2024 elections saw no change in the partisan makeup of the House, with the Democrats maintaining a one-seat majority despite losing the popular vote.[5][6]
 Democrat John Galloway was elected magisterial district judge unopposed, succeeding District Judge Jan Vislosky upon her retirement.[7] House Speaker Joanna McClinton scheduled a special election for February 13, 2024.
 Democratic nominee and Pennsbury School Board member Jim Prokopiak defeated Republican nominee Candace Cabanas of Falls Township.[9][10]
 Republican Joseph Adams resigned from the House on February 9, 2024.[11] A special election was held on April 23.[12] Sterling Township supervisor Jeffrey Olsommer, the Republican nominee, defeated former Pike County Area Agency on Aging chair Robin Skibber, the Democratic nominee.[13]
 Democrat Donna Bullock resigned on July 15. A special election was held on September 17.[16] Democratic 28th Philadelphia Ward leader Keith Harris was the only candidate on the ballot.[17]
 Democrat Stephen Kinsey resigned on July 16. A special election was held on September 17.[16] Democrat Andre Carroll was the only candidate on the ballot.[17]
 
 Source:[91][92]
 Districts where the margin of victory was under 10%:
","
^ Democrat Mark Rozzi briefly served as speaker following the 2022 elections, but resigned the position for McClinton on February 28, 2023.

^ a b c d e f g h i j k l m n o p q r s Won as a write-in candidate

^ Representative Joe McAndrew ran as a Democrat, but appeared on the ballot as both a Democrat and a Republican after also winning the Republican nomination via write-in votes.

^ Stephanie Waggett won the Democratic nomination via write-in votes, but withdrew from the race. Drew Ross Manko was selected to replace Waggett.[141]

 
^ ""Lancaster County Rep. Bryan Cutler voted Speaker of Pennsylvania House of Representatives"". fox43.com. June 22, 2020. Retrieved June 22, 2020.

^ s:Constitution of the Commonwealth of Pennsylvania 1874/Article 2

^ ""Upcoming Elections"". Pennsylvania Department of State. Retrieved February 29, 2024.

^ Caruso, Stephen (February 7, 2023). ""Democrats win special elections, Pa. House majority"". Spotlight PA. Retrieved February 13, 2023.

^ Scolforo, Mark (November 8, 2024). ""Democrats retain 1-seat majority control of the Pennsylvania House"". AP News. Retrieved November 10, 2024.

^ ""Pennsylvania Elections - Office Results"". www.electionreturns.pa.gov. Retrieved November 13, 2024.

^ Cappelletti, Joey; Schultz, Brooke (November 8, 2023). ""Pennsylvania House 101-101 tie between Republicans, Democrats"". WTAE-TV. Retrieved November 22, 2023.

^ ""2024 140th Special Election"". Bucks County, Pennsylvania. February 13, 2024. Retrieved February 15, 2024.

^ Ulrich, Steve (December 20, 2023). ""HD-140: Prokopiak Earns Democratic Nomination For Special Election"". PoliticsPA. Retrieved December 21, 2023.

^ Ulrich, Steve (December 15, 2023). ""HD-140: Cabanas Nominated As GOP Candidate To Replace Galloway"". PoliticsPA. Retrieved December 21, 2023.

^ Cann, Harrison (February 9, 2024). ""Adams's resignation gives House Democrats slim majority prior to special elections"". City & State PA. Retrieved February 9, 2024.

^ Krawczeniuk, Borys (February 15, 2024). ""Special election scheduled for April 23 for state 139th House District seat"". WVIA News. Retrieved February 29, 2024.

^ Ulrich, Steve (March 1, 2024). ""HD-139: It Will Be Olsommer v. Skibber In Wayne/Pike Special Election"". PoliticsPA.

^ ""SPECIAL ELECTION - REPRESENTATIVE IN THE GENERAL ASSEMBLY 139 DISTRICT UNEXP TERM"". Pike County, PA 2024 General Primary Election. May 3, 2024. Retrieved May 18, 2024.

^ Wayne County 2024, p. 15.

^ a b Bell, Mac; Stockburger, George (July 16, 2024). ""Two Democrat Pennsylvania State House Representatives resign"". abc27 WHTM. Retrieved July 20, 2024.

^ a b Ulrich, Steve (September 18, 2024). ""Harris, Carroll Victorious in PA House Special Elections"". PoliticsPA. Retrieved September 19, 2024.

^ a b Ulrich, Steve (January 11, 2024). ""SD-45: Pisciottano Looks to Succeed Brewster in Senate"". PoliticsPA. Retrieved May 8, 2024.

^ a b Ulrich, Steve (August 15, 2024). ""Rivera Tapped by Lanco Democrats to Replace Sturla in HD-96 Race"". PoliticsPA. Retrieved August 16, 2024.

^ a b Johnson, Kayleigh (October 19, 2023). ""Rep. Patty Kim announces run for Pennsylvania Senate"". WPMT. Retrieved October 19, 2023.

^ a b Ulrich, Steve (January 31, 2024). ""Rozzi Leaves Auditor General Race, Politics, To Focus On Mental Health"". PoliticsPA. Retrieved January 31, 2024.

^ a b Shuey, Karen (January 26, 2024). ""PA Rep. Barry Jozwiak announces he will not run for reelection"". Reading Eagle. Retrieved May 8, 2024.

^ a b Ulrich, Steve (November 13, 2023). ""HD-14: Rep. Marshall Will Not Seek Reelection"". PoliticsPA. Retrieved November 14, 2023.

^ a b Board, Glynis (August 15, 2023). ""Republican Rob Mercuri enters race for Pa.'s 17th congressional district"". WESA (FM). Retrieved October 18, 2023.

^ a b Ulrich, Steve (December 11, 2023). ""HD-56: Dunbar Will Not Seek Another Term"". PoliticsPA. Retrieved May 8, 2024.

^ a b Walzak, Josh (December 28, 2023). ""Oberlander will not seek reelection in 2024"". The Courier Express. Retrieved May 8, 2024.

^ a b Hardy, Shawn (August 24, 2023). ""Leaving the House: PA Rep. Paul Schemel won't seek sixth term"". The Echo Pilot. Retrieved August 29, 2023.

^ a b Ulrich, Steve (January 11, 2024). ""SD-31: Keefer Announces For State Senate"". PoliticsPA. Retrieved May 8, 2024.

^ a b Ulrich, Steve (January 16, 2024). ""HD-120: Kaufer Says He Will Not Stand For Re-Election"". PoliticsPA. Retrieved May 8, 2024.

^ a b Weber, Lindsay (July 26, 2023). ""State Rep. Ryan Mackenzie joins crowded field of GOP candidates challenging Susan Wild in 2024"". The Morning Call. Retrieved August 24, 2023.

^ McGoldrick, Gillian; Perez-Castells, Ariana (April 23, 2024). ""Sean Dougherty, Johnny Doc's nephew, defeats incumbent Kevin Boyle in state House race"". The Philadelphia Inquirer. Retrieved May 8, 2024.

^ Danahy, Anne (April 23, 2024). ""Blair County state Rep. Jim Gregory loses to challenger in Republican primary"". WPSU (FM). Retrieved May 8, 2024.

^ a b ""REPRESENTATIVE IN THE GENERAL ASSEMBLY - 117TH DISTRICT (REP)"". Luzerne County, PA Primary Election April 23, 2024. September 16, 2024. Retrieved September 16, 2024.

^ a b c d e ""State Rep"". Philadelphia Election Results. Philadelphia City Commissioners. May 7, 2024. Archived from the original on May 18, 2024. Retrieved May 18, 2024.

^ ""DEM REPRESENTATIVE IN THE GENERAL ASSEMBLY DISTRICT 32"". Allegheny County, PA 2024 General Primary. May 13, 2024. Retrieved May 19, 2024.

^ ""DEM REPRESENTATIVE IN THE GENERAL ASSEMBLY DISTRICT 34"". Allegheny County, PA 2024 General Primary. May 6, 2024. Retrieved May 19, 2024.

^ ""DEM REPRESENTATIVE IN THE GENERAL ASSEMBLY DISTRICT 38"". Allegheny County, PA 2024 General Primary. May 13, 2024. Retrieved May 19, 2024.

^ a b c d ""Election Updates"". Allegheny County, Pennsylvania. April 30, 2024. Archived from the original on May 19, 2024. Retrieved May 19, 2024.

^ ""DEM REPRESENTATIVE IN THE GENERAL ASSEMBLY DISTRICT 40"". Allegheny County, PA 2024 General Primary. May 13, 2024. Retrieved May 19, 2024.

^ Washington County 2024, p. 6.

^ ""REPRESENTATIVE IN THE GENERAL ASSEMBLY (DISTRICT 47) 2 YEAR TERM-DEM"". York County, PA April 23, 2024 General Primary. May 13, 2024. Retrieved May 19, 2024.

^ Washington County 2024, p. 7.

^ Greene County 2024, p. 5.

^ Westmoreland County 2024, pp. 41–45.

^ ""OFFICIAL COMPUTATIONS OF VOTES CAST DURING THE Democratic Primary Election April 23, 2024 Federal and State Offices"" (PDF). Crawford County, Pennsylvania. p. 16. Retrieved May 20, 2024.

^ ""2024 General Municipal Election Results"" (PDF). Forest County, Pennsylvania. April 26, 2024. p. 3. Retrieved May 20, 2024.

^ ""Election Summary Report Closed Primary Warren County April 23, 2024"" (PDF). Warren County, Pennsylvania. April 26, 2024. p. 6. Retrieved May 20, 2024.

^ ""APRIL 23RD GENERAL PRIMARY | REPRESENTATIVE IN THE GENERAL ASSEMBLY 98TH District"". Lancaster County, Pennsylvania. May 7, 2024. Retrieved June 5, 2024.

^ Lebanon County 2024, p. 3.

^ Cumberland County 2024a, p. 4.

^ ""2024 Presidential Primary Election Results | State Representative 103"". Dauphin County, Pennsylvania. April 30, 2024. Retrieved May 25, 2024.

^ Murphy, Jan (May 9, 2024). ""Dauphin County House candidate banked on a write-in spot on fall ballot and succeeded"". PennLIVE Patriot-News. Advance Local Media LLC. Retrieved May 25, 2024.

^ ""REPRESENTATIVE IN THE GENERAL ASSEMBLY - 120TH DISTRICT (DEM)"". Luzerne County, PA Primary Election April 23, 2024. May 9, 2024. Retrieved June 1, 2024.

^ ""Unofficial Democratic Results"". Montgomery County, PA Primary Election - 2024. May 3, 2024. Retrieved June 1, 2024.

^ a b c ""Official Election Results"". Northampton County, PA 2024 Primary Election. Retrieved June 1, 2024.

^ a b ""OFFICIAL ELECTION RESULTS"". Lehigh County, PA April 2024 Primary Election. Retrieved June 1, 2024.

^ ""REPRESENTATIVE IN THE GENERAL ASSEMBLY 159TH DISTRICT"". Delaware County, PA Primary April 23, 2024. May 20, 2024. Retrieved June 2, 2024.

^ Cumberland County 2024a, p. 5.

^ ""11TH LEGISLATIVE 2024 PRESIDENTIAL PRIMARY April 23, 2024 OFFICIAL RESULTS BUTLER COUNTY"". Butler County, Pennsylvania. May 17, 2023. p. 2. Retrieved June 3, 2024.

^ Chester County 2024a, p. 11.

^ Chester County 2024a, p. 12.

^ ""2024 General Primary - Tuesday, April 23, 2024 Write-In Candidates - Highest Vote Totals"". Bucks County, Pennsylvania. Retrieved June 3, 2024.

^ ""Statement of Votes Cast by Geography Jurisdiction Wide, Gen'l Primary 4/23/24 -FINAL, Apr 23, 2024"". Bucks County, Pennsylvania. May 16, 2024. p. 2. Retrieved June 3, 2024.

^ ""REP REPRESENTATIVE IN THE GENERAL ASSEMBLY DISTRICT 32"". Allegheny County, PA 2024 General Primary. May 13, 2024. Retrieved June 3, 2024.

^ ""REP REPRESENTATIVE IN THE GENERAL ASSEMBLY DISTRICT 42"". Allegheny County, PA 2024 General Primary. May 13, 2024. Retrieved June 3, 2024.

^ ""REP REPRESENTATIVE IN THE GENERAL ASSEMBLY DISTRICT 45"". Allegheny County, PA 2024 General Primary. May 13, 2024. Retrieved June 3, 2024.

^ Greene County 2024, p. 8.

^ Washington County 2024, p. 14.

^ Westmoreland County 2024, p. 97.

^ ""Election Summary Report Closed Primary Clarion County April 23, 2024 COUNTY WIDE OFFICIAL RESULTS"" (PDF). Clarion County, Pennsylvania. May 6, 2024. p. 13. Retrieved June 4, 2024.

^ ""Election Summary Report Closed Primary Armstrong County Summary for: All Contests, All Districts, All Tabulators, All Counting Groups 2024 General Primary Election Official Results April 23, 2024"" (PDF). Armstrong County, Pennsylvania. May 13, 2024. p. 5. Retrieved June 4, 2024.

^ Montgomery County 2024a, p. 14.

^ ""Election Summary Results Report PRIMARY ELECTION April 23, 2024 OFFICIAL RESULTS ALL Results FINAL Huntingdon County"" (PDF). Huntingdon County, Pennsylvania. April 26, 2024. p. 7. Retrieved June 5, 2024.

^ ""BLAIR COUNTY, PENNSYLVANIA Primary Election April 23, 2024"" (PDF). Blair County, Pennsylvania. May 6, 2024. p. 6. Retrieved June 5, 2024.

^ ""Franklin County Board of Elections"". April 23rd, 2024 General Primary Election. Retrieved June 5, 2024.

^ ""REPRESENTATIVE IN THE GENERAL ASSEMBLY (DISTRICT 92) 2 YEAR TERM-REP"". York County, PA April 23, 2024 General Primary. May 13, 2024. Retrieved June 5, 2024.

^ ""APRIL 23RD GENERAL PRIMARY | REPRESENTATIVE IN THE GENERAL ASSEMBLY 100TH District"". Lancaster County, Pennsylvania. May 7, 2024. Retrieved June 5, 2024.

^ Lebanon County 2024, p. 6.

^ ""Election Summary Report COLUMBIA COUNTY PENNSYLVANIA GENERAL PRIMARY RESULTS"" (PDF). Columbia County, Pennsylvania. May 10, 2024. p. 3. Retrieved June 5, 2024.

^ ""Statement of Votes Cast by Geography Wyoming County , GENERAL PRIMARY 2024, Apt 23,2024 All Precincts, All Districts, All Counter Groups, All Scanstations, All Contests, All Boxes"" (PDF). Wyoming County, Pennsylvania. April 23, 2024. p. 2. Retrieved June 5, 2024.

^ ""Election Summary Report BRADFORD COUNTY, PENNSYLVANIA PRIMARY ELECTION APRIL 23, 2024 Primary Election Day FINAL"" (PDF). Bradford County, Pennsylvania. April 29, 2024. p. 3. Retrieved June 5, 2024.

^ ""REPRESENTATIVE IN THE GENERAL ASSEMBLY - 120TH DISTRICT (REP)"". Luzerne County, PA Primary Election April 23, 2024. May 9, 2024. Retrieved June 5, 2024.

^ ""REPRESENTATIVE IN THE GENERAL ASSEMBLY - 121ST DISTRICT (REP)"". Luzerne County, PA Primary Election April 23, 2024. May 9, 2024. Retrieved June 5, 2024.

^ Berks County 2024a, p. 11.

^ Berks County 2024a, p. 12.

^ Wayne County 2024, p. 3.

^ ""R - REPRESENTATIVE IN THE GENERAL ASSEMBLY 139 DISTRICT"". Pike County, PA 2024 General Primary Election. May 3, 2024. Retrieved June 7, 2024.

^ Montgomery County 2024a, p. 16.

^ Montgomery County 2024a, p. 17.

^ ""Delaware County, Pennsylvania General Primary Cumulative Results Write-in Resolution"" (PDF). Delaware County, Pennsylvania. May 1, 2024. pp. 55–59. Retrieved June 7, 2024.

^ ""2024 Presidential Election"". Pennsylvania Department of State. pp. 12–47. Retrieved February 16, 2024.

^ ""Pennsylvania Elections"". Pennsylvania Department of State. Retrieved June 7, 2024.

^ ""24 PA Forecast"". projects.cnalysis.com. Retrieved April 2, 2024.

^ ""2024 General Election November 5, 2024 | REPRESENTATIVE IN THE GENERAL ASSEMBLY - DISTRICT 1"". Erie County, Pennsylvania. November 22, 2024. Retrieved December 4, 2024.

^ ""2024 General Election November 5, 2024 | REPRESENTATIVE IN THE GENERAL ASSEMBLY - DISTRICT 2"". Erie County, Pennsylvania. November 22, 2024. Retrieved December 4, 2024.

^ ""2024 General Election November 5, 2024 | REPRESENTATIVE IN THE GENERAL ASSEMBLY - DISTRICT 3"". Erie County, Pennsylvania. November 22, 2024. Retrieved December 4, 2024.

^ ""2024 General Election November 5, 2024 | REPRESENTATIVE IN THE GENERAL ASSEMBLY - DISTRICT 4"". Erie County, Pennsylvania. November 22, 2024. Retrieved December 4, 2024.

^ a b c d Berks County 2024b, p. 5.

^ Crawford County 2024, p. 14.

^ ""2024 General Election November 5, 2024 | REPRESENTATIVE IN THE GENERAL ASSEMBLY - DISTRICT 6"". Erie County, Pennsylvania. November 22, 2024. Retrieved December 4, 2024.

^ a b ""Summary Results Report 2024 General Election November 5, 2024 OFFICIAL RESULTS Mercer"" (PDF). Mercer County, Pennsylvania. November 26, 2024. p. 3. Retrieved December 7, 2024.

^ Butler County 2024, p. 5.

^ a b ""Summary Results Report 2024 General November 5, 2024"" (PDF). Lawrence County, Pennsylvania. November 21, 2024. p. 4. Retrieved December 11, 2024.

^ a b c d e f g h i j k l m n o p q r s t ""State Rep"". Philadelphia Election Results. Philadelphia City Commissioners. November 22, 2024. Archived from the original on November 25, 2024. Retrieved November 25, 2024.

^ ""2024 Presidential Election (Official Returns) BUTLER"". electionreturns.pa.gov. Retrieved December 11, 2024.

^ a b Butler County 2024, p. 6.

^ a b c Chester County 2024b, p. 5.

^ a b c ""Summary Results Report 2024 General Election November 5, 2024 OFFICIAL RESULTS INCLUDING RECOUNT TOTALS Beaver County"" (PDF). Beaver County, Pennsylvania. November 22, 2024. p. 5. Retrieved December 14, 2024.

^ ""REPRESENTATIVE IN THE GENERAL ASSEMBLY 15TH DISTRICT"". Washington County, PA 2024 General Election. November 22, 2024. Retrieved December 14, 2024.

^ a b c d e f g h i j ""2024 General Election"". Bucks County, Pennsylvania. November 27, 2024. Retrieved December 19, 2024.

^ ""Representative in the General Assembly District 19"". Allegheny County, PA 2024 Presidential Election. November 27, 2024. Retrieved December 19, 2024.

^ ""Representative in the General Assembly District 20"". Allegheny County, PA 2024 Presidential Election. November 27, 2024. Retrieved December 19, 2024.

^ ""Representative in the General Assembly District 21"". Allegheny County, PA 2024 Presidential Election. November 27, 2024. Retrieved December 19, 2024.

^ a b c d e f g ""Official Election Results"". County of Lehigh, Pennsylvania November 2024 General Election. November 26, 2024. Retrieved December 22, 2024.

^ ""Representative in the General Assembly District 23"". Allegheny County, PA 2024 Presidential Election. November 27, 2024. Retrieved December 19, 2024.

^ ""Representative in the General Assembly District 24"". Allegheny County, PA 2024 Presidential Election. November 27, 2024. Retrieved December 19, 2024.

^ ""Representative in the General Assembly District 25"". Allegheny County, PA 2024 Presidential Election. November 27, 2024. Retrieved December 19, 2024.

^ ""Representative in the General Assembly District 27"". Allegheny County, PA 2024 Presidential Election. November 27, 2024. Retrieved December 19, 2024.

^ ""Representative in the General Assembly District 28"". Allegheny County, PA 2024 Presidential Election. November 27, 2024. Retrieved December 19, 2024.

^ ""Representative in the General Assembly District 30"". Allegheny County, PA 2024 Presidential Election. November 27, 2024. Retrieved December 19, 2024.

^ ""Representative in the General Assembly District 32"". Allegheny County, PA 2024 Presidential Election. November 27, 2024. Retrieved December 19, 2024.

^ ""Representative in the General Assembly District 33"". Allegheny County, PA 2024 Presidential Election. November 27, 2024. Retrieved December 19, 2024.

^ ""Representative in the General Assembly District 34"". Allegheny County, PA 2024 Presidential Election. November 27, 2024. Retrieved December 20, 2024.

^ ""Representative in the General Assembly District 35"". Allegheny County, PA 2024 Presidential Election. November 27, 2024. Retrieved December 20, 2024.

^ ""Representative in the General Assembly District 36"". Allegheny County, PA 2024 Presidential Election. November 27, 2024. Retrieved December 20, 2024.

^ a b c d e f g h i ""2024 General Election"". Lancaster County, Pennsylvania. November 22, 2024. Retrieved December 23, 2024.

^ ""Representative in the General Assembly District 38"". Allegheny County, PA 2024 Presidential Election. November 27, 2024. Retrieved December 20, 2024.

^ ""REPRESENTATIVE IN THE GENERAL ASSEMBLY 39TH DISTRICT"". Washington County, PA 2024 General Election. November 22, 2024. Retrieved December 15, 2024.

^ ""Representative in the General Assembly District 39"". Allegheny County, PA 2024 Presidential Election. November 27, 2024. Retrieved December 15, 2024.

^ ""REPRESENTATIVE IN THE GENERAL ASSEMBLY 40TH DISTRICT"". Washington County, PA 2024 General Election. November 22, 2024. Retrieved December 15, 2024.

^ ""Representative in the General Assembly District 40"". Allegheny County, PA 2024 Presidential Election. November 27, 2024. Retrieved December 15, 2024.

^ ""Representative in the General Assembly District 42"". Allegheny County, PA 2024 Presidential Election. November 27, 2024. Retrieved December 20, 2024.

^ ""Representative in the General Assembly District 44"". Allegheny County, PA 2024 Presidential Election. November 27, 2024. Retrieved December 20, 2024.

^ ""Representative in the General Assembly District 45"". Allegheny County, PA 2024 Presidential Election. November 27, 2024. Retrieved December 20, 2024.

^ ""Representative in the General Assembly District 46"". Allegheny County, PA 2024 Presidential Election. November 27, 2024. Retrieved December 15, 2024.

^ ""REPRESENTATIVE IN THE GENERAL ASSEMBLY 46TH DISTRICT"". Washington County, PA 2024 General Election. November 22, 2024. Retrieved December 15, 2024.

^ ""Representative In The General Assembly (District 47)"". York County, PA November 5th, 2024 General Election. November 22, 2024. Retrieved December 23, 2024.

^ ""REPRESENTATIVE IN THE GENERAL ASSEMBLY 48TH DISTRICT"". Washington County, PA 2024 General Election. November 22, 2024. Retrieved December 15, 2024.

^ ""2024 General Election"". Greene County, Pennsylvania. Retrieved December 15, 2024.

^ ""REPRESENTATIVE IN THE GENERAL ASSEMBLY 50TH DISTRICT"". Washington County, PA 2024 General Election. November 22, 2024. Retrieved December 15, 2024.

^ Jones, Mike (August 21, 2024). ""Democrats select Washington Co. farmer to challenge Rep. Cook in 50th House race"". Observer-Reporter. Retrieved December 15, 2024.

^ ""Representative in the General Assembly 51st District"". Fayette County, PA General Election November 5, 2024. November 27, 2024. Retrieved December 24, 2024.

^ ""Representative in the General Assembly 52nd District"". Fayette County, PA General Election November 5, 2024. November 27, 2024. Retrieved December 24, 2024.

^ a b Montgomery County 2024b, p. 5.

^ ""REPRESENTATIVE IN THE GENERAL ASSEMBLY 55th DISTRICT"". Westmoreland County, PA General Election November 5, 2024. November 25, 2024. Retrieved December 24, 2024.

^ ""REPRESENTATIVE IN THE GENERAL ASSEMBLY 56th DISTRICT"". Westmoreland County, PA General Election November 5, 2024. November 25, 2024. Retrieved December 24, 2024.

^ ""REPRESENTATIVE IN THE GENERAL ASSEMBLY 57th DISTRICT"". Westmoreland County, PA General Election November 5, 2024. November 25, 2024. Retrieved December 24, 2024.

^ ""REPRESENTATIVE IN THE GENERAL ASSEMBLY 58th DISTRICT"". Westmoreland County, PA General Election November 5, 2024. November 25, 2024. Retrieved December 24, 2024.

^ ""REPRESENTATIVE IN THE GENERAL ASSEMBLY 59th DISTRICT"". Westmoreland County, PA General Election November 5, 2024. November 25, 2024. Retrieved December 24, 2024.

^ ""REPRESENTATIVE IN THE GENERAL ASSEMBLY 60th DISTRICT"". Westmoreland County, PA General Election November 5, 2024. November 25, 2024. Retrieved December 24, 2024.

^ Armstrong County 2024, p. 3.

^ a b c d Montgomery County 2024b, p. 6.

^ Indiana County 2024, p. 18.

^ Armstrong County 2024, p. 4.

^ ""Election Summary Report"" (PDF). Clarion County, Pennsylvania. November 25, 2024. p. 5. Retrieved December 24, 2024.

^ Crawford County 2024, p. 15.

^ ""Election Summary Report - No Write-Ins Venango County General Election 2024 November 5, 2024"". Venango County, Pennsylvania. December 2, 2024. p. 4. Retrieved December 5, 2024.

^ Crawford County 2024, p. 16.

^ ""Election Summary Report General Election Warren County November 05, 2024 Summary for: All Contests, All Districts, All Tabulators, All Counting Groups UNOFFICIAL RESULT"". Warren County, Pennsylvania. November 8, 2024. p. 5. Retrieved December 5, 2024.

^ ""Forest County Pennsylvania 2024 General Municipal Election Results"" (PDF). Forest County, Pennsylvania. November 8, 2024. Retrieved December 5, 2024.

^ Indiana County 2024, p. 27.

^ ""Election Summary Report"" (PDF). Jefferson County, Pennsylvania. November 25, 2024. p. 10. Retrieved December 24, 2024.

^ ""2024 Presidential Election (Official Returns) POTTER"". electionreturns.pa.gov. Retrieved December 24, 2024.

^ ""2024 Presidential Election (Official Returns) McKEAN"". electionreturns.pa.gov. Retrieved December 24, 2024.

^ ""2024 Presidential Election (Official Returns) CAMERON"". electionreturns.pa.gov. Retrieved December 24, 2024.

^ ""Summary Results Report General Election November 5, 2024 Tioga County"" (PDF). Tioga County, Pennsylvania. November 19, 2024. p. 4. Retrieved December 24, 2024.

^ a b ""Election Detail Report BRADFORD COUNTY, PENNSYLVANIA GENERAL ELECTION NOVEMBER 5, 2024 Election Day FINAL RESULTS"" (PDF). Bradford County, Pennsylvania. November 13, 2024. p. 4. Retrieved December 24, 2024.

^ a b ""Summary Results Report 2024 General Presidential Election November 5, 2024 OFFICIAL RESULTS Somerset County"" (PDF). Somerset County, Pennsylvania. November 22, 2024. p. 3. Retrieved December 24, 2024.

^ ""REPRESENTATIVE IN THE GENERAL ASSEMBLY 71ST DISTRICT"". CAMBRIA COUNTY, PA ELECTIONS GENERAL ELECTION November 5, 2024. December 2, 2024. Retrieved December 24, 2024.

^ ""REPRESENTATIVE IN THE GENERAL ASSEMBLY 72ND DISTRICT"". CAMBRIA COUNTY, PA ELECTIONS GENERAL ELECTION November 5, 2024. December 2, 2024. Retrieved December 24, 2024.

^ ""REPRESENTATIVE IN THE GENERAL ASSEMBLY 73RD DISTRICT"". CAMBRIA COUNTY, PA ELECTIONS GENERAL ELECTION November 5, 2024. December 2, 2024. Retrieved December 24, 2024.

^ a b ""Summary Results Report 2024 General Election November 5, 2024 Clearfield County, PA"". Clearfield County, Pennsylvania. November 26, 2024. p. 5. Retrieved December 24, 2024.

^ ""Summary Results Report General Election 2024 November 5, 2024 Elk County, PA"" (PDF). Elk County, Pennsylvania. November 19, 2024. p. 11. Retrieved December 24, 2024.

^ ""Summary Results Report 2024 OFFICIAL GENERAL ELECTION November 5, 2024 Clinton County"". Clinton County, Pennsylvania. November 22, 2024. p. 5. Retrieved December 25, 2024.

^ a b c ""2024 Presidential Election (Official Returns) UNION"". electionreturns.pa.gov. Retrieved December 25, 2024.

^ a b c ""Summary Results Report Official Results CENTRE COUNTY NOVEMBER 5, 2024, GENERAL ELECTION"". Centre County, Pennsylvania. November 21, 2024. p. 3. Retrieved December 25, 2024.

^ ""2024 Presidential Election (Official Returns) FULTON"". electionreturns.pa.gov. Retrieved December 25, 2024.

^ ""2024 Presidential Election (Official Returns) BEDFORD"". electionreturns.pa.gov. Retrieved December 25, 2024.

^ a b ""BLAIR COUNTY, PENNSYLVANIA General Election November 5, 2024"" (PDF). Blair County, Pennsylvania. November 18, 2024. p. 3. Retrieved December 25, 2024.

^ a b ""Summary Results Report General Election November 5, 2024"" (PDF). Huntingdon County, Pennsylvania. November 27, 2024. p. 3. Retrieved December 25, 2024.

^ a b c ""November 5th, 2024 General Election"". Franklin County Board of Elections. Retrieved December 25, 2024.

^ a b ""Official Results November 5, 2024 General Election Lycoming County All Precincts, All Districts, All Counter Groups, All ScanStations, All Contests, All Boxes"" (PDF). Lycoming County, Pennsylvania. November 14, 2024. p. 2. Retrieved December 25, 2024.

^ ""Sullivan County Summary Report Sullivan County, PA_Sullivan_2024G, Nov 05, 2024 All Precincts, All Districts, All Counter Groups, All ScanStations, All Contests, All Boxes"" (PDF). Sullivan County, Pennsylvania. November 25, 2024. p. 1. Retrieved December 25, 2024.

^ a b ""2024 Presidential Election (Official Returns) MIFFLIN"". electionreturns.pa.gov. Retrieved December 25, 2024.

^ a b ""2024 Presidential Election (Official Returns) JUNIATA"". electionreturns.pa.gov. Retrieved December 25, 2024.

^ ""2024 Presidential Election (Official Returns) SNYDER"". electionreturns.pa.gov. Retrieved December 25, 2024.

^ ""2024 Presidential Election (Official Returns) PERRY"". electionreturns.pa.gov. Retrieved December 25, 2024.

^ a b Cumberland County 2024b, p. 4.

^ Adams County 2024, p. 5.

^ ""Representative In The General Assembly (District 92)"". York County, PA November 5th, 2024 General Election. November 22, 2024. Retrieved November 26, 2024.

^ ""Representative In The General Assembly (District 93)"". York County, PA November 5th, 2024 General Election. November 22, 2024. Retrieved November 26, 2024.

^ ""Representative In The General Assembly (District 94)"". York County, PA November 5th, 2024 General Election. November 22, 2024. Retrieved November 26, 2024.

^ ""Representative In The General Assembly (District 95)"". York County, PA November 5th, 2024 General Election. November 22, 2024. Retrieved November 26, 2024.

^ a b c ""Summary Results Report Lebanon November 5, 2024"" (PDF). Lebanon County, Pennsylvania. November 15, 2024. p. 3. Retrieved December 23, 2024.

^ a b c Cumberland County 2024b, p. 5.

^ ""2024 Presidential General Election Results | REPRESENTATIVE IN THE GENERAL ASSEMBLY - HD103 ( Vote For 1 )"". Dauphin County, Pennsylvania. November 18, 2024. Retrieved December 26, 2024.

^ ""2024 Presidential General Election Results | REPRESENTATIVE IN THE GENERAL ASSEMBLY - HD104 ( Vote For 1 )"". Dauphin County, Pennsylvania. November 18, 2024. Retrieved December 26, 2024.

^ ""2024 Presidential General Election Results | REPRESENTATIVE IN THE GENERAL ASSEMBLY - HD105 ( Vote For 1 )"". Dauphin County, Pennsylvania. November 18, 2024. Retrieved December 26, 2024.

^ ""2024 Presidential General Election Results | REPRESENTATIVE IN THE GENERAL ASSEMBLY - HD106 ( Vote For 1 )"". Dauphin County, Pennsylvania. November 18, 2024. Retrieved December 26, 2024.

^ a b c Schuylkill County 2024, p. 5.

^ a b ""Election Summary Results Report 2024 General Election November 5, 2024 Northumberland County"" (PDF). Northumberland County, Pennsylvania. December 4, 2024. p. 4. Retrieved December 23, 2024.

^ ""Summary Results Report General Election November 5, 2024 Montour County"" (PDF). Montour County, Pennsylvania. November 13, 2024. p. 8. Retrieved December 23, 2024.

^ ""Election Detail Report Columbia County, Pennsylvania General Election November 5, 2024"" (PDF). Columbia County. November 13, 2024. p. 4. Retrieved December 26, 2024.

^ ""2024-Official-November-Presidential"" (PDF). Wyoming County, Pennsylvania. November 21, 2024. p. 2. Retrieved December 24, 2024.

^ ""Election Summary Report SUSQUEHANNA COUNTY, PA GENERAL ELECTION NOVEMBER 5, 2024 Election Day OFFICIAL RESULTS"" (PDF). Susquehanna County, Pennsylvania. November 20, 2024. p. 2. Retrieved December 26, 2024.

^ a b ""Statement of Votes Cast by Geography WAYNE COUNTY, NOVEMBER 5, 2024 GENERAL ELECTION, Nov 05, 2024"". Wayne County, Pennsylvania. November 14, 2024. p. 2. Retrieved December 26, 2024.

^ a b Lackawanna County 2024, p. 2.

^ a b Lackawanna County 2024, p. 3.

^ a b c ""2024 Presidential Election (Official Returns) MONROE"". electionreturns.pa.gov. Retrieved December 26, 2024.

^ ""Representative in the General Assembly 116th District"". Luzerne County PA General Election November 5, 2024. December 3, 2024. Retrieved December 23, 2024.

^ ""Representative in the General Assembly 117th District"". Luzerne County PA General Election November 5, 2024. December 3, 2024. Retrieved December 23, 2024.

^ ""Representative in the General Assembly 118th District"". Luzerne County, PA General Election November 5, 2024. December 3, 2024. Retrieved December 23, 2024.

^ ""Representative in the General Assembly 119th District"". Luzerne County, PA General Election November 5, 2024. December 3, 2024. Retrieved December 23, 2024.

^ ""Representative in the General Assembly 120th District"". Luzerne County PA General Election November 5, 2024. December 3, 2024. Retrieved December 24, 2024.

^ ""Representative in the General Assembly 121st District"". Luzerne County, PA General Election November 5, 2024. December 3, 2024. Retrieved December 24, 2024.

^ ""Election Summary Report"" (PDF). Carbon County, Pennsylvania. November 26, 2024. p. 8.

^ Schuylkill County 2024, p. 6.

^ ""2024 Presidential General Election Results | REPRESENTATIVE IN THE GENERAL ASSEMBLY - HD125 ( Vote For 1 )"". Dauphin County, Pennsylvania. November 18, 2024. Retrieved December 26, 2024.

^ a b c d Berks County 2024b, p. 6.

^ a b c d e f ""Live Election Results Northampton County, PA"". Official Election Results. December 5, 2024. Retrieved December 22, 2024.

^ ""GENERAL ASSEMBLY DISTRICT 139"". Pike County, PA 2024 General Election. December 3, 2024. Retrieved December 26, 2024.

^ a b c d Montgomery County 2024b, p. 7.

^ a b c d Montgomery County 2024b, p. 8.

^ a b c d Chester County 2024b, p. 6.

^ ""Representative in the General Assembly 159th District"". Delaware County, PA 2024 General Election. November 22, 2024. Retrieved December 13, 2024.

^ a b Chester County 2024b, p. 7.

^ ""Representative in the General Assembly 160th District"". Delaware County, PA 2024 General Election. November 22, 2024. Retrieved December 13, 2024.

^ ""Representative in the General Assembly 161st District"". Delaware County, PA 2024 General Election. November 22, 2024. Retrieved December 13, 2024.

^ ""Representative in the General Assembly 162nd District"". Delaware County, PA 2024 General Election. November 22, 2024. Retrieved December 13, 2024.

^ ""Representative in the General Assembly 163rd District"". Delaware County, PA 2024 General Election. November 22, 2024. Retrieved December 13, 2024.

^ ""Representative in the General Assembly 164th District"". Delaware County, PA 2024 General Election. November 22, 2024. Retrieved December 13, 2024.

^ ""Representative in the General Assembly 165th District"". Delaware County, PA 2024 General Election. November 22, 2024. Retrieved December 14, 2024.

^ ""Representative in the General Assembly 166th District"". Delaware County, PA 2024 General Election. November 22, 2024. Retrieved December 14, 2024.

^ ""Representative in the General Assembly 168th District"". Delaware County, PA 2024 General Election. November 22, 2024. Retrieved December 14, 2024.

^ ""Representative In The General Assembly (District 169)"". York County, PA November 5th, 2024 General Election. November 22, 2024. Retrieved November 26, 2024.

^ ""Representative in the General Assembly 185th District"". Delaware County, PA 2024 General Election. November 22, 2024. Retrieved December 12, 2024.

^ ""GENERAL ASSEMBLY DISTRICT 189"". Pike County, PA 2024 General Election. December 3, 2024. Retrieved December 26, 2024.

^ ""Representative in the General Assembly 191st District"". Delaware County, PA 2024 General Election. November 22, 2024. Retrieved December 12, 2024.

^ Adams County 2024, p. 6.

^ ""Representative In The General Assembly (District 196)"". York County, PA November 5th, 2024 General Election. November 22, 2024. Retrieved November 26, 2024.

^ a b c d e f ""2024 Presidential Election (Official Returns) PHILADELPHIA"". electionreturns.pa.gov. Retrieved December 12, 2024.

","
 
 joanna mcclinton a 
democratic
 joanna mcclinton
democratic
 the      elections for the pennsylvania house of representatives were held on november          with all districts up for election  the term of office for those elected in      began when the house of representatives convenes in january       pennsylvania state representatives are elected for two year terms  with all     seats up for election every two years   the primary elections to choose the respective parties  nominees took place on april     
 on february          the democratic party affirmed its first majority in the chamber since      after winning three special elections   the      elections saw no change in the partisan makeup of the house  with the democrats maintaining a one seat majority despite losing the popular vote   
 democrat john galloway was elected magisterial district judge unopposed  succeeding district judge jan vislosky upon her retirement   house speaker joanna mcclinton scheduled a special election for february          
 democratic nominee and pennsbury school board member jim prokopiak defeated republican nominee candace cabanas of falls township   
 republican joseph adams resigned from the house on february           a special election was held on april      sterling township supervisor jeffrey olsommer  the republican nominee  defeated former pike county area agency on aging chair robin skibber  the democratic nominee  
 democrat donna bullock resigned on july     a special election was held on september      democratic   th philadelphia ward leader keith harris was the only candidate on the ballot  
 democrat stephen kinsey resigned on july     a special election was held on september      democrat andre carroll was the only candidate on the ballot  
 
 source   
 districts where the margin of victory was under     
","['joanna', 'mcclinton', 'democratic', 'joanna', 'mcclinton', 'democratic', 'elections', 'pennsylvania', 'house', 'representatives', 'held', 'november', 'districts', 'election', 'term', 'office', 'elected', 'began', 'house', 'representatives', 'convenes', 'january', 'pennsylvania', 'state', 'representatives', 'elected', 'two', 'year', 'terms', 'seats', 'election', 'every', 'two', 'years', 'primary', 'elections', 'choose', 'respective', 'parties', 'nominees', 'took', 'place', 'april', 'february', 'democratic', 'party', 'affirmed', 'first', 'majority', 'chamber', 'since', 'winning', 'three', 'special', 'elections', 'elections', 'saw', 'change', 'partisan', 'makeup', 'house', 'democrats', 'maintaining', 'one', 'seat', 'majority', 'despite', 'losing', 'popular', 'vote', 'democrat', 'john', 'galloway', 'elected', 'magisterial', 'district', 'judge', 'unopposed', 'succeeding', 'district', 'judge', 'jan', 'vislosky', 'upon', 'retirement', 'house', 'speaker', 'joanna', 'mcclinton', 'scheduled', 'special', 'election', 'february', 'democratic', 'nominee', 'pennsbury', 'school', 'board', 'member', 'jim', 'prokopiak', 'defeated', 'republican', 'nominee', 'candace', 'cabanas', 'falls', 'township', 'republican', 'joseph', 'adams', 'resigned', 'house', 'february', 'special', 'election', 'held', 'april', 'sterling', 'township', 'supervisor', 'jeffrey', 'olsommer', 'republican', 'nominee', 'defeated', 'former', 'pike', 'county', 'area', 'agency', 'aging', 'chair', 'robin', 'skibber', 'democratic', 'nominee', 'democrat', 'donna', 'bullock', 'resigned', 'july', 'special', 'election', 'held', 'september', 'democratic', 'philadelphia', 'ward', 'leader', 'keith', 'harris', 'candidate', 'ballot', 'democrat', 'stephen', 'kinsey', 'resigned', 'july', 'special', 'election', 'held', 'september', 'democrat', 'andre', 'carroll', 'candidate', 'ballot', 'source', 'districts', 'margin', 'victory']"
Argeneuthria,"
 See text
 Argeneuthria is a genus of sea snails, marine gastropod mollusks in the family Prosiphonidae, the true whelks.[1]
 Species within the genus Argeneuthria include:
 
 This Buccinoidea-related article is a stub. You can help Wikipedia by adding missing information.","
^ MolluscaBase eds. (2020). MolluscaBase. Argeneuthria Pastorino, 2016. Accessed through: World Register of Marine Species at: http://www.marinespecies.org/aphia.php?p=taxdetails&id=889667 on 2020-05-26

","
 see text
 argeneuthria is a genus of sea snails  marine gastropod mollusks in the family prosiphonidae  the true whelks  
 species within the genus argeneuthria include 
 
 this buccinoidea related article is a stub  you can help wikipedia by adding missing information ","['see', 'text', 'argeneuthria', 'genus', 'sea', 'snails', 'marine', 'gastropod', 'mollusks', 'family', 'prosiphonidae', 'true', 'whelks', 'species', 'within', 'genus', 'argeneuthria', 'include', 'buccinoidea', 'related', 'article', 'stub', 'help', 'wikipedia', 'adding', 'missing', 'information']"
Jörg Bastuck,"Jörg Bastuck (4 September 1969 in Dillingen, Saarland, Germany – 24 March 2006 in Salou, Spain) was a German co-driver in the Junior World Rally Championship. He was killed in an accident during the 2006 Rally of Catalunya.
 Bastuck had originally competed in rallying as a driver, starting from 1991. He drove a variety of Volkswagen Golf rally cars in national events in Germany, such as the ADAC Rallye Nürburgring. His final race drive came in 1995, finishing 2nd in class at the Litermont Rallye with Lars Mysliwietz as his co-driver.[1]
 His first appearance as a co-driver came in 1992, alongside Rudi Schulz in a Opel Corsa A GSi. He continued working with several German drivers through 1993 until 1995 in a variety of Opel rally cars at national events. Sporadic appearances continued until 1997. He returned as co-driver in 2001 to Mysliwietz, switching places from their last appearance together in 1995. Initially the pair raced a Seat Ibiza Cupra, later switching to a Honda Civic, racing together until the end of the 2004 German rallying season.[2]
 For 2005, Bastuck switched to racing alongside Florian Auer and the Mitsubishi team. Their best result came at the ADAC Ruperti Rallye, where the pair finished first in class and second overall. Bastuck and Auer teamed up for the 2006 ADAC Bayern Rallye Oberland in March.[3]
 The following week, Bastuck joined compatriot Aaron Burkart to compete in the 2006 Junior World Rally Championship round in Catalunya. The pair competed for the OMV Rally team in a Citroën C2 GT.
 On the opening day of the 2006 Rally of Catalunya, Burkart crashed the pair's Citroën on the El Montmell stage, SS2. Their car slid off the track into a ditch. Bastuck left the vehicle to change a damaged tire on the C2 Super 1600. He was struck by the Ford Fiesta ST of Barry Clark (co-driven by Scott Martin), who crashed at exactly the same spot. Bastuck was left pinned between the two vehicles.  He was airlifted from the course to the Joan XXIII Hospital in Tarragona, where he was pronounced dead. The other drivers, and co-driver Martin escaped without injury.[4][5]
 The organisers confirmed via statement that celebrations at the end of the rally would be cancelled as a mark of respect. The Head of Sponsorship for OMV, Brigitte Muhlwisch, paid tribute to Bastuck ""Jörg Bastuck's death is a tragic loss to all of us. Our thoughts and sympathies go to his family.""[6] Meanwhile, Luis Moya of the Subaru World Rally Team added ""We were deeply saddened to hear that Jörg Bastuck died of his injuries from the accident on SS2 and our thoughts and sympathies go out to his friends and family at this time"".[7]
 
 This biographical article related to German auto racing is a stub. You can help Wikipedia by adding missing information. This biographical article related to European rallying is a stub. You can help Wikipedia by adding missing information.","
^ ""Bastuck eWRC results"". ewrc-results.com.

^ ""Bastuck eWRC results"". ewrc-results.com.

^ ""7 Litermont Rallye 1995"". ewrc-results.com.

^ ""Co-driver dies in rally accident"". BBC Sport. 24 March 2006. Retrieved 4 October 2010.

^ ""German co-driver's death in Spain raises safety fears"". theguardian.com.

^ ""JWRC: Co-driver dies following Catalunya incident"". crash.net.

^ ""WRC world pauses to remember fallen co-driver"". crash.net.

","j rg bastuck    september      in dillingen  saarland  germany      march      in salou  spain  was a german co driver in the junior world rally championship  he was killed in an accident during the      rally of catalunya 
 bastuck had originally competed in rallying as a driver  starting from       he drove a variety of volkswagen golf rally cars in national events in germany  such as the adac rallye n rburgring  his final race drive came in       finishing  nd in class at the litermont rallye with lars mysliwietz as his co driver  
 his first appearance as a co driver came in       alongside rudi schulz in a opel corsa a gsi  he continued working with several german drivers through      until      in a variety of opel rally cars at national events  sporadic appearances continued until       he returned as co driver in      to mysliwietz  switching places from their last appearance together in       initially the pair raced a seat ibiza cupra  later switching to a honda civic  racing together until the end of the      german rallying season  
 for       bastuck switched to racing alongside florian auer and the mitsubishi team  their best result came at the adac ruperti rallye  where the pair finished first in class and second overall  bastuck and auer teamed up for the      adac bayern rallye oberland in march  
 the following week  bastuck joined compatriot aaron burkart to compete in the      junior world rally championship round in catalunya  the pair competed for the omv rally team in a citro n c  gt 
 on the opening day of the      rally of catalunya  burkart crashed the pair s citro n on the el montmell stage  ss   their car slid off the track into a ditch  bastuck left the vehicle to change a damaged tire on the c  super       he was struck by the ford fiesta st of barry clark  co driven by scott martin   who crashed at exactly the same spot  bastuck was left pinned between the two vehicles   he was airlifted from the course to the joan xxiii hospital in tarragona  where he was pronounced dead  the other drivers  and co driver martin escaped without injury   
 the organisers confirmed via statement that celebrations at the end of the rally would be cancelled as a mark of respect  the head of sponsorship for omv  brigitte muhlwisch  paid tribute to bastuck  j rg bastuck s death is a tragic loss to all of us  our thoughts and sympathies go to his family    meanwhile  luis moya of the subaru world rally team added  we were deeply saddened to hear that j rg bastuck died of his injuries from the accident on ss  and our thoughts and sympathies go out to his friends and family at this time   
 
 this biographical article related to german auto racing is a stub  you can help wikipedia by adding missing information  this biographical article related to european rallying is a stub  you can help wikipedia by adding missing information ","['bastuck', 'september', 'dillingen', 'saarland', 'germany', 'march', 'salou', 'spain', 'german', 'driver', 'junior', 'world', 'rally', 'championship', 'killed', 'accident', 'rally', 'catalunya', 'bastuck', 'originally', 'competed', 'rallying', 'driver', 'starting', 'drove', 'variety', 'volkswagen', 'golf', 'rally', 'cars', 'national', 'events', 'germany', 'adac', 'rallye', 'rburgring', 'final', 'race', 'drive', 'came', 'finishing', 'class', 'litermont', 'rallye', 'lars', 'mysliwietz', 'driver', 'first', 'appearance', 'driver', 'came', 'alongside', 'rudi', 'schulz', 'opel', 'corsa', 'gsi', 'continued', 'working', 'several', 'german', 'drivers', 'variety', 'opel', 'rally', 'cars', 'national', 'events', 'sporadic', 'appearances', 'continued', 'returned', 'driver', 'mysliwietz', 'switching', 'places', 'last', 'appearance', 'together', 'initially', 'pair', 'raced', 'seat', 'ibiza', 'cupra', 'later', 'switching', 'honda', 'civic', 'racing', 'together', 'end', 'german', 'rallying', 'season', 'bastuck', 'switched', 'racing', 'alongside', 'florian', 'auer', 'mitsubishi', 'team', 'best', 'result', 'came', 'adac', 'ruperti', 'rallye', 'pair', 'finished', 'first', 'class', 'second', 'overall', 'bastuck', 'auer', 'teamed', 'adac', 'bayern', 'rallye', 'oberland', 'march', 'following', 'week', 'bastuck', 'joined', 'compatriot', 'aaron', 'burkart', 'compete', 'junior', 'world', 'rally', 'championship', 'round', 'catalunya', 'pair', 'competed', 'omv', 'rally', 'team', 'citro', 'opening', 'day', 'rally', 'catalunya', 'burkart', 'crashed', 'pair', 'citro', 'montmell', 'stage', 'car', 'slid', 'track', 'ditch', 'bastuck', 'left', 'vehicle', 'change', 'damaged', 'tire', 'super', 'struck', 'ford', 'fiesta', 'barry', 'clark', 'driven', 'scott', 'martin', 'crashed', 'exactly', 'spot', 'bastuck', 'left', 'pinned', 'two', 'vehicles', 'airlifted', 'course', 'joan', 'xxiii', 'hospital', 'tarragona', 'pronounced', 'dead', 'drivers', 'driver', 'martin', 'escaped', 'without', 'injury', 'organisers', 'confirmed', 'via', 'statement', 'celebrations', 'end', 'rally', 'would', 'cancelled', 'mark', 'respect', 'head', 'sponsorship', 'omv', 'brigitte', 'muhlwisch', 'paid', 'tribute', 'bastuck', 'bastuck', 'death', 'tragic', 'loss', 'thoughts', 'sympathies', 'family', 'meanwhile', 'luis', 'moya', 'subaru', 'world', 'rally', 'team', 'added', 'deeply', 'saddened', 'hear', 'bastuck', 'died', 'injuries', 'accident', 'thoughts', 'sympathies', 'friends', 'family', 'time', 'biographical', 'article', 'related', 'german', 'auto', 'racing', 'stub', 'help', 'wikipedia', 'adding', 'missing', 'information', 'biographical', 'article', 'related', 'european', 'rallying', 'stub', 'help', 'wikipedia', 'adding', 'missing', 'information']"
Pseudogonatodes gasconi,"
 Pseudogonatodes gasconi is a species of lizard in the family Sphaerodactylidae. The species is endemic to Brazil.
 The specific name, gasconi, is in honor of Canadian ecologist Claude Gascon.[2]
 P. gasconi is known from the Brazilian state of Acre.[3]
 The preferred natural habitat of P. gasconi is forest.[1]
 The holotype of P. gasconi has a snout-to-vent length of 24 mm (0.94 in), and a tail length of 21 mm (0.83 in).[1]
 P. gasconi is oviparous.[3]
 
 
 This article about a gecko is a stub. You can help Wikipedia by adding missing information.","
^ a b c Colli GR et al. (25 authors) (2019). ""Pseudogonatodes gasconi "". The IUCN Red List of Threatened Species 2019: https://dx.doi.org./10.2305/IUCN.UK.2019-1.RLTS.T44579483A44579485.pt. Accessed on 08 July 2023. (in English and Portuguese).

^ Beolens, Bo; Watkins, Michael; Grayson, Michael (2011). The Eponym Dictionary of Reptiles. Baltimore: Johns Hopkins University Press. xiii + 296 pp. ISBN 978-1-4214-0135-5. (Pseudogonatodes gasconi, p. 98).

^ a b Pseudogonatodes gasconi at the Reptarium.cz Reptile Database. Accessed 24 February 2019.

","
 pseudogonatodes gasconi is a species of lizard in the family sphaerodactylidae  the species is endemic to brazil 
 the specific name  gasconi  is in honor of canadian ecologist claude gascon  
 p  gasconi is known from the brazilian state of acre  
 the preferred natural habitat of p  gasconi is forest  
 the holotype of p  gasconi has a snout to vent length of    mm       in   and a tail length of    mm       in   
 p  gasconi is oviparous  
 
 
 this article about a gecko is a stub  you can help wikipedia by adding missing information ","['pseudogonatodes', 'gasconi', 'species', 'lizard', 'family', 'sphaerodactylidae', 'species', 'endemic', 'brazil', 'specific', 'name', 'gasconi', 'honor', 'canadian', 'ecologist', 'claude', 'gascon', 'gasconi', 'known', 'brazilian', 'state', 'acre', 'preferred', 'natural', 'habitat', 'gasconi', 'forest', 'holotype', 'gasconi', 'snout', 'vent', 'length', 'tail', 'length', 'gasconi', 'oviparous', 'article', 'gecko', 'stub', 'help', 'wikipedia', 'adding', 'missing', 'information']"
Thundergate,"
 Thundergate is a 1923 American drama film directed by Joseph De Grasse and written by Perry N. Vekroff. The film stars Owen Moore, Virginia Brown Faire, Edwin B. Tilton, Sylvia Breamer, Robert McKim, and Richard Cummings. The film was released on October 15, 1923, by Associated First National Pictures.[1][2][3]
 A print of Thundergate is held by the Archives Du Film Du CNC in Bois d'Arcy.[4]
","
^ ""Thundergate (1923) - Overview"". Turner Classic Movies. Archived from the original on September 29, 2018. Retrieved September 29, 2018.

^ Janiss Garza. ""Thundergate (1923) - Joseph de Grasse"". AllMovie. Retrieved September 29, 2018.

^ ""Thundergate"". Catalog.afi.com. Retrieved September 29, 2018.

^ Library of Congress American Silent Feature Film Survival Database: Thundergate

","
 thundergate is a      american drama film directed by joseph de grasse and written by perry n  vekroff  the film stars owen moore  virginia brown faire  edwin b  tilton  sylvia breamer  robert mckim  and richard cummings  the film was released on october           by associated first national pictures    
 a print of thundergate is held by the archives du film du cnc in bois d arcy  
","['thundergate', 'american', 'drama', 'film', 'directed', 'joseph', 'grasse', 'written', 'perry', 'vekroff', 'film', 'stars', 'owen', 'moore', 'virginia', 'brown', 'faire', 'edwin', 'tilton', 'sylvia', 'breamer', 'robert', 'mckim', 'richard', 'cummings', 'film', 'released', 'october', 'associated', 'first', 'national', 'pictures', 'print', 'thundergate', 'held', 'archives', 'film', 'cnc', 'bois', 'arcy']"
Vuelta a los Valles Mineros,"The Vuelta a los Valles Mineros was a road bicycle race held annually in Asturias, Spain from 1965 until 1997.[1][2]
 In 2021, 24 years after its last professional edition in 1997, the race was revived as a cadet category competition.[3]
 
 This cycling race article related to Spanish cycling is a stub. You can help Wikipedia by adding missing information.","
^ ""Vuelta a los Valles Mineros"". ProCyclingStats. Retrieved 4 May 2020.

^ ""Vuelta a los Valles Mineros"". Memoire-du-cyclisme. Archived from the original on 3 March 2016. Retrieved 4 May 2020.

^ P, J. (2021-06-22). ""Comienza hoy la Vuelta a los Valles Mineros"". La Nueva España (in Spanish). Retrieved 2025-04-11.

","the vuelta a los valles mineros was a road bicycle race held annually in asturias  spain from      until        
 in          years after its last professional edition in       the race was revived as a cadet category competition  
 
 this cycling race article related to spanish cycling is a stub  you can help wikipedia by adding missing information ","['vuelta', 'los', 'valles', 'mineros', 'road', 'bicycle', 'race', 'held', 'annually', 'asturias', 'spain', 'years', 'last', 'professional', 'edition', 'race', 'revived', 'cadet', 'category', 'competition', 'cycling', 'race', 'article', 'related', 'spanish', 'cycling', 'stub', 'help', 'wikipedia', 'adding', 'missing', 'information']"
AE,"AE, Ae, ae, aE, Æ or æ may refer to:
",,"ae  ae  ae  ae    or   may refer to 
","['may', 'refer']"
Snarki,"Snarki [ˈsnarki] is a village in the administrative district of Gmina Gielniów, within Przysucha County, Masovian Voivodeship, in east-central Poland.[1]
 
 This Przysucha County location article is a stub. You can help Wikipedia by adding missing information.","
^ ""Główny Urząd Statystyczny"" [Central Statistical Office] (in Polish). To search: Select ""Miejscowości (SIMC)"" tab, select ""fragment (min. 3 znaki)"" (minimum 3 characters), enter town name in the field below, click ""WYSZUKAJ"" (Search).

","snarki   snarki  is a village in the administrative district of gmina gielni w  within przysucha county  masovian voivodeship  in east central poland  
 
 this przysucha county location article is a stub  you can help wikipedia by adding missing information ","['snarki', 'snarki', 'village', 'administrative', 'district', 'gmina', 'gielni', 'within', 'przysucha', 'county', 'masovian', 'voivodeship', 'east', 'central', 'poland', 'przysucha', 'county', 'location', 'article', 'stub', 'help', 'wikipedia', 'adding', 'missing', 'information']"
Grand Theft Bus,"Grand Theft Bus is a Canadian band based in Fredericton, New Brunswick, Canada.[2] The group is known for incorporating multiple genres into their music and for performing extended improvisational sections during live shows.
 Formed in 2000, the band consists of Tim Walker (guitar, vocals), Graeme Walker (bass, vocals), Dennis Goodwin (guitar, synths, vocals), and Bob Deveau (drums and electronics).[3] Their first album, Birth of Confusion, was released in 2003.[4]
 Grand Theft Bus are a sonically dynamic group with an eclectic blend of songs ranging from pop to prog, heavy and intense to light and fluffy, quirky nonsense to meaningful melodrama.[5]
 The band regularly plays New Brunswick's Evolve Festival, as well as the Harvest Jazz and Blues Festival.[6]
 A mockumentary about the band, Rubarbicon, was filmed by independent filmmaker Greg Hemmings and released in 2006.[citation needed]
 The band recorded its 2008 album, Made Upwards, in the main dining room of New Brunswick's lieutenant-governor's mansion.[6]
 The band has received the Newcap Radio Alternative Recording of the Year for their album Made Upwards.[7]
 Synth player Brad Perry joined the band in 2010. Their album Distracted Tracks appeared on the !earshot National Top 50 Chart in December 2015.[8]
","
^ ""Fredericton-born Forward Music Group celebrates 10 years"". CBC News, Bob Mersereau,  Apr 24, 2017

^ ""Grand Theft Bus / Elliott Brood The Casbah, Hamilton ON – October 7, 2005"". Exclaim!, By Shain Shapiro Nov 01, 2005

^ ""Canadian musicians Grand Theft Bus Archived 2007-09-29 at the Wayback Machine"", Canadian Geographic, December 2005. Retrieved on 2008-08-11.

^ ""Grand Theft Bus Birth Of Confusion"". Exclaim!, By Marco Ursi Jun 01, 2003

^ ""Grand Theft Bus"". NOW Toronto, by Dylan Young May 13, 2004

^ a b Mersereau, Bob. ""Bigger music, a bigger bus; Music Fredericton's Grand Theft Bus launches new CD it recorded at the lieutenant-governor's home"", Telegraph-Journal, 2008-03-26, p. D1.

^ http://www.ecma.com/news.asp?section=&id=37 Archived 2009-03-23 at the Wayback Machine Grand Theft Bus at the ECMA awards.

^ ""The National Top 50 For the Week Ending: Tuesday, December 22, 2015"". !earshot.

","grand theft bus is a canadian band based in fredericton  new brunswick  canada   the group is known for incorporating multiple genres into their music and for performing extended improvisational sections during live shows 
 formed in       the band consists of tim walker  guitar  vocals   graeme walker  bass  vocals   dennis goodwin  guitar  synths  vocals   and bob deveau  drums and electronics    their first album  birth of confusion  was released in       
 grand theft bus are a sonically dynamic group with an eclectic blend of songs ranging from pop to prog  heavy and intense to light and fluffy  quirky nonsense to meaningful melodrama  
 the band regularly plays new brunswick s evolve festival  as well as the harvest jazz and blues festival  
 a mockumentary about the band  rubarbicon  was filmed by independent filmmaker greg hemmings and released in       citation needed 
 the band recorded its      album  made upwards  in the main dining room of new brunswick s lieutenant governor s mansion  
 the band has received the newcap radio alternative recording of the year for their album made upwards  
 synth player brad perry joined the band in       their album distracted tracks appeared on the  earshot national top    chart in december       
","['grand', 'theft', 'bus', 'canadian', 'band', 'based', 'fredericton', 'new', 'brunswick', 'canada', 'group', 'known', 'incorporating', 'multiple', 'genres', 'music', 'performing', 'extended', 'improvisational', 'sections', 'live', 'shows', 'formed', 'band', 'consists', 'tim', 'walker', 'guitar', 'vocals', 'graeme', 'walker', 'bass', 'vocals', 'dennis', 'goodwin', 'guitar', 'synths', 'vocals', 'bob', 'deveau', 'drums', 'electronics', 'first', 'album', 'birth', 'confusion', 'released', 'grand', 'theft', 'bus', 'sonically', 'dynamic', 'group', 'eclectic', 'blend', 'songs', 'ranging', 'pop', 'prog', 'heavy', 'intense', 'light', 'fluffy', 'quirky', 'nonsense', 'meaningful', 'melodrama', 'band', 'regularly', 'plays', 'new', 'brunswick', 'evolve', 'festival', 'well', 'harvest', 'jazz', 'blues', 'festival', 'mockumentary', 'band', 'rubarbicon', 'filmed', 'independent', 'filmmaker', 'greg', 'hemmings', 'released', 'citation', 'needed', 'band', 'recorded', 'album', 'made', 'upwards', 'main', 'dining', 'room', 'new', 'brunswick', 'lieutenant', 'governor', 'mansion', 'band', 'received', 'newcap', 'radio', 'alternative', 'recording', 'year', 'album', 'made', 'upwards', 'synth', 'player', 'brad', 'perry', 'joined', 'band', 'album', 'distracted', 'tracks', 'appeared', 'earshot', 'national', 'top', 'chart', 'december']"
Edmund Copeland,"
 Edmund ""Ed"" J. Copeland (/ˈkoʊplənd/) is a theoretical physicist, cosmologist, and professor of physics working in the Faculty of Science at the University of Nottingham, United Kingdom.[1] Copeland won the 2013 Rayleigh Medal and Prize awarded by the Institute of Physics for his work on particle/string cosmology.[2] He obtained his PhD from the University of Newcastle upon Tyne in 1985, with the thesis Quantum Aspects of Kaluza–Klein Cosmologies.[3]
 Copeland is well known for his appearances on the physics-popularizing YouTube channel Sixty Symbols, as well as the mathematics-popularizing channel Numberphile.
 
 This article about a physicist of the United Kingdom is a stub. You can help Wikipedia by adding missing information.","
^ ""Edmund Copeland"". School of Physics and Astronomy, University of Nottingham. Retrieved 21 February 2020.

^ ""2013 Rayleigh Medal and Prize"". Institute of Physics. Retrieved 3 October 2014.

^ Copeland, E. J. (1985). Quantum aspects of Kaluza-Klein cosmologies (Ph.D. thesis). University of Newcastle upon Tyne.[permanent dead link]

","
 edmund  ed  j  copeland    ko pl nd   is a theoretical physicist  cosmologist  and professor of physics working in the faculty of science at the university of nottingham  united kingdom   copeland won the      rayleigh medal and prize awarded by the institute of physics for his work on particle string cosmology   he obtained his phd from the university of newcastle upon tyne in       with the thesis quantum aspects of kaluza klein cosmologies  
 copeland is well known for his appearances on the physics popularizing youtube channel sixty symbols  as well as the mathematics popularizing channel numberphile 
 
 this article about a physicist of the united kingdom is a stub  you can help wikipedia by adding missing information ","['edmund', 'copeland', 'theoretical', 'physicist', 'cosmologist', 'professor', 'physics', 'working', 'faculty', 'science', 'university', 'nottingham', 'united', 'kingdom', 'copeland', 'rayleigh', 'medal', 'prize', 'awarded', 'institute', 'physics', 'work', 'particle', 'string', 'cosmology', 'obtained', 'phd', 'university', 'newcastle', 'upon', 'tyne', 'thesis', 'quantum', 'aspects', 'kaluza', 'klein', 'cosmologies', 'copeland', 'well', 'known', 'appearances', 'physics', 'popularizing', 'youtube', 'channel', 'sixty', 'symbols', 'well', 'mathematics', 'popularizing', 'channel', 'numberphile', 'article', 'physicist', 'united', 'kingdom', 'stub', 'help', 'wikipedia', 'adding', 'missing', 'information']"
Great Books (TV program),"
 Great Books is an hour-long documentary and biography program that aired on The Learning Channel. The series was a project co-created by Walter Cronkite and television producer Jonathan Ward under a deal they had with their company Cronkite Ward, The Discovery Channel, and The Learning Channel. Premiering on September 8, 1993, to coincide with International Literacy Day, the series took in-depth looks at some of literature's greatest fiction and nonfiction books, along with the authors who created them. Most of the narration was provided by Donald Sutherland.
 Episodes feature insights from historians, scholars, novelists, artists, writers, and filmmakers who were directly influenced by the books showcased and discussed.
 Grandes Livros premiered in 2009 and was a multi-platform release of Portuguese literature that involves a series of 12 documentaries. Each episode was a biography and documentary at 50-minutes each, narrated by Diogo Infante, actor and director of the Teatro Nacional D. Maria II. The featured episodes include:
",,"
 great books is an hour long documentary and biography program that aired on the learning channel  the series was a project co created by walter cronkite and television producer jonathan ward under a deal they had with their company cronkite ward  the discovery channel  and the learning channel  premiering on september          to coincide with international literacy day  the series took in depth looks at some of literature s greatest fiction and nonfiction books  along with the authors who created them  most of the narration was provided by donald sutherland 
 episodes feature insights from historians  scholars  novelists  artists  writers  and filmmakers who were directly influenced by the books showcased and discussed 
 grandes livros premiered in      and was a multi platform release of portuguese literature that involves a series of    documentaries  each episode was a biography and documentary at    minutes each  narrated by diogo infante  actor and director of the teatro nacional d  maria ii  the featured episodes include 
","['great', 'books', 'hour', 'long', 'documentary', 'biography', 'program', 'aired', 'learning', 'channel', 'series', 'project', 'created', 'walter', 'cronkite', 'television', 'producer', 'jonathan', 'ward', 'deal', 'company', 'cronkite', 'ward', 'discovery', 'channel', 'learning', 'channel', 'premiering', 'september', 'coincide', 'international', 'literacy', 'day', 'series', 'took', 'depth', 'looks', 'literature', 'greatest', 'fiction', 'nonfiction', 'books', 'along', 'authors', 'created', 'narration', 'provided', 'donald', 'sutherland', 'episodes', 'feature', 'insights', 'historians', 'scholars', 'novelists', 'artists', 'writers', 'filmmakers', 'directly', 'influenced', 'books', 'showcased', 'discussed', 'grandes', 'livros', 'premiered', 'multi', 'platform', 'release', 'portuguese', 'literature', 'involves', 'series', 'documentaries', 'episode', 'biography', 'documentary', 'minutes', 'narrated', 'diogo', 'infante', 'actor', 'director', 'teatro', 'nacional', 'maria', 'featured', 'episodes', 'include']"
Homer A. Ramey,"Homer Alonzo Ramey (March 2, 1891 – April 13, 1960) was an American lawyer and politician who served three terms as a U.S. Representative from Ohio from 1943 to 1949.
 He was born on a farm near Sparta, South Bloomfield Township, Ohio. His parents were Burt C. and Mae (Bockoven) Ramey.[1] He attended the grade and high schools.
He was graduated from Park College of Parkville, Missouri in 1913, and from the law school of Ohio Northern University at Ada in 1916. He attended Cincinnati Law School as a special student in 1917.[1]
He was admitted to the bar in 1917 and commenced practice in Put-in-Bay, Ohio.
 Ramey served as member of the State house of representatives from 1920 to 1924.
He served in the Ohio Senate in 1925 and 1926.
He served as judge of the municipal court of Toledo, Ohio from 1926 to 1943.
 He was an unsuccessful candidate for election in 1938 to the Seventy-sixth Congress.
 Ramey was elected as a Republican to the Seventy-eighth, Seventy-ninth, and Eightieth Congresses (January 3, 1943 – January 3, 1949).
 He was an unsuccessful candidate for reelection in 1948 to the Eighty-first Congress and for election in 1950 to the Eighty-second Congress.
 He was appointed in 1949 and subsequently elected judge of the municipal court of Toledo and served in that capacity until his death in Toledo, Ohio, on April 13, 1960.
 He was interred in Ottawa Hills Memorial Park.
 Ramey married Ruby Dearth on November 28, 1915.[1] He was a member of Masons, Fraternal Order of Eagles, I.O.O.F., Modern Woodmen of America, and Jr. O.U.A.M.[1]
  This article incorporates public domain material from Biographical Directory of the United States Congress. Federal government of the United States.
","
^ a b c d Neff, William B, ed. (1921). Bench and Bar of Northern Ohio History and Biography. Cleveland: The Historical Publishing Company. p. 613.

","homer alonzo ramey  march           april           was an american lawyer and politician who served three terms as a u s  representative from ohio from      to      
 he was born on a farm near sparta  south bloomfield township  ohio  his parents were burt c  and mae  bockoven  ramey   he attended the grade and high schools 
he was graduated from park college of parkville  missouri in       and from the law school of ohio northern university at ada in       he attended cincinnati law school as a special student in       
he was admitted to the bar in      and commenced practice in put in bay  ohio 
 ramey served as member of the state house of representatives from      to      
he served in the ohio senate in      and      
he served as judge of the municipal court of toledo  ohio from      to      
 he was an unsuccessful candidate for election in      to the seventy sixth congress 
 ramey was elected as a republican to the seventy eighth  seventy ninth  and eightieth congresses  january           january          
 he was an unsuccessful candidate for reelection in      to the eighty first congress and for election in      to the eighty second congress 
 he was appointed in      and subsequently elected judge of the municipal court of toledo and served in that capacity until his death in toledo  ohio  on april          
 he was interred in ottawa hills memorial park 
 ramey married ruby dearth on november            he was a member of masons  fraternal order of eagles  i o o f   modern woodmen of america  and jr  o u a m  
  this article incorporates public domain material from biographical directory of the united states congress  federal government of the united states 
","['homer', 'alonzo', 'ramey', 'march', 'april', 'american', 'lawyer', 'politician', 'served', 'three', 'terms', 'representative', 'ohio', 'born', 'farm', 'near', 'sparta', 'south', 'bloomfield', 'township', 'ohio', 'parents', 'burt', 'mae', 'bockoven', 'ramey', 'attended', 'grade', 'high', 'schools', 'graduated', 'park', 'college', 'parkville', 'missouri', 'law', 'school', 'ohio', 'northern', 'university', 'ada', 'attended', 'cincinnati', 'law', 'school', 'special', 'student', 'admitted', 'bar', 'commenced', 'practice', 'put', 'bay', 'ohio', 'ramey', 'served', 'member', 'state', 'house', 'representatives', 'served', 'ohio', 'senate', 'served', 'judge', 'municipal', 'court', 'toledo', 'ohio', 'unsuccessful', 'candidate', 'election', 'seventy', 'sixth', 'congress', 'ramey', 'elected', 'republican', 'seventy', 'eighth', 'seventy', 'ninth', 'eightieth', 'congresses', 'january', 'january', 'unsuccessful', 'candidate', 'reelection', 'eighty', 'first', 'congress', 'election', 'eighty', 'second', 'congress', 'appointed', 'subsequently', 'elected', 'judge', 'municipal', 'court', 'toledo', 'served', 'capacity', 'death', 'toledo', 'ohio', 'april', 'interred', 'ottawa', 'hills', 'memorial', 'park', 'ramey', 'married', 'ruby', 'dearth', 'november', 'member', 'masons', 'fraternal', 'order', 'eagles', 'modern', 'woodmen', 'america', 'article', 'incorporates', 'public', 'domain', 'material', 'biographical', 'directory', 'united', 'states', 'congress', 'federal', 'government', 'united', 'states']"
Procyanidin,"Procyanidins are members of the proanthocyanidin (or condensed tannins) class of flavonoids. They are oligomeric compounds, formed from catechin and epicatechin molecules. They yield cyanidin when depolymerized under oxidative conditions.
 See the box below entitled ""Types of procyanidins"" for links to articles on the various types.
 Procyanidins, including the lesser bioactive / bioavailable polymers (4 or more catechines), represent a group of condensed flavan-3-ols that can be found in many plants, most notably apples, maritime pine bark, cinnamon, aronia fruit, cocoa beans, grape seed, grape skin,[1] and red wines of Vitis vinifera (the common grape).[2] However, bilberry, cranberry, black currant, green tea, black tea, and other plants also contain these flavonoids.[3] Procyanidins can also be isolated from Quercus petraea and Q. robur heartwood (wine barrel oaks).[4] Açaí oil, obtained from the fruit of the açaí palm (Euterpe oleracea), is rich in numerous procyanidin oligomers.[5]
 Apples contain on average per serving about eight times the amount of procyanidin found in wine, with some of the highest amounts found in the Red Delicious and Granny Smith varieties.[6]
 The seed testas of field beans (Vicia faba) contain procyanidins[7] that affect the digestibility in piglets[8] and could have an inhibitory activity on enzymes.[9] Cistus salviifolius also contains oligomeric procyanidins.[10]
 Condensed tannins can be characterised by a number of techniques including depolymerisation, asymmetric flow field flow fractionation or small-angle X-ray scattering. DMACA is a dye used for localization of procyanidin compounds in plant histology. The use of the reagent results in blue staining.[11] It can also be used to titrate procyanidins. Total phenols (or antioxidant effect) can be measured using the Folin-Ciocalteu reaction. Results are typically expressed as gallic acid equivalents (GAE).
 Procyanidins from field beans (Vicia faba)[12] or barley[13] have been estimated using the vanillin-HCl method, resulting in a red color of the test in the presence of catechin or proanthocyanidins.
 Procyanidins can be titrated using the Procyanidolic Index (also called the Bates-Smith Assay). It is a testing method that measures the change in color when the product is mixed with certain chemicals. The greater the color changes, the higher the PCOs content is. However, the Procyanidolic Index is a relative value that can measure well over 100. Unfortunately, a Procyanidolic Index of 95 was erroneously taken to mean 95% PCO by some and began appearing on the labels of finished products. All current methods of analysis suggest that the actual PCO content of these products is much lower than 95%.[14][unreliable medical source?]
 An improved colorimetric test, called the Porter Assay or butanol-HCl-iron method, is the most common PCO assay currently in use.[15][self-published source?] The unit of measurement of the Porter Assay is the PVU (Porter Value Unit). The Porter Assay is a chemical test to help determine the potency of procyanidin containing compounds, such as grape seed extract. It is an acid hydrolysis, which splits larger chain units (dimers and trimers) into single unit monomers and oxidizes them. This leads to a colour change, which can be measured using a spectrophotometer. The greater the absorbance at a certain wavelength of light, the greater the potency. Ranges for grape seed extract are from 25 PVU for low grade material to over 300 for premium grape seed extracts.[16][unreliable medical source?]
 Gel permeation chromatography (GPC) analysis allows to separate monomers from larger PCO molecules.
 Monomers of procyanidins can be characterized by HPLC analysis. Condensed tannins can undergo acid-catalyzed cleavage in the presence of a nucleophile like phloroglucinol (reaction called phloroglucinolysis), thioglycolic acid (thioglycolysis), benzyl mercaptan or cysteamine (processes called thiolysis[17]) leading to the formation of oligomers that can be further analyzed.[18]
 Phloroglucinolysis can be used for instance for procyanidins characterisation in wine[19] or in the grape seed and skin tissues.[20]
 Thioglycolysis can be used to study procyanidins[21] or the oxidation of condensed tannins.[22] It is also used for lignin quantitation.[23] Reaction on condensed tannins from Douglas fir bark produces epicatechin and catechin thioglycolates.[24]
 Condensed tannins from Lithocarpus glaber leaves have been analysed through acid-catalyzed degradation in the presence of cysteamine.[25]
 Procyanidin content in dietary supplements has not been well documented.[26] Pycnogenol is a dietary supplement derived from extracts from maritime pine bark that contains 70% procyanidins, and is marketed with claims it can treat many conditions. The medical evidence is insufficient to support its use for the treatment of seven different chronic disorders.[27]
","
^ Souquet, J; Cheynier, Véronique; Brossaud, Franck; Moutounet, Michel (1996). ""Polymeric proanthocyanidins from grape skins"". Phytochemistry. 43 (2): 509–512. doi:10.1016/0031-9422(96)00301-9.

^ Yang, J; Xiao, YY (2013). ""Grape phytochemicals and associated health benefits"". Crit Rev Food Sci Nutr. 53 (11): 1202–1225. doi:10.1080/10408398.2012.692408. PMID 24007424. S2CID 19094002.

^ USDA, August 2004. USDA Database for the Proanthocyanidin Content of Selected Foods.  PDF summary accessed from main USDA page here. Page accessed July 31, 2015

^ Vivas, N; Nonier, M; Pianet, I; Vivasdegaulejac, N; Fouquet, E (2006). ""Proanthocyanidins from Quercus petraea and Q. robur heartwood: quantification and structures"". Comptes Rendus Chimie. 9: 120–126. doi:10.1016/j.crci.2005.09.001.

^ Pacheco-Palencia LA, Mertens-Talcott S, Talcott ST (Jun 2008). ""Chemical composition, antioxidant properties, and thermal stability of a phytochemical enriched oil from Acai (Euterpe oleracea Mart.)"". J Agric Food Chem. 56 (12): 4631–4636. doi:10.1021/jf800161u. PMID 18522407.

^ Hammerstone, John F.; Lazarus, Sheryl A.; Schmitz, Harold H. (August 2000). ""Procyanidin content and variation in some commonly consumed foods"". The Journal of Nutrition. 130 (8S Suppl): 2086S–92S. doi:10.1093/jn/130.8.2086S. PMID 10917927. Figure 5

^ Merghem, R.; Jay, M.; Brun, N.; Voirin, B. (2004). ""Qualitative analysis and HPLC isolation and identification of procyanidins fromvicia faba"". Phytochemical Analysis. 15 (2): 95–99. doi:10.1002/pca.731. PMID 15116939.

^ Van Der Poel, A. F. B.; Dellaert, L. M. W.; Van Norel, A.; Helsper, J. P. F. G. (2007). ""The digestibility in piglets of faba bean (Vicia faba L.) as affected by breeding towards the absence of condensed tannins"". British Journal of Nutrition. 68 (3): 793–800. doi:10.1079/BJN19920134. PMID 1493141.

^ Griffiths, D. W. (1981). ""The polyphenolic content and enzyme inhibitory activity of testas from bean (Vicia faba) and pea (Pisum spp.) varieties"". Journal of the Science of Food and Agriculture. 32 (8): 797–804. doi:10.1002/jsfa.2740320808.

^ Qa'Dan, F.; Petereit, F.; Mansoor, K.; Nahrstedt, A. (2006). ""Antioxidant oligomeric proanthocyanidins fromCistus salvifolius"". Natural Product Research. 20 (13): 1216–1224. doi:10.1080/14786410600899225. PMID 17127512. S2CID 254865.

^ Bogs, J.; Jaffe, F. W.; Takos, A. M.; Walker, A. R.; Robinson, S. P. (2007). ""The Grapevine Transcription Factor VvMYBPA1 Regulates Proanthocyanidin Synthesis during Fruit Development"". Plant Physiology. 143 (3): 1347–1361. doi:10.1104/pp.106.093203. PMC 1820911. PMID 17208963.

^ Cabrera, A.; Martin, A. (2009). ""Genetics of tannin content and its relationship with flower and testa colours in Vicia faba"". The Journal of Agricultural Science. 113: 93–98. doi:10.1017/S0021859600084665. S2CID 84456901.

^ Kristensen, H.; Aastrup, S. (1986). ""A non-destructive screening method for proanthocyanidin-free barley mutants"". Carlsberg Research Communications. 51 (7): 509–513. doi:10.1007/BF02906893.

^ Grape Seed Extract, White paper, The Grape Seed Method Evaluation Committee, Under the Auspices of NNFA ComPli Archived 2002-12-24 at the Wayback Machine

^ The Truth About PCOs, Debasis Bagchi, Ph.D. on www.activin.com Archived 2013-10-19 at the Wayback Machine

^ Porter Assay on www.omegabiotech.com

^ Torres, J. L.; Lozano, C. (2001). ""Chromatographic characterization of proanthocyanidins after thiolysis with cysteamine"". Chromatographia. 54 (7–8): 523–526. doi:10.1007/BF02491211. S2CID 95355684.

^ Jorgensen, Emily M.; Marin, Anna B.; Kennedy, James A. (2004). ""Analysis of the Oxidative Degradation of Proanthocyanidins under Basic Conditions"". Journal of Agricultural and Food Chemistry. 52 (8): 2292–2296. doi:10.1021/jf035311i. PMID 15080635.

^ Analysis of Tannins in Red Wine Using Multiple Methods: Correlation with Perceived Astringency by mean of depolymerisation James A. Kennedy, Jordan Ferrier, James F. Harbertson and Catherine Peyrot des Gachons, Am. J. Enol. Vitic. 57:4, 2006, pp. 481–485

^ Kennedy, J. A.; Jones, G. P. (2001). ""Analysis of Proanthocyanidin Cleavage Products Following Acid-Catalysis in the Presence of Excess Phloroglucinol"". Journal of Agricultural and Food Chemistry. 49 (4): 1740–1746. doi:10.1021/jf001030o. PMID 11308320.

^ Sears, K. D.; Casebier, R. L. (1968). ""Cleavage of proanthocyanidins with thioglycollic acid"". Chemical Communications (22): 1437. doi:10.1039/C19680001437.

^ Vernhet, A.; Dubascoux, S. P.; Cabane, B.; Fulcrand, H. L. N.; Dubreucq, E.; Poncet-Legrand, C. L. (2011). ""Characterization of oxidized tannins: Comparison of depolymerization methods, asymmetric flow field-flow fractionation and small-angle X-ray scattering"". Analytical and Bioanalytical Chemistry. 401 (5): 1559–1569. doi:10.1007/s00216-011-5076-2. PMID 21573842. S2CID 4645218. Vernhet, A.; Dubascoux, S. P.; Cabane, B.; Fulcrand, H. L. N.; Dubreucq, E.; Poncet-Legrand, C. L. (2011). ""Characterization of oxidized tannins: Comparison of depolymerization methods, asymmetric flow field-flow fractionation and small-angle X-ray scattering"". Analytical and Bioanalytical Chemistry. 401 (5): 1559–1569. doi:10.1007/s00216-011-5076-2. PMID 21573842. S2CID 4645218.

^ Lange, B. M.; Lapierre, C.; Sandermann Jr, H. (1995). ""Elicitor-Induced Spruce Stress Lignin (Structural Similarity to Early Developmental Lignins)"". Plant Physiology. 108 (3): 1277–1287. doi:10.1104/pp.108.3.1277. PMC 157483. PMID 12228544.

^ Douglas-Fir Bark: Characterization of a Condensed Tannin Extract, by Hong-Keun Song, A thesis submitted to Oregon State University in partial fulfillment of the requirements for the degree of Master of Science, December 13, 1984

^ Zhang, L. L.; Lin, Y. M. (2008). ""HPLC, NMR and MALDI-TOF MS Analysis of Condensed Tannins from Lithocarpus glaber Leaves with Potent Free Radical Scavenging Activity"". Molecules. 13 (12): 2986–2997. doi:10.3390/molecules13122986. PMC 6245341. PMID 19052523.

^ USDA Database for the Proanthocyanidin Content of Selected Foods (PDF). August 2004. Archived from the original (PDF) on 2010-10-16. Retrieved 2013-01-09.[page needed]

^ Robertson, Nina U.; Schoonees, Anel; Brand, Amanda; Visser, Janicke (29 September 2020). ""Pine bark (Pinus spp.) extract for treating chronic disorders"". The Cochrane Database of Systematic Reviews. 2020 (9) CD008294. doi:10.1002/14651858.CD008294.pub5. ISSN 1469-493X. PMC 8094515. PMID 32990945.

","procyanidins are members of the proanthocyanidin  or condensed tannins  class of flavonoids  they are oligomeric compounds  formed from catechin and epicatechin molecules  they yield cyanidin when depolymerized under oxidative conditions 
 see the box below entitled  types of procyanidins  for links to articles on the various types 
 procyanidins  including the lesser bioactive   bioavailable polymers    or more catechines   represent a group of condensed flavan   ols that can be found in many plants  most notably apples  maritime pine bark  cinnamon  aronia fruit  cocoa beans  grape seed  grape skin   and red wines of vitis vinifera  the common grape    however  bilberry  cranberry  black currant  green tea  black tea  and other plants also contain these flavonoids   procyanidins can also be isolated from quercus petraea and q  robur heartwood  wine barrel oaks    a a  oil  obtained from the fruit of the a a  palm  euterpe oleracea   is rich in numerous procyanidin oligomers  
 apples contain on average per serving about eight times the amount of procyanidin found in wine  with some of the highest amounts found in the red delicious and granny smith varieties  
 the seed testas of field beans  vicia faba  contain procyanidins  that affect the digestibility in piglets  and could have an inhibitory activity on enzymes   cistus salviifolius also contains oligomeric procyanidins  
 condensed tannins can be characterised by a number of techniques including depolymerisation  asymmetric flow field flow fractionation or small angle x ray scattering  dmaca is a dye used for localization of procyanidin compounds in plant histology  the use of the reagent results in blue staining   it can also be used to titrate procyanidins  total phenols  or antioxidant effect  can be measured using the folin ciocalteu reaction  results are typically expressed as gallic acid equivalents  gae  
 procyanidins from field beans  vicia faba   or barley  have been estimated using the vanillin hcl method  resulting in a red color of the test in the presence of catechin or proanthocyanidins 
 procyanidins can be titrated using the procyanidolic index  also called the bates smith assay   it is a testing method that measures the change in color when the product is mixed with certain chemicals  the greater the color changes  the higher the pcos content is  however  the procyanidolic index is a relative value that can measure well over      unfortunately  a procyanidolic index of    was erroneously taken to mean     pco by some and began appearing on the labels of finished products  all current methods of analysis suggest that the actual pco content of these products is much lower than       unreliable medical source  
 an improved colorimetric test  called the porter assay or butanol hcl iron method  is the most common pco assay currently in use   self published source   the unit of measurement of the porter assay is the pvu  porter value unit   the porter assay is a chemical test to help determine the potency of procyanidin containing compounds  such as grape seed extract  it is an acid hydrolysis  which splits larger chain units  dimers and trimers  into single unit monomers and oxidizes them  this leads to a colour change  which can be measured using a spectrophotometer  the greater the absorbance at a certain wavelength of light  the greater the potency  ranges for grape seed extract are from    pvu for low grade material to over     for premium grape seed extracts   unreliable medical source  
 gel permeation chromatography  gpc  analysis allows to separate monomers from larger pco molecules 
 monomers of procyanidins can be characterized by hplc analysis  condensed tannins can undergo acid catalyzed cleavage in the presence of a nucleophile like phloroglucinol  reaction called phloroglucinolysis   thioglycolic acid  thioglycolysis   benzyl mercaptan or cysteamine  processes called thiolysis   leading to the formation of oligomers that can be further analyzed  
 phloroglucinolysis can be used for instance for procyanidins characterisation in wine  or in the grape seed and skin tissues  
 thioglycolysis can be used to study procyanidins  or the oxidation of condensed tannins   it is also used for lignin quantitation   reaction on condensed tannins from douglas fir bark produces epicatechin and catechin thioglycolates  
 condensed tannins from lithocarpus glaber leaves have been analysed through acid catalyzed degradation in the presence of cysteamine  
 procyanidin content in dietary supplements has not been well documented   pycnogenol is a dietary supplement derived from extracts from maritime pine bark that contains     procyanidins  and is marketed with claims it can treat many conditions  the medical evidence is insufficient to support its use for the treatment of seven different chronic disorders  
","['procyanidins', 'members', 'proanthocyanidin', 'condensed', 'tannins', 'class', 'flavonoids', 'oligomeric', 'compounds', 'formed', 'catechin', 'epicatechin', 'molecules', 'yield', 'cyanidin', 'depolymerized', 'oxidative', 'conditions', 'see', 'box', 'entitled', 'types', 'procyanidins', 'links', 'articles', 'various', 'types', 'procyanidins', 'including', 'lesser', 'bioactive', 'bioavailable', 'polymers', 'catechines', 'represent', 'group', 'condensed', 'flavan', 'ols', 'found', 'many', 'plants', 'notably', 'apples', 'maritime', 'pine', 'bark', 'cinnamon', 'aronia', 'fruit', 'cocoa', 'beans', 'grape', 'seed', 'grape', 'skin', 'red', 'wines', 'vitis', 'vinifera', 'common', 'grape', 'however', 'bilberry', 'cranberry', 'black', 'currant', 'green', 'tea', 'black', 'tea', 'plants', 'also', 'contain', 'flavonoids', 'procyanidins', 'also', 'isolated', 'quercus', 'petraea', 'robur', 'heartwood', 'wine', 'barrel', 'oaks', 'oil', 'obtained', 'fruit', 'palm', 'euterpe', 'oleracea', 'rich', 'numerous', 'procyanidin', 'oligomers', 'apples', 'contain', 'average', 'per', 'serving', 'eight', 'times', 'amount', 'procyanidin', 'found', 'wine', 'highest', 'amounts', 'found', 'red', 'delicious', 'granny', 'smith', 'varieties', 'seed', 'testas', 'field', 'beans', 'vicia', 'faba', 'contain', 'procyanidins', 'affect', 'digestibility', 'piglets', 'could', 'inhibitory', 'activity', 'enzymes', 'cistus', 'salviifolius', 'also', 'contains', 'oligomeric', 'procyanidins', 'condensed', 'tannins', 'characterised', 'number', 'techniques', 'including', 'depolymerisation', 'asymmetric', 'flow', 'field', 'flow', 'fractionation', 'small', 'angle', 'ray', 'scattering', 'dmaca', 'dye', 'used', 'localization', 'procyanidin', 'compounds', 'plant', 'histology', 'use', 'reagent', 'results', 'blue', 'staining', 'also', 'used', 'titrate', 'procyanidins', 'total', 'phenols', 'antioxidant', 'effect', 'measured', 'using', 'folin', 'ciocalteu', 'reaction', 'results', 'typically', 'expressed', 'gallic', 'acid', 'equivalents', 'gae', 'procyanidins', 'field', 'beans', 'vicia', 'faba', 'barley', 'estimated', 'using', 'vanillin', 'hcl', 'method', 'resulting', 'red', 'color', 'test', 'presence', 'catechin', 'proanthocyanidins', 'procyanidins', 'titrated', 'using', 'procyanidolic', 'index', 'also', 'called', 'bates', 'smith', 'assay', 'testing', 'method', 'measures', 'change', 'color', 'product', 'mixed', 'certain', 'chemicals', 'greater', 'color', 'changes', 'higher', 'pcos', 'content', 'however', 'procyanidolic', 'index', 'relative', 'value', 'measure', 'well', 'unfortunately', 'procyanidolic', 'index', 'erroneously', 'taken', 'mean', 'pco', 'began', 'appearing', 'labels', 'finished', 'products', 'current', 'methods', 'analysis', 'suggest', 'actual', 'pco', 'content', 'products', 'much', 'lower', 'unreliable', 'medical', 'source', 'improved', 'colorimetric', 'test', 'called', 'porter', 'assay', 'butanol', 'hcl', 'iron', 'method', 'common', 'pco', 'assay', 'currently', 'use', 'self', 'published', 'source', 'unit', 'measurement', 'porter', 'assay', 'pvu', 'porter', 'value', 'unit', 'porter', 'assay', 'chemical', 'test', 'help', 'determine', 'potency', 'procyanidin', 'containing', 'compounds', 'grape', 'seed', 'extract', 'acid', 'hydrolysis', 'splits', 'larger', 'chain', 'units', 'dimers', 'trimers', 'single', 'unit', 'monomers', 'oxidizes', 'leads', 'colour', 'change', 'measured', 'using', 'spectrophotometer', 'greater', 'absorbance', 'certain', 'wavelength', 'light', 'greater', 'potency', 'ranges', 'grape', 'seed', 'extract', 'pvu', 'low', 'grade', 'material', 'premium', 'grape', 'seed', 'extracts', 'unreliable', 'medical', 'source', 'gel', 'permeation', 'chromatography', 'gpc', 'analysis', 'allows', 'separate', 'monomers', 'larger', 'pco', 'molecules', 'monomers', 'procyanidins', 'characterized', 'hplc', 'analysis', 'condensed', 'tannins', 'undergo', 'acid', 'catalyzed', 'cleavage', 'presence', 'nucleophile', 'like', 'phloroglucinol', 'reaction', 'called', 'phloroglucinolysis', 'thioglycolic', 'acid', 'thioglycolysis', 'benzyl', 'mercaptan', 'cysteamine', 'processes', 'called', 'thiolysis', 'leading', 'formation', 'oligomers', 'analyzed', 'phloroglucinolysis', 'used', 'instance', 'procyanidins', 'characterisation', 'wine', 'grape', 'seed', 'skin', 'tissues', 'thioglycolysis', 'used', 'study', 'procyanidins', 'oxidation', 'condensed', 'tannins', 'also', 'used', 'lignin', 'quantitation', 'reaction', 'condensed', 'tannins', 'douglas', 'fir', 'bark', 'produces', 'epicatechin', 'catechin', 'thioglycolates', 'condensed', 'tannins', 'lithocarpus', 'glaber', 'leaves', 'analysed', 'acid', 'catalyzed', 'degradation', 'presence', 'cysteamine', 'procyanidin', 'content', 'dietary', 'supplements', 'well', 'documented', 'pycnogenol', 'dietary', 'supplement', 'derived', 'extracts', 'maritime', 'pine', 'bark', 'contains', 'procyanidins', 'marketed', 'claims', 'treat', 'many', 'conditions', 'medical', 'evidence', 'insufficient', 'support', 'use', 'treatment', 'seven', 'different', 'chronic', 'disorders']"
Vadim Belobrovtsev,"Vadim Belobrovtsev (born 11 May 1978) is an Estonian politician and journalist. From 2017 until 2023, he was the Deputy Mayor of Tallinn. In 2023, he was elected to the XV Riigikogu, representing the Estonian Centre Party.[1]
 This article about a member of the Riigikogu, 2023–2027 is a stub. You can help Wikipedia by adding missing information.","
^ ""Saadik"". Riigikogu (in Estonian). Retrieved 23 January 2024.

","vadim belobrovtsev  born    may       is an estonian politician and journalist  from      until       he was the deputy mayor of tallinn  in       he was elected to the xv riigikogu  representing the estonian centre party  
 this article about a member of the riigikogu            is a stub  you can help wikipedia by adding missing information ","['vadim', 'belobrovtsev', 'born', 'may', 'estonian', 'politician', 'journalist', 'deputy', 'mayor', 'tallinn', 'elected', 'riigikogu', 'representing', 'estonian', 'centre', 'party', 'article', 'member', 'riigikogu', 'stub', 'help', 'wikipedia', 'adding', 'missing', 'information']"
Helictotrichon,"
 Helictotrichon, or alpine oatgrass,[2] is a genus of perennial flowering plants in the grass family.[3][4][5][6] The genus name comes from the Greek heliktos meaning twisted, and trichos meaning hair, referring to the shape of the awn.[7]
 Most of the species are native to Africa and Eurasia with a few species in North America. Helictotrichon sempervirens is widely cultivated as an ornamental.[8][9][10]
 Many species once considered part of Helictotrichon are now regarded as better suited to other genera. A large number are now in Helictochloa with smaller numbers of species in Amphibromus, Arrhenatherum, Avenula, Danthoniastrum, Duthiea, Tricholemma, and Trisetum.
","
^ a b c Kew World Checklist of Selected Plant Families

^ NRCS. ""Helictotrichon"". PLANTS Database. United States Department of Agriculture (USDA). Retrieved 14 May 2015.

^ Besser, Wilibert Swibert Joseph Gottlieb von. 1827. in Schultes, Josef August & Schultes, Julius Hermann. Mantissa in volumen primum [-tertium] :Systematis vegetabilium caroli a Linné 3: 526 in Latin, in observations; page 526 is mislabeled as page 326

^ GrassBase entry

^ ""United States Department of Agriculture Germplasm Resources Information Network (GRIN) entry"". Archived from the original on 2015-09-24. Retrieved 2010-06-13.

^ Tropicos, Helictotrichon Besser ex Schult. & Schult. f

^ Missouri Botanical Garden

^ RHS A-Z encyclopedia of garden plants. United Kingdom: Dorling Kindersley. 2008. p. 1136. ISBN 978-1405332965.

^ Flora of China Vol. 22 Page 317  异燕麦属 yi yan mai shu Helictotrichon Besser ex Schultes & J. H. Schultes, Mant. 3 (Addit. I ad Mant. Cl. III): 526 [“326”]. 1827. 

^ Altervisita Flora Italiana, genere Helictotrichon

","
 helictotrichon  or alpine oatgrass   is a genus of perennial flowering plants in the grass family      the genus name comes from the greek heliktos meaning twisted  and trichos meaning hair  referring to the shape of the awn  
 most of the species are native to africa and eurasia with a few species in north america  helictotrichon sempervirens is widely cultivated as an ornamental    
 many species once considered part of helictotrichon are now regarded as better suited to other genera  a large number are now in helictochloa with smaller numbers of species in amphibromus  arrhenatherum  avenula  danthoniastrum  duthiea  tricholemma  and trisetum 
","['helictotrichon', 'alpine', 'oatgrass', 'genus', 'perennial', 'flowering', 'plants', 'grass', 'family', 'genus', 'name', 'comes', 'greek', 'heliktos', 'meaning', 'twisted', 'trichos', 'meaning', 'hair', 'referring', 'shape', 'awn', 'species', 'native', 'africa', 'eurasia', 'species', 'north', 'america', 'helictotrichon', 'sempervirens', 'widely', 'cultivated', 'ornamental', 'many', 'species', 'considered', 'part', 'helictotrichon', 'regarded', 'better', 'suited', 'genera', 'large', 'number', 'helictochloa', 'smaller', 'numbers', 'species', 'amphibromus', 'arrhenatherum', 'avenula', 'danthoniastrum', 'duthiea', 'tricholemma', 'trisetum']"
"Machów, Lublin Voivodeship","Machów [ˈmaxuf] is a village in the administrative district of Gmina Wilków, within Opole County, Lublin Voivodeship, in eastern Poland.[1]
 
 This Opole County, Lublin Voivodeship location article is a stub. You can help Wikipedia by adding missing information.","
^ ""Główny Urząd Statystyczny"" [Central Statistical Office] (in Polish). To search: Select ""Miejscowości (SIMC)"" tab, select ""fragment (min. 3 znaki)"" (minimum 3 characters), enter town name in the field below, click ""WYSZUKAJ"" (Search).

","mach w   maxuf  is a village in the administrative district of gmina wilk w  within opole county  lublin voivodeship  in eastern poland  
 
 this opole county  lublin voivodeship location article is a stub  you can help wikipedia by adding missing information ","['mach', 'maxuf', 'village', 'administrative', 'district', 'gmina', 'wilk', 'within', 'opole', 'county', 'lublin', 'voivodeship', 'eastern', 'poland', 'opole', 'county', 'lublin', 'voivodeship', 'location', 'article', 'stub', 'help', 'wikipedia', 'adding', 'missing', 'information']"
Chinigchinix,"Chingichngish (also spelled Chengiichngech,[1] Chinigchinix, Chinigchinich, Changitchnish, etc.), also known as Quaoar (also Qua-o-ar, Kwawar, etc.)  and by other names including Ouiamot,  Tobet and Saor,[2] is an important mythological figure of the Mission Indians of coastal Southern California, a group of Takic-speaking peoples, today divided into the  Payómkawichum (Luiseño), Tongva (Gabrieliño and Fernandeño), and Acjachemem (Juaneño) peoples.
 Chinigchinix was born, or first appeared, after the death of Wiyot,[2] a tyrannical ruler of the first beings, who was poisoned by his sons. 
Wiyot's murder brought death into the world, and as a consequence, the male creator Night divided the first human ancestors into distinct peoples, assigning them languages and territories.[3]
 In June 2002, 50000 Quaoar, a large trans-Neptunian object and ringed dwarf planet, was discovered and named after this deity.[4]
 The name Ouiamot is ostensibly similar to Wiyot (Ouiot), the name of another important figure, the primeval tyrant killed just before the appearance of Chinigchinix. Ouiamot is possibly to be taken as Ouiamot the childhood name of Chinigchinix.[3]
 The name Quaoar was first recorded by Hugo Reid in his 1852 description of Tongva, in the spelling Qua-o-ar. Quaoar's parents were Tacu and Auzar, or, according to other accounts, he was born of Tamaayawut (Mother Earth). According to yet other accounts, ""He had neither father nor mother"".
 Both the Tongva religion and language are recorded only fragmentarily.
As a consequence, the pronunciation of the name  Quaoar is not known with certainty.
Hugo Reid (1852) recorded it as Qua-o-ar, suggesting that it was trisyllabic.
But the Spanish[year needed] transcribed it Quaguar, suggesting two syllables ([ˈkwawaɾ], reflecting the Spanish use of gu for [w]).
Kroeber (1925)[5] spells it Kwawar, though he notes Reid's spelling as well: Kwawar ("" Qua-o-ar ""). 
Harrington (1933) gives the most precise transcription, K(w)áʼuwar, in interpreting an 1846 translation of a Spanish text.[6]
 Given the general quality of Harrington's work, this might be expected to be the most accurate as well, approximately [ˈkʷaʔuwar], with three syllables.[citation needed]
 In English it is /ˈkwɑːwɑːr/, with two syllables.[citation needed]
 The Takic beliefs are known only fragmentarily, as these peoples were Christianized early, by Spanish missionaries, during the late 18th to early 19th centuries.
Only sparse material has been collected by ethnologists from the few remaining native speakers during 19th century.
Chingichngish  has variously been represented as a creator deity, a culture hero or lawgiver figure or a ""prophet"", who became associated with the figure of Christ after the conversion of the Takic peoples.
 This character was first mentioned in a description of the beliefs of the native peoples who were associated with the Mission San Juan Capistrano in accounts written by the Franciscan missionary Gerónimo Boscana in the 1820s. One version of Boscana's manuscript was subsequently published by Alfred Robinson (1846), who gave it ""Chinigchinich"" as a title. 
Some subsequent scholars have characterized Luiseño religion in general, or certain portions of it, or a set of some more widely shared traits, as a Chingichngish cult (DuBois 1908; Kroeber 1925; Moriarty 1969).
 John Peabody Harrington (Boscana 1933) thought that Chingichngish might have been a historical figure, but most scholars have interpreted him as a deity. Alfred L. Kroeber (1925) suggested that Chingichngish beliefs were a historic-period native response to cultural shock of the missions, and Raymond C. White (1963) thought that they might have arisen in response to earlier contacts with European sailors along the California coast.
 The most distinctive characteristic of Chingichngish beliefs concerned the existence of a set of ""Chingichngish avengers"" who spied on human beings and enforced the moral code. These figures included Raven, Rattlesnake, Bear, Mountain Lion, and others. There were also ceremonial items sacred to Chingichngish, including mortars and winnowing trays. Chingichngish beliefs were associated with the initiation ceremonies for adolescent boys, during which the hallucinogenic plant Datura (Toloache, Jimsonweed, Datura wrightii) was ingested, but elements of these ceremonies were much more widely shared than were belief in the specific character of Chingichngish.
","
^ Hernández, Kelly Lytle (2017). City of Inmates: Conquest, Rebellion, and the Rise of Human Caging in Los Angeles, 1771–1965. UNC Press Books. p. 42. ISBN 9781469631196.

^ a b Moriarty, James Robert (1969). Chinigchinix: An Indigenous California Religion. Southwest Museum. p. 13. ISBN 9780916561147.

^ a b Michael Eugene Harkin, Reassessing revitalization movements: perspectives from North America and the Pacific Islands,  American Anthropological Association, U of Nebraska Press, 2004
ISBN 978-0-8032-2406-3, p. 15.

^ Williams, Matt (2015-08-27). ""The Dwarf Planet Quaoar"". Universe Today. Retrieved 2021-12-02.

^ Kroeber, Alfred. 1925. Handbook of the Indians of California, Volume 2

^ Harrington, John Peabody. 1933. Chinigchinich: A Revised and Annotated Version of Alfred Robinson's Translation of Father Geronimo Boscana's Historical Account of the Belief, Usages, Customs and Extravagancies of the Indians of This Mission of San Juan Capistrano Called the Acagchemem Tribe (1846). Hanna, ed. (online)

","chingichngish  also spelled chengiichngech   chinigchinix  chinigchinich  changitchnish  etc    also known as quaoar  also qua o ar  kwawar  etc    and by other names including ouiamot   tobet and saor   is an important mythological figure of the mission indians of coastal southern california  a group of takic speaking peoples  today divided into the  pay mkawichum  luise o   tongva  gabrieli o and fernande o   and acjachemem  juane o  peoples 
 chinigchinix was born  or first appeared  after the death of wiyot   a tyrannical ruler of the first beings  who was poisoned by his sons  
wiyot s murder brought death into the world  and as a consequence  the male creator night divided the first human ancestors into distinct peoples  assigning them languages and territories  
 in june             quaoar  a large trans neptunian object and ringed dwarf planet  was discovered and named after this deity  
 the name ouiamot is ostensibly similar to wiyot  ouiot   the name of another important figure  the primeval tyrant killed just before the appearance of chinigchinix  ouiamot is possibly to be taken as ouiamot the childhood name of chinigchinix  
 the name quaoar was first recorded by hugo reid in his      description of tongva  in the spelling qua o ar  quaoar s parents were tacu and auzar  or  according to other accounts  he was born of tamaayawut  mother earth   according to yet other accounts   he had neither father nor mother  
 both the tongva religion and language are recorded only fragmentarily 
as a consequence  the pronunciation of the name  quaoar is not known with certainty 
hugo reid        recorded it as qua o ar  suggesting that it was trisyllabic 
but the spanish year needed  transcribed it quaguar  suggesting two syllables    kwawa    reflecting the spanish use of gu for  w   
kroeber         spells it kwawar  though he notes reid s spelling as well  kwawar    qua o ar     
harrington        gives the most precise transcription  k w   uwar  in interpreting an      translation of a spanish text  
 given the general quality of harrington s work  this might be expected to be the most accurate as well  approximately   k a uwar   with three syllables  citation needed 
 in english it is   kw  w  r   with two syllables  citation needed 
 the takic beliefs are known only fragmentarily  as these peoples were christianized early  by spanish missionaries  during the late   th to early   th centuries 
only sparse material has been collected by ethnologists from the few remaining native speakers during   th century 
chingichngish  has variously been represented as a creator deity  a culture hero or lawgiver figure or a  prophet   who became associated with the figure of christ after the conversion of the takic peoples 
 this character was first mentioned in a description of the beliefs of the native peoples who were associated with the mission san juan capistrano in accounts written by the franciscan missionary ger nimo boscana in the     s  one version of boscana s manuscript was subsequently published by alfred robinson         who gave it  chinigchinich  as a title  
some subsequent scholars have characterized luise o religion in general  or certain portions of it  or a set of some more widely shared traits  as a chingichngish cult  dubois       kroeber       moriarty       
 john peabody harrington  boscana       thought that chingichngish might have been a historical figure  but most scholars have interpreted him as a deity  alfred l  kroeber        suggested that chingichngish beliefs were a historic period native response to cultural shock of the missions  and raymond c  white        thought that they might have arisen in response to earlier contacts with european sailors along the california coast 
 the most distinctive characteristic of chingichngish beliefs concerned the existence of a set of  chingichngish avengers  who spied on human beings and enforced the moral code  these figures included raven  rattlesnake  bear  mountain lion  and others  there were also ceremonial items sacred to chingichngish  including mortars and winnowing trays  chingichngish beliefs were associated with the initiation ceremonies for adolescent boys  during which the hallucinogenic plant datura  toloache  jimsonweed  datura wrightii  was ingested  but elements of these ceremonies were much more widely shared than were belief in the specific character of chingichngish 
","['chingichngish', 'also', 'spelled', 'chengiichngech', 'chinigchinix', 'chinigchinich', 'changitchnish', 'etc', 'also', 'known', 'quaoar', 'also', 'qua', 'kwawar', 'etc', 'names', 'including', 'ouiamot', 'tobet', 'saor', 'important', 'mythological', 'figure', 'mission', 'indians', 'coastal', 'southern', 'california', 'group', 'takic', 'speaking', 'peoples', 'today', 'divided', 'pay', 'mkawichum', 'luise', 'tongva', 'gabrieli', 'fernande', 'acjachemem', 'juane', 'peoples', 'chinigchinix', 'born', 'first', 'appeared', 'death', 'wiyot', 'tyrannical', 'ruler', 'first', 'beings', 'poisoned', 'sons', 'wiyot', 'murder', 'brought', 'death', 'world', 'consequence', 'male', 'creator', 'night', 'divided', 'first', 'human', 'ancestors', 'distinct', 'peoples', 'assigning', 'languages', 'territories', 'june', 'quaoar', 'large', 'trans', 'neptunian', 'object', 'ringed', 'dwarf', 'planet', 'discovered', 'named', 'deity', 'name', 'ouiamot', 'ostensibly', 'similar', 'wiyot', 'ouiot', 'name', 'another', 'important', 'figure', 'primeval', 'tyrant', 'killed', 'appearance', 'chinigchinix', 'ouiamot', 'possibly', 'taken', 'ouiamot', 'childhood', 'name', 'chinigchinix', 'name', 'quaoar', 'first', 'recorded', 'hugo', 'reid', 'description', 'tongva', 'spelling', 'qua', 'quaoar', 'parents', 'tacu', 'auzar', 'according', 'accounts', 'born', 'tamaayawut', 'mother', 'earth', 'according', 'yet', 'accounts', 'neither', 'father', 'mother', 'tongva', 'religion', 'language', 'recorded', 'fragmentarily', 'consequence', 'pronunciation', 'name', 'quaoar', 'known', 'certainty', 'hugo', 'reid', 'recorded', 'qua', 'suggesting', 'trisyllabic', 'spanish', 'year', 'needed', 'transcribed', 'quaguar', 'suggesting', 'two', 'syllables', 'kwawa', 'reflecting', 'spanish', 'use', 'kroeber', 'spells', 'kwawar', 'though', 'notes', 'reid', 'spelling', 'well', 'kwawar', 'qua', 'harrington', 'gives', 'precise', 'transcription', 'uwar', 'interpreting', 'translation', 'spanish', 'text', 'given', 'general', 'quality', 'harrington', 'work', 'might', 'expected', 'accurate', 'well', 'approximately', 'uwar', 'three', 'syllables', 'citation', 'needed', 'english', 'two', 'syllables', 'citation', 'needed', 'takic', 'beliefs', 'known', 'fragmentarily', 'peoples', 'christianized', 'early', 'spanish', 'missionaries', 'late', 'early', 'centuries', 'sparse', 'material', 'collected', 'ethnologists', 'remaining', 'native', 'speakers', 'century', 'chingichngish', 'variously', 'represented', 'creator', 'deity', 'culture', 'hero', 'lawgiver', 'figure', 'prophet', 'became', 'associated', 'figure', 'christ', 'conversion', 'takic', 'peoples', 'character', 'first', 'mentioned', 'description', 'beliefs', 'native', 'peoples', 'associated', 'mission', 'san', 'juan', 'capistrano', 'accounts', 'written', 'franciscan', 'missionary', 'ger', 'nimo', 'boscana', 'one', 'version', 'boscana', 'manuscript', 'subsequently', 'published', 'alfred', 'robinson', 'gave', 'chinigchinich', 'title', 'subsequent', 'scholars', 'characterized', 'luise', 'religion', 'general', 'certain', 'portions', 'set', 'widely', 'shared', 'traits', 'chingichngish', 'cult', 'dubois', 'kroeber', 'moriarty', 'john', 'peabody', 'harrington', 'boscana', 'thought', 'chingichngish', 'might', 'historical', 'figure', 'scholars', 'interpreted', 'deity', 'alfred', 'kroeber', 'suggested', 'chingichngish', 'beliefs', 'historic', 'period', 'native', 'response', 'cultural', 'shock', 'missions', 'raymond', 'white', 'thought', 'might', 'arisen', 'response', 'earlier', 'contacts', 'european', 'sailors', 'along', 'california', 'coast', 'distinctive', 'characteristic', 'chingichngish', 'beliefs', 'concerned', 'existence', 'set', 'chingichngish', 'avengers', 'spied', 'human', 'beings', 'enforced', 'moral', 'code', 'figures', 'included', 'raven', 'rattlesnake', 'bear', 'mountain', 'lion', 'others', 'also', 'ceremonial', 'items', 'sacred', 'chingichngish', 'including', 'mortars', 'winnowing', 'trays', 'chingichngish', 'beliefs', 'associated', 'initiation', 'ceremonies', 'adolescent', 'boys', 'hallucinogenic', 'plant', 'datura', 'toloache', 'jimsonweed', 'datura', 'wrightii', 'ingested', 'elements', 'ceremonies', 'much', 'widely', 'shared', 'belief', 'specific', 'character', 'chingichngish']"
Kylie Louw,"
 Kylie Ann Louw (born 15 January 1989, Johannesburg) is a South African former footballer who played as a midfielder.[1] She played for Stephen F. Austin State University.[2] She represented the South Africa women's national soccer team at the 2012 Summer Olympics.[citation needed]
 
 This biographical article related to women's association football in South Africa is a stub. You can help Wikipedia by adding missing information.","
^ ""Kylie Louw Bio, Stats, and Results"". Olympics at Sports-Reference.com. Archived from the original on 18 April 2020. Retrieved 8 November 2017.

^ ""SAFA.net - South African Football Association"". www.safa.net. Retrieved 5 June 2018.

","
 kylie ann louw  born    january       johannesburg  is a south african former footballer who played as a midfielder   she played for stephen f  austin state university   she represented the south africa women s national soccer team at the      summer olympics  citation needed 
 
 this biographical article related to women s association football in south africa is a stub  you can help wikipedia by adding missing information ","['kylie', 'ann', 'louw', 'born', 'january', 'johannesburg', 'south', 'african', 'former', 'footballer', 'played', 'midfielder', 'played', 'stephen', 'austin', 'state', 'university', 'represented', 'south', 'africa', 'women', 'national', 'soccer', 'team', 'summer', 'olympics', 'citation', 'needed', 'biographical', 'article', 'related', 'women', 'association', 'football', 'south', 'africa', 'stub', 'help', 'wikipedia', 'adding', 'missing', 'information']"
Odalisque (disambiguation),"An odalisque was a female slave of a Turkish harem.
 Odalisque may also refer to:
",,"an odalisque was a female slave of a turkish harem 
 odalisque may also refer to 
","['odalisque', 'female', 'slave', 'turkish', 'harem', 'odalisque', 'may', 'also', 'refer']"
Datascope Analytics,"Datascope Analytics was an American data-driven consulting and design firm based in Chicago, Illinois.[1] The firm was founded in 2009 by co-founders Mike Stringer and Dean Malmgren after the two realized the lodes that could be extracted from data science.[2] The company was acquired in 2017 by design firm Ideo.
 In addition to analyzing massive amounts of data, the firm built useful tools for people, organizations and companies to learn from data, and be more quantitative in how they approach different problems. Their data science services include strategy consulting, software development and training.
 Datascope was founded in 2009 by Mike Stringer and Dean Malmgren. Stringer received a BS in Engineering Physics from the University of Colorado and a PhD in Physics from Northwestern University. Malmgren received a BS from the University of Michigan and a PhD in Chemical and Biological Engineering from Northwestern University, where he was a research fellow alongside Stringer. It was during their time at Northwestern that they began to realize the lodes that could be extracted from data science, more specifically, the useful tools they can provide people, organization and companies.
 The company had worked with industry leaders like Thomson Reuters, Procter & Gamble, Motorola, Kaplan, Daegis, and the Detroit Pistons, to emerging tech companies and nonprofits.[3][4]
 In 2011, Datascope began the Data Science Chicago Meetup,[5] which now has over 3,635 members, as well as Data Science Madison,[6] founded in 2014, which currently has 363 active members. The group discussions range from tutorials on new technologies and their applications to success stories from practitioners, as well as cutting-edge academic data science and social activities. In 2016, they founded a Chicago Women in Machine Learning and Data Science team.[7] The Meetup discusses machine learning and data science in an informal setting with the purpose of learning about top-notch research and technology, while building a community around women in these fields.
 In 2014, Datascope launched a data science boot camp for New York-based Metis, part of the Kaplan education network, helping others accelerate their data science careers. Datascope helped create the curriculum. Recently, Kaplan expanded their data science boot camp into the San Francisco and Chicago market, still utilizing Datascope's curriculum as a basis.[8]
 In 2017, the company was acquired by American design form Ideo.[9]
 Bootstrapped since their inception, Datascope worked out of Northwestern University's Farley Center for Entrepreneurship and Innovation  their first year in business. Unlike most companies that have predetermined hierarchy, Datascope quickly adopted a completely flat company structure, which gives each employee the same monthly salary, and allows each employee the opportunity to take on a leadership role.[10] These roles are chosen based on whichever employee finds a particular project to be the most mentally and creatively stimulating. To ensure this, Datascope custom-built an operating agreement to retain a flat organizational structure that reflects the company's culture.
","
^ ""Data Scientist: STEM Boys Club Open To Women - InformationWeek"". InformationWeek. Retrieved 2018-06-21.

^ ""Why P&G turns to this little firm for big data analysis"". Crain's Chicago Business. 3 June 2015. Retrieved 2016-05-13.

^ ""How Motorola Uses Big Data Analytics to Improve Its Smartphones"". Datanami. 11 November 2014.

^ ""Analytics guru Wolf helps Pistons cut through data thicket"". Detroit Free Press.

^ ""Data Science Chicago (Chicago, IL)"". Meetup.

^ ""Data Science Madison (Madison, WI)"". Meetup.

^ ""About the Chicago Team - WiMLDS"". WiMLDS.

^ ""Metis Officially Expands Its Data Science Bootcamp to Chicago"". chicagoinno.streetwise.co.

^ ""Ideo's Plan To Stage An AI Revolution"". Fast Company. October 17, 2017.

^ Elahi, Amina. ""Why one Chicago company gives employees the same title and salary"". chicagotribune.com.

","datascope analytics was an american data driven consulting and design firm based in chicago  illinois   the firm was founded in      by co founders mike stringer and dean malmgren after the two realized the lodes that could be extracted from data science   the company was acquired in      by design firm ideo 
 in addition to analyzing massive amounts of data  the firm built useful tools for people  organizations and companies to learn from data  and be more quantitative in how they approach different problems  their data science services include strategy consulting  software development and training 
 datascope was founded in      by mike stringer and dean malmgren  stringer received a bs in engineering physics from the university of colorado and a phd in physics from northwestern university  malmgren received a bs from the university of michigan and a phd in chemical and biological engineering from northwestern university  where he was a research fellow alongside stringer  it was during their time at northwestern that they began to realize the lodes that could be extracted from data science  more specifically  the useful tools they can provide people  organization and companies 
 the company had worked with industry leaders like thomson reuters  procter   gamble  motorola  kaplan  daegis  and the detroit pistons  to emerging tech companies and nonprofits   
 in       datascope began the data science chicago meetup   which now has over       members  as well as data science madison   founded in       which currently has     active members  the group discussions range from tutorials on new technologies and their applications to success stories from practitioners  as well as cutting edge academic data science and social activities  in       they founded a chicago women in machine learning and data science team   the meetup discusses machine learning and data science in an informal setting with the purpose of learning about top notch research and technology  while building a community around women in these fields 
 in       datascope launched a data science boot camp for new york based metis  part of the kaplan education network  helping others accelerate their data science careers  datascope helped create the curriculum  recently  kaplan expanded their data science boot camp into the san francisco and chicago market  still utilizing datascope s curriculum as a basis  
 in       the company was acquired by american design form ideo  
 bootstrapped since their inception  datascope worked out of northwestern university s farley center for entrepreneurship and innovation  their first year in business  unlike most companies that have predetermined hierarchy  datascope quickly adopted a completely flat company structure  which gives each employee the same monthly salary  and allows each employee the opportunity to take on a leadership role   these roles are chosen based on whichever employee finds a particular project to be the most mentally and creatively stimulating  to ensure this  datascope custom built an operating agreement to retain a flat organizational structure that reflects the company s culture 
","['datascope', 'analytics', 'american', 'data', 'driven', 'consulting', 'design', 'firm', 'based', 'chicago', 'illinois', 'firm', 'founded', 'founders', 'mike', 'stringer', 'dean', 'malmgren', 'two', 'realized', 'lodes', 'could', 'extracted', 'data', 'science', 'company', 'acquired', 'design', 'firm', 'ideo', 'addition', 'analyzing', 'massive', 'amounts', 'data', 'firm', 'built', 'useful', 'tools', 'people', 'organizations', 'companies', 'learn', 'data', 'quantitative', 'approach', 'different', 'problems', 'data', 'science', 'services', 'include', 'strategy', 'consulting', 'software', 'development', 'training', 'datascope', 'founded', 'mike', 'stringer', 'dean', 'malmgren', 'stringer', 'received', 'engineering', 'physics', 'university', 'colorado', 'phd', 'physics', 'northwestern', 'university', 'malmgren', 'received', 'university', 'michigan', 'phd', 'chemical', 'biological', 'engineering', 'northwestern', 'university', 'research', 'fellow', 'alongside', 'stringer', 'time', 'northwestern', 'began', 'realize', 'lodes', 'could', 'extracted', 'data', 'science', 'specifically', 'useful', 'tools', 'provide', 'people', 'organization', 'companies', 'company', 'worked', 'industry', 'leaders', 'like', 'thomson', 'reuters', 'procter', 'gamble', 'motorola', 'kaplan', 'daegis', 'detroit', 'pistons', 'emerging', 'tech', 'companies', 'nonprofits', 'datascope', 'began', 'data', 'science', 'chicago', 'meetup', 'members', 'well', 'data', 'science', 'madison', 'founded', 'currently', 'active', 'members', 'group', 'discussions', 'range', 'tutorials', 'new', 'technologies', 'applications', 'success', 'stories', 'practitioners', 'well', 'cutting', 'edge', 'academic', 'data', 'science', 'social', 'activities', 'founded', 'chicago', 'women', 'machine', 'learning', 'data', 'science', 'team', 'meetup', 'discusses', 'machine', 'learning', 'data', 'science', 'informal', 'setting', 'purpose', 'learning', 'top', 'notch', 'research', 'technology', 'building', 'community', 'around', 'women', 'fields', 'datascope', 'launched', 'data', 'science', 'boot', 'camp', 'new', 'york', 'based', 'metis', 'part', 'kaplan', 'education', 'network', 'helping', 'others', 'accelerate', 'data', 'science', 'careers', 'datascope', 'helped', 'create', 'curriculum', 'recently', 'kaplan', 'expanded', 'data', 'science', 'boot', 'camp', 'san', 'francisco', 'chicago', 'market', 'still', 'utilizing', 'datascope', 'curriculum', 'basis', 'company', 'acquired', 'american', 'design', 'form', 'ideo', 'bootstrapped', 'since', 'inception', 'datascope', 'worked', 'northwestern', 'university', 'farley', 'center', 'entrepreneurship', 'innovation', 'first', 'year', 'business', 'unlike', 'companies', 'predetermined', 'hierarchy', 'datascope', 'quickly', 'adopted', 'completely', 'flat', 'company', 'structure', 'gives', 'employee', 'monthly', 'salary', 'allows', 'employee', 'opportunity', 'take', 'leadership', 'role', 'roles', 'chosen', 'based', 'whichever', 'employee', 'finds', 'particular', 'project', 'mentally', 'creatively', 'stimulating', 'ensure', 'datascope', 'custom', 'built', 'operating', 'agreement', 'retain', 'flat', 'organizational', 'structure', 'reflects', 'company', 'culture']"
Indiana–Notre Dame men's soccer rivalry,"
 The Indiana–Notre Dame men's soccer rivalry is a college soccer rivalry between the Indiana Hoosiers men's soccer team and the Notre Dame Fighting Irish men's soccer program. The two programs are two of the most successful college soccer programs in the state of Indiana.
 Historically, the rivalry has favored Indiana, who were dominant from the 1970s to the 1990s over Notre Dame. During this period of time, the Hoosiers and Irish played 22 matches against each other, with the Hoosiers having a 20–1–1 record over the Irish.[1] Since the turn of the 21st century, the series has been much more competitive, as Indiana has a 11–10–1 advantage of Notre Dame.
 Indiana began their varsity soccer program in 1973, while Notre Dame began theirs in 1977. The matches held in 1973 and 1974 were between Indiana's varsity team and the Notre Dame club team. For Notre Dame's records, the first match between the two programs was October 22, 1978 where Indiana won 7–1, while the first match in Indiana's records was September 14, 1973 where Indiana won 5–1. Indiana won the first ten matches of the series before Notre Dame earned their win in 1987.
 In 1994, the programs met for the first time in the NCAA Division I Men's Soccer Tournament. The match, held in Bloomington, saw Indiana win 1–0 over Notre Dame.[2]
 Over the 2010s, the series has become seen as a more fierce rivalry, as players and coaches have called the match up between the two sides as an emotional affair.[3] In 2018, Fred Glass, Indiana athletic director, called Notre Dame one of Indiana soccer's ""biggest rivals"".[4]
 On November 30, 2018, the programs met for the fifth time in the NCAA Tournament,[5] where Indiana came out victorious, 1–0.[6] The match was played in front of 5,159 fans, making it the eighth largest crowd in the history of Bill Armstrong Stadium.[7]
","
^ a b c d e f NCAA Tournament game.[8]

 
^ ""University of Notre Dame Men's Soccer Media Supplement"" (PDF). und.com. University of Notre Dame Athletics. Retrieved December 22, 2018.

^ ""#5 Men's Soccer Set To Face #1 Indiana Live On National Television"". September 14, 2004. Retrieved December 24, 2018. Notre Dame enters Wednesday's match against #1 Indiana having faced the nation's top-ranked team just three times previously in the program's history. Two of those meetings came vs. Indiana (0-1 loss in 1994, 0-4 loss in 1997) with the other coming vs. Connecticut in 1998 (0-2 loss).

^ Hutchens, Terry (November 30, 2018). ""IU soccer advances to 20th College Cup with 1-0 victory over Notre Dame"". The Herald Bulletin. Retrieved December 19, 2018.

^ Johnston, Kevin (November 30, 2018). ""IU soccer advances to NCAA record 20th College Cup with 1-0 win over Notre Dame"". The Indianapolis Star. ""It's a tremendous program obviously, but every team's different,"" explained IU athletic director Fred Glass. ""For these guys to go almost all the way last year, they weren't to be denied this year. They've been on a mission, and to beat Notre Dame — one of our biggest rivals — here on our home field in front of a sellout crowd, is a very, very special night."" {{cite web}}: Missing or empty |url= (help)

^ Wallace, Dylan (November 28, 2018). ""Men's soccer is ready for the challenge of Notre Dame on Friday"". Indiana Daily Student. Retrieved December 20, 2018.

^ Price, Jeremy (December 1, 2018). ""Indiana upends Notre Dame in men's soccer quarterfinal"". Bloomington Herald-Times. ndinsider.com. Retrieved December 24, 2018.

^ Schumann, Mike (November 30, 2018). ""Indiana Men's Soccer Defeats Notre Dame 1-0 and Advances to College Cup"". The Daily Hoosier. Retrieved December 24, 2018. Pushed on by 5,159 fans, the 8th largest crowd in Bill Armstrong Stadium history, the Hoosiers found their edge in the second half after a sluggish start.

^ ""Indiana University Men's Soccer Media Guide (2018)"" (PDF). iuhoosiers.com. August 13, 2018. Retrieved December 24, 2018.

","
 the indiana notre dame men s soccer rivalry is a college soccer rivalry between the indiana hoosiers men s soccer team and the notre dame fighting irish men s soccer program  the two programs are two of the most successful college soccer programs in the state of indiana 
 historically  the rivalry has favored indiana  who were dominant from the     s to the     s over notre dame  during this period of time  the hoosiers and irish played    matches against each other  with the hoosiers having a        record over the irish   since the turn of the   st century  the series has been much more competitive  as indiana has a         advantage of notre dame 
 indiana began their varsity soccer program in       while notre dame began theirs in       the matches held in      and      were between indiana s varsity team and the notre dame club team  for notre dame s records  the first match between the two programs was october          where indiana won      while the first match in indiana s records was september          where indiana won      indiana won the first ten matches of the series before notre dame earned their win in      
 in       the programs met for the first time in the ncaa division i men s soccer tournament  the match  held in bloomington  saw indiana win     over notre dame  
 over the     s  the series has become seen as a more fierce rivalry  as players and coaches have called the match up between the two sides as an emotional affair   in       fred glass  indiana athletic director  called notre dame one of indiana soccer s  biggest rivals   
 on november           the programs met for the fifth time in the ncaa tournament   where indiana came out victorious        the match was played in front of       fans  making it the eighth largest crowd in the history of bill armstrong stadium  
","['indiana', 'notre', 'dame', 'men', 'soccer', 'rivalry', 'college', 'soccer', 'rivalry', 'indiana', 'hoosiers', 'men', 'soccer', 'team', 'notre', 'dame', 'fighting', 'irish', 'men', 'soccer', 'program', 'two', 'programs', 'two', 'successful', 'college', 'soccer', 'programs', 'state', 'indiana', 'historically', 'rivalry', 'favored', 'indiana', 'dominant', 'notre', 'dame', 'period', 'time', 'hoosiers', 'irish', 'played', 'matches', 'hoosiers', 'record', 'irish', 'since', 'turn', 'century', 'series', 'much', 'competitive', 'indiana', 'advantage', 'notre', 'dame', 'indiana', 'began', 'varsity', 'soccer', 'program', 'notre', 'dame', 'began', 'matches', 'held', 'indiana', 'varsity', 'team', 'notre', 'dame', 'club', 'team', 'notre', 'dame', 'records', 'first', 'match', 'two', 'programs', 'october', 'indiana', 'first', 'match', 'indiana', 'records', 'september', 'indiana', 'indiana', 'first', 'ten', 'matches', 'series', 'notre', 'dame', 'earned', 'win', 'programs', 'met', 'first', 'time', 'ncaa', 'division', 'men', 'soccer', 'tournament', 'match', 'held', 'bloomington', 'saw', 'indiana', 'win', 'notre', 'dame', 'series', 'become', 'seen', 'fierce', 'rivalry', 'players', 'coaches', 'called', 'match', 'two', 'sides', 'emotional', 'affair', 'fred', 'glass', 'indiana', 'athletic', 'director', 'called', 'notre', 'dame', 'one', 'indiana', 'soccer', 'biggest', 'rivals', 'november', 'programs', 'met', 'fifth', 'time', 'ncaa', 'tournament', 'indiana', 'came', 'victorious', 'match', 'played', 'front', 'fans', 'making', 'eighth', 'largest', 'crowd', 'history', 'bill', 'armstrong', 'stadium']"
"Esenyayla, Göle","Esenyayla is a village in the Göle District, Ardahan Province, Turkey.[1] Its population is 426 (2021).[2]
 
 This geographical article about a location in Ardahan Province, Turkey is a stub. You can help Wikipedia by adding missing information.","
^ Köy Archived 2015-07-06 at the Wayback Machine, Turkey Civil Administration Departments Inventory. Retrieved 15 January 2023.

^ ""Address-based population registration system (ADNKS) results dated 31 December 2021"" (XLS) (in Turkish). TÜİK. Retrieved 12 January 2023.

","esenyayla is a village in the g le district  ardahan province  turkey   its population is             
 
 this geographical article about a location in ardahan province  turkey is a stub  you can help wikipedia by adding missing information ","['esenyayla', 'village', 'district', 'ardahan', 'province', 'turkey', 'population', 'geographical', 'article', 'location', 'ardahan', 'province', 'turkey', 'stub', 'help', 'wikipedia', 'adding', 'missing', 'information']"
Simon Sherry-Wood,"Simon Sherry-Wood (born November 7, 1984) is an Irish-born American television personality and model, best known for his appearances on The Real World and RuPaul's Drag Race.[1][2][3]
 Sherry-Wood started his career on a reality television series Real World. He was a cast member of The Real World: Paris in 2003.[2] He later joined RuPaul's Drag Race as a pit crew member.[1][4]
 Born in Dublin, Ireland, Sherry-Wood emigrated to the United States in his early 20s, and became a naturalized American citizen in 2020.[5]
","
^ a b ""Former ""Real World"" Star Lands Half-Naked ""RuPaul's Drag Race"" Gig | toofab.com"". toofab.

^ a b Avery 2/22/2014, Dan. """"Real World"" Star Simon Sherry-Wood Is New Pit Crew Hunk On ""RuPaul's Drag Race"""". LOGO News.{{cite web}}:  CS1 maint: numeric names: authors list (link)

^ ""Drag Race Models"". May 29, 2014.

^ ""Drag Race Pit Crew member Simon Sherry-Wood gets completely naked on the beach"". Attitude.co.uk. January 23, 2018.

^ Sherry-Wood, Simon. ""Proud to be a gay Irish American citizen!"". Instagram. Archived from the original on 2021-12-26. Retrieved 5 April 2020.

","simon sherry wood  born november          is an irish born american television personality and model  best known for his appearances on the real world and rupaul s drag race    
 sherry wood started his career on a reality television series real world  he was a cast member of the real world  paris in        he later joined rupaul s drag race as a pit crew member   
 born in dublin  ireland  sherry wood emigrated to the united states in his early   s  and became a naturalized american citizen in       
","['simon', 'sherry', 'wood', 'born', 'november', 'irish', 'born', 'american', 'television', 'personality', 'model', 'best', 'known', 'appearances', 'real', 'world', 'rupaul', 'drag', 'race', 'sherry', 'wood', 'started', 'career', 'reality', 'television', 'series', 'real', 'world', 'cast', 'member', 'real', 'world', 'paris', 'later', 'joined', 'rupaul', 'drag', 'race', 'pit', 'crew', 'member', 'born', 'dublin', 'ireland', 'sherry', 'wood', 'emigrated', 'united', 'states', 'early', 'became', 'naturalized', 'american', 'citizen']"
Wendlingen (Neckar) station,"Wendlingen (Neckar) station (formerly Unterboihingen station) is the only station in the town of Wendlingen in the German state of Baden-Württemberg and is a railway junction on the Plochingen–Immendingen railway from which the Teck Railway branches. It is served by regional trains and the Stuttgart S-Bahn.
 On 20 September 1859 the Royal Württemberg State Railways opened the Plochingen–Reutlingen line, the first section of the Upper Neckar Railway. Its first stop after Plochingen was Unterboihingen station, which was about 700 metres north of Unterboihingen village.
 As a connection to the district of Kirchheim was not under consideration by the State Railways, the city council sought on 13 August 1860 permission for a private railway company to build the connection. The railway would run from Unterboihingen to Kirchheim. On 12 August 1863 the Württemberg State Parliament approved its construction. The starting point of the eastward running line was at the Hotel Keim, which had a platform. On 21 September 1864 the Kirchheim Railway Company (Kirchheimer Eisenbahn-Gesellschaft) commenced operations. On 1 January 1899, the Royal Württemberg State Railways took over the Teck Railway (Teckbahn). In 1902, a second track was added to the Plochingen–Reutlingen section.
 In 1913, the director of the Behr Company, who had been a resident in Wendlingen for a year, sought to have the station renamed as ""Unterboihingen-Wendlingen"". The community in Wendlingen supported him. The State Railway Board refused, however, and even pointed out that if there was a name change, it would be called after the larger town of Köngen. Double names could also only be used in exceptional cases. After the Württemberg State Railways was absorbed into the Deutsche Reichsbahn, Wendlingen asked the Railway Administration (Reichsbahndirektion) in Stuttgart to rename the station after the town on 25 April 1921. Meanwhile, Köngen and Wendlingen had become almost equal in population and Pfauhausen-Steinbach station had been given a double name without complaint. Nevertheless, the Stuttgart Railway Administration again denied the request. Again on 30 November 1927, the Railway Administration pointed to Wendlingen's disadvantage in size compared to Köngen. In 1933 the deputy mayor of Wendlingen pointed out to the Railway Administration that Wendlingen and Unterboihingen had grown together and that Wendlingen had about 3,000 inhabitants compared to Unterboihingen with 1,100 inhabitants. On 1 April 1940, the communities of Wendlingen, Unterboihingen and Bodelshofen merged and the station received its present name of Wendlingen (Neckar).
 After the Second World War, on 20 October 1946, the citizens of Unterboihingens petitioned the Baden-Württemberg Ministry of the Interior to disincorporate from Wendlingen. A long dispute followed. On 11 December 1950, as a compromise, the Ministry of the Interior suggested that the station be renamed Wendlingen-Unterboihingen. Wendlingen had little sympathy for this and it did not satisfy the representatives of Unterboihingen. Tempers eventually calmed down.
 Already in the 1970s, the Deutsche Bundesbahn planned the continuation of the S-Bahn from Plochingen to Kirchheim. Implementation, however, lasted for several decades and work only commenced on 23 July 2008. S-Bahn line S1 has operated on the Teck Railway since 12 December 2009.
 The station building was constructed in 1859 and its two annexes still exist. The ground floor, which has arched windows and doors, is made of sandstone. The upper floor, where an official residence was located, is painted light beige. The walls under the eaves is decorated with half-timbered elements.
 In September 1900, the building was given a single-storey extension towards the south. In it were a room for the traffic controller and a post office. In 1902, it was connected with the telegraph network.
 After the extension for the post office was no longer sufficient, it got a new extension to the south, a two-storey building with a hipped roof and wood panelling on the upper floor facade.
 The last renovation was on the north side of the entrance building, which has a sign with the name “Wendlingen (Neckar)”, while the south side has a sign with the name “Unterboihingen”.
 The station has five platform tracks. Track 1 is next to the station building and is used by regional trains towards Plochingen. Track 2 is used by trains towards Nürtingen. Track 3 is also used by regional trains towards Nürtingen. Track 11 is served by S-Bahn to Kirchheim and is connected to the main platform (track 1). Track 12 is served by S-Bahn trains to Plochingen.
 Wendlingen (Neckar) station is classified by Deutsche Bahn as a category 4 station.
","
^ a b ""Stationspreisliste 2026"" [Station price list 2026] (PDF) (in German). DB InfraGO. 3 December 2025. Retrieved 5 December 2025.


^ Eisenbahnatlas Deutschland (German railway atlas) (2009/2010 ed.). Schweers + Wall. 2009. ISBN 978-3-89494-139-0.

^ ""Tarifzoneneinteilung"" (PDF). Verkehrs- und Tarifverbund Stuttgart. 1 April 2020. Retrieved 16 April 2020.

","wendlingen  neckar  station  formerly unterboihingen station  is the only station in the town of wendlingen in the german state of baden w rttemberg and is a railway junction on the plochingen immendingen railway from which the teck railway branches  it is served by regional trains and the stuttgart s bahn 
 on    september      the royal w rttemberg state railways opened the plochingen reutlingen line  the first section of the upper neckar railway  its first stop after plochingen was unterboihingen station  which was about     metres north of unterboihingen village 
 as a connection to the district of kirchheim was not under consideration by the state railways  the city council sought on    august      permission for a private railway company to build the connection  the railway would run from unterboihingen to kirchheim  on    august      the w rttemberg state parliament approved its construction  the starting point of the eastward running line was at the hotel keim  which had a platform  on    september      the kirchheim railway company  kirchheimer eisenbahn gesellschaft  commenced operations  on   january       the royal w rttemberg state railways took over the teck railway  teckbahn   in       a second track was added to the plochingen reutlingen section 
 in       the director of the behr company  who had been a resident in wendlingen for a year  sought to have the station renamed as  unterboihingen wendlingen   the community in wendlingen supported him  the state railway board refused  however  and even pointed out that if there was a name change  it would be called after the larger town of k ngen  double names could also only be used in exceptional cases  after the w rttemberg state railways was absorbed into the deutsche reichsbahn  wendlingen asked the railway administration  reichsbahndirektion  in stuttgart to rename the station after the town on    april       meanwhile  k ngen and wendlingen had become almost equal in population and pfauhausen steinbach station had been given a double name without complaint  nevertheless  the stuttgart railway administration again denied the request  again on    november       the railway administration pointed to wendlingen s disadvantage in size compared to k ngen  in      the deputy mayor of wendlingen pointed out to the railway administration that wendlingen and unterboihingen had grown together and that wendlingen had about       inhabitants compared to unterboihingen with       inhabitants  on   april       the communities of wendlingen  unterboihingen and bodelshofen merged and the station received its present name of wendlingen  neckar  
 after the second world war  on    october       the citizens of unterboihingens petitioned the baden w rttemberg ministry of the interior to disincorporate from wendlingen  a long dispute followed  on    december       as a compromise  the ministry of the interior suggested that the station be renamed wendlingen unterboihingen  wendlingen had little sympathy for this and it did not satisfy the representatives of unterboihingen  tempers eventually calmed down 
 already in the     s  the deutsche bundesbahn planned the continuation of the s bahn from plochingen to kirchheim  implementation  however  lasted for several decades and work only commenced on    july       s bahn line s  has operated on the teck railway since    december      
 the station building was constructed in      and its two annexes still exist  the ground floor  which has arched windows and doors  is made of sandstone  the upper floor  where an official residence was located  is painted light beige  the walls under the eaves is decorated with half timbered elements 
 in september       the building was given a single storey extension towards the south  in it were a room for the traffic controller and a post office  in       it was connected with the telegraph network 
 after the extension for the post office was no longer sufficient  it got a new extension to the south  a two storey building with a hipped roof and wood panelling on the upper floor facade 
 the last renovation was on the north side of the entrance building  which has a sign with the name  wendlingen  neckar    while the south side has a sign with the name  unterboihingen  
 the station has five platform tracks  track   is next to the station building and is used by regional trains towards plochingen  track   is used by trains towards n rtingen  track   is also used by regional trains towards n rtingen  track    is served by s bahn to kirchheim and is connected to the main platform  track     track    is served by s bahn trains to plochingen 
 wendlingen  neckar  station is classified by deutsche bahn as a category   station 
","['wendlingen', 'neckar', 'station', 'formerly', 'unterboihingen', 'station', 'station', 'town', 'wendlingen', 'german', 'state', 'baden', 'rttemberg', 'railway', 'junction', 'plochingen', 'immendingen', 'railway', 'teck', 'railway', 'branches', 'served', 'regional', 'trains', 'stuttgart', 'bahn', 'september', 'royal', 'rttemberg', 'state', 'railways', 'opened', 'plochingen', 'reutlingen', 'line', 'first', 'section', 'upper', 'neckar', 'railway', 'first', 'stop', 'plochingen', 'unterboihingen', 'station', 'metres', 'north', 'unterboihingen', 'village', 'connection', 'district', 'kirchheim', 'consideration', 'state', 'railways', 'city', 'council', 'sought', 'august', 'permission', 'private', 'railway', 'company', 'build', 'connection', 'railway', 'would', 'run', 'unterboihingen', 'kirchheim', 'august', 'rttemberg', 'state', 'parliament', 'approved', 'construction', 'starting', 'point', 'eastward', 'running', 'line', 'hotel', 'keim', 'platform', 'september', 'kirchheim', 'railway', 'company', 'kirchheimer', 'eisenbahn', 'gesellschaft', 'commenced', 'operations', 'january', 'royal', 'rttemberg', 'state', 'railways', 'took', 'teck', 'railway', 'teckbahn', 'second', 'track', 'added', 'plochingen', 'reutlingen', 'section', 'director', 'behr', 'company', 'resident', 'wendlingen', 'year', 'sought', 'station', 'renamed', 'unterboihingen', 'wendlingen', 'community', 'wendlingen', 'supported', 'state', 'railway', 'board', 'refused', 'however', 'even', 'pointed', 'name', 'change', 'would', 'called', 'larger', 'town', 'ngen', 'double', 'names', 'could', 'also', 'used', 'exceptional', 'cases', 'rttemberg', 'state', 'railways', 'absorbed', 'deutsche', 'reichsbahn', 'wendlingen', 'asked', 'railway', 'administration', 'reichsbahndirektion', 'stuttgart', 'rename', 'station', 'town', 'april', 'meanwhile', 'ngen', 'wendlingen', 'become', 'almost', 'equal', 'population', 'pfauhausen', 'steinbach', 'station', 'given', 'double', 'name', 'without', 'complaint', 'nevertheless', 'stuttgart', 'railway', 'administration', 'denied', 'request', 'november', 'railway', 'administration', 'pointed', 'wendlingen', 'disadvantage', 'size', 'compared', 'ngen', 'deputy', 'mayor', 'wendlingen', 'pointed', 'railway', 'administration', 'wendlingen', 'unterboihingen', 'grown', 'together', 'wendlingen', 'inhabitants', 'compared', 'unterboihingen', 'inhabitants', 'april', 'communities', 'wendlingen', 'unterboihingen', 'bodelshofen', 'merged', 'station', 'received', 'present', 'name', 'wendlingen', 'neckar', 'second', 'world', 'war', 'october', 'citizens', 'unterboihingens', 'petitioned', 'baden', 'rttemberg', 'ministry', 'interior', 'disincorporate', 'wendlingen', 'long', 'dispute', 'followed', 'december', 'compromise', 'ministry', 'interior', 'suggested', 'station', 'renamed', 'wendlingen', 'unterboihingen', 'wendlingen', 'little', 'sympathy', 'satisfy', 'representatives', 'unterboihingen', 'tempers', 'eventually', 'calmed', 'already', 'deutsche', 'bundesbahn', 'planned', 'continuation', 'bahn', 'plochingen', 'kirchheim', 'implementation', 'however', 'lasted', 'several', 'decades', 'work', 'commenced', 'july', 'bahn', 'line', 'operated', 'teck', 'railway', 'since', 'december', 'station', 'building', 'constructed', 'two', 'annexes', 'still', 'exist', 'ground', 'floor', 'arched', 'windows', 'doors', 'made', 'sandstone', 'upper', 'floor', 'official', 'residence', 'located', 'painted', 'light', 'beige', 'walls', 'eaves', 'decorated', 'half', 'timbered', 'elements', 'september', 'building', 'given', 'single', 'storey', 'extension', 'towards', 'south', 'room', 'traffic', 'controller', 'post', 'office', 'connected', 'telegraph', 'network', 'extension', 'post', 'office', 'longer', 'sufficient', 'got', 'new', 'extension', 'south', 'two', 'storey', 'building', 'hipped', 'roof', 'wood', 'panelling', 'upper', 'floor', 'facade', 'last', 'renovation', 'north', 'side', 'entrance', 'building', 'sign', 'name', 'wendlingen', 'neckar', 'south', 'side', 'sign', 'name', 'unterboihingen', 'station', 'five', 'platform', 'tracks', 'track', 'next', 'station', 'building', 'used', 'regional', 'trains', 'towards', 'plochingen', 'track', 'used', 'trains', 'towards', 'rtingen', 'track', 'also', 'used', 'regional', 'trains', 'towards', 'rtingen', 'track', 'served', 'bahn', 'kirchheim', 'connected', 'main', 'platform', 'track', 'track', 'served', 'bahn', 'trains', 'plochingen', 'wendlingen', 'neckar', 'station', 'classified', 'deutsche', 'bahn', 'category', 'station']"
Alice Hambidge,"
 Alice Marian Hambidge (2 October 1869 – 20 January 1947) was an Australian artist.[1]
 Born in Kensington, South Australia on 2 October 1869, Hambidge received art training at the School of Design in Adelaide in 1893.[2] Her sisters Helen and Millicent were also artists.[3]
 Her work is included in the collections of the Art Gallery of South Australia,[1] the Art Gallery of New South Wales[4] and the National Library of Australia.[5]
 Hambidge Crescent in the Canberra suburb of Chisholm is named in honour of her and her sisters.[6]
 This article about an artist from Australia is a stub. You can help Wikipedia by adding missing information.","
^ a b ""Alice Hambidge"". AGSA – Online Collection. Retrieved 9 January 2020.

^ ""Alice Hambidge"". Design & Art Australia Online. Archived from the original on 12 March 2016. Retrieved 9 January 2020.

^ ""THE HAMBIDGE SISTERS"". Register. 12 December 1925. p. 13. Retrieved 30 December 2025.

^ ""Works by Alice Hambidge :: The Collection :: Art Gallery NSW"". www.artgallery.nsw.gov.au. Retrieved 9 January 2020.

^ ""Statue of Venus, North Terrace, Adelaide, probably 1909"". nla.gov.au. Retrieved 9 January 2020.

^ ""Schedule 'B' National Memorials Ordinance 1928–1972 Street Nomenclature List of Additional Names with Reference to Origin: Commonwealth of Australia Gazette. Special (National: 1977–2012) – 8 Feb 1978"". Trove. p. 12. Retrieved 2 April 2020.

","
 alice marian hambidge    october           january       was an australian artist  
 born in kensington  south australia on   october       hambidge received art training at the school of design in adelaide in        her sisters helen and millicent were also artists  
 her work is included in the collections of the art gallery of south australia   the art gallery of new south wales  and the national library of australia  
 hambidge crescent in the canberra suburb of chisholm is named in honour of her and her sisters  
 this article about an artist from australia is a stub  you can help wikipedia by adding missing information ","['alice', 'marian', 'hambidge', 'october', 'january', 'australian', 'artist', 'born', 'kensington', 'south', 'australia', 'october', 'hambidge', 'received', 'art', 'training', 'school', 'design', 'adelaide', 'sisters', 'helen', 'millicent', 'also', 'artists', 'work', 'included', 'collections', 'art', 'gallery', 'south', 'australia', 'art', 'gallery', 'new', 'south', 'wales', 'national', 'library', 'australia', 'hambidge', 'crescent', 'canberra', 'suburb', 'chisholm', 'named', 'honour', 'sisters', 'article', 'artist', 'australia', 'stub', 'help', 'wikipedia', 'adding', 'missing', 'information']"
KJLV,"KJLV may refer to:
",,"kjlv may refer to 
","['kjlv', 'may', 'refer']"
Euryctista,"
 Euryctista is a genus of moths in the family Gelechiidae. It contains the species Euryctista hobohmi, which is found in Namibia and South Africa.[1][2]
 
 This article on a moth of the subfamily Anomologinae is a stub. You can help Wikipedia by adding missing information.","
^ funet.fi

^ Afro Moths

","
 euryctista is a genus of moths in the family gelechiidae  it contains the species euryctista hobohmi  which is found in namibia and south africa   
 
 this article on a moth of the subfamily anomologinae is a stub  you can help wikipedia by adding missing information ","['euryctista', 'genus', 'moths', 'family', 'gelechiidae', 'contains', 'species', 'euryctista', 'hobohmi', 'found', 'namibia', 'south', 'africa', 'article', 'moth', 'subfamily', 'anomologinae', 'stub', 'help', 'wikipedia', 'adding', 'missing', 'information']"
Black Bob (musician),"Black Bob (fl. 1930s)[1] was the pseudonym used by an American blues piano player, based in Chicago, who recorded widely in the 1930s accompanying other performers.  His real name is unknown, but suggestions have included Bob Hudson,[1] Bob Robinson, Bob Alexander,[1] and Bob Schanault (or Chenault).
 Almost nothing is known of his life beyond his recordings.  According to Chicago pianist Charlie West, he became known as Black Jack in Cincinnati, Ohio, before moving around 1927 to Chicago where he adopted the name Black Bob.  Reportedly, Big Bill Broonzy thought that his real name was Robert Alexander, though Memphis Slim gave his name as Bob Hudson.[2]  It was once erroneously suggested that Black Bob was a pseudonym for Bob Call.[3] Reviewing the evidence, researcher Bob Eagle raised the possibility that he may have been the Bob Schanault (possibly misspelled) who recorded with Memphis Minnie in 1936.[2]
 Black Bob was the pianist on many Chicago blues recordings of the mid and late 1930s, notably for the Bluebird and Vocalion labels.[4]  His recordings included sessions by Broonzy, Amos Easton, Jazz Gillum, Lil Johnson, Red Nelson,[5] Kansas Joe McCoy, Memphis Minnie, Merline Johnson, Papa Charlie McCoy, Tampa Red, Casey Bill Weldon, and Washboard Sam.[2]  One reviewer described his ""muscular runs and rippling fills... clearly... an accomplished professional of his day.""[4]  Although he seems not to have recorded after 1938 or perhaps 1941, Memphis Minnie reported that she both performed and recorded with him in her backing band as late as 1954.[2]
 Nothing is known of his later life.
 This article about a blues musician from the United States is a stub. You can help Wikipedia by adding missing information. This article about an American pianist is a stub. You can help Wikipedia by adding missing information.","
^ a b c Colin Larkin, ed. (1995). The Guinness Who's Who of Blues (Second ed.). Guinness Publishing. pp. 37/8. ISBN 0-85112-673-1.

^ a b c d ""Blues Piano Ghost Notes : Piano Kid Edwards & Black Bob"". Chicago SouthSide Piano. 4 April 2014. Archived from the original on October 15, 2014. Retrieved 2016-11-04.

^ ""Bob Call"". Discogs.com. Retrieved 9 January 2022.

^ a b David Beaudouin (2004). Edward Komara (ed.). ""Black Bob"" in The Blues Encyclopedia. Routledge. p. 85. ISBN 9781135958329.

^ ""Red Nelson - 1935-1938 (Vinyl, LP)"". Discogs.com. 1988. Retrieved 2016-11-02.

","black bob  fl      s   was the pseudonym used by an american blues piano player  based in chicago  who recorded widely in the     s accompanying other performers   his real name is unknown  but suggestions have included bob hudson   bob robinson  bob alexander   and bob schanault  or chenault  
 almost nothing is known of his life beyond his recordings   according to chicago pianist charlie west  he became known as black jack in cincinnati  ohio  before moving around      to chicago where he adopted the name black bob   reportedly  big bill broonzy thought that his real name was robert alexander  though memphis slim gave his name as bob hudson    it was once erroneously suggested that black bob was a pseudonym for bob call   reviewing the evidence  researcher bob eagle raised the possibility that he may have been the bob schanault  possibly misspelled  who recorded with memphis minnie in       
 black bob was the pianist on many chicago blues recordings of the mid and late     s  notably for the bluebird and vocalion labels    his recordings included sessions by broonzy  amos easton  jazz gillum  lil johnson  red nelson   kansas joe mccoy  memphis minnie  merline johnson  papa charlie mccoy  tampa red  casey bill weldon  and washboard sam    one reviewer described his  muscular runs and rippling fills    clearly    an accomplished professional of his day     although he seems not to have recorded after      or perhaps       memphis minnie reported that she both performed and recorded with him in her backing band as late as       
 nothing is known of his later life 
 this article about a blues musician from the united states is a stub  you can help wikipedia by adding missing information  this article about an american pianist is a stub  you can help wikipedia by adding missing information ","['black', 'bob', 'pseudonym', 'used', 'american', 'blues', 'piano', 'player', 'based', 'chicago', 'recorded', 'widely', 'accompanying', 'performers', 'real', 'name', 'unknown', 'suggestions', 'included', 'bob', 'hudson', 'bob', 'robinson', 'bob', 'alexander', 'bob', 'schanault', 'chenault', 'almost', 'nothing', 'known', 'life', 'beyond', 'recordings', 'according', 'chicago', 'pianist', 'charlie', 'west', 'became', 'known', 'black', 'jack', 'cincinnati', 'ohio', 'moving', 'around', 'chicago', 'adopted', 'name', 'black', 'bob', 'reportedly', 'big', 'bill', 'broonzy', 'thought', 'real', 'name', 'robert', 'alexander', 'though', 'memphis', 'slim', 'gave', 'name', 'bob', 'hudson', 'erroneously', 'suggested', 'black', 'bob', 'pseudonym', 'bob', 'call', 'reviewing', 'evidence', 'researcher', 'bob', 'eagle', 'raised', 'possibility', 'may', 'bob', 'schanault', 'possibly', 'misspelled', 'recorded', 'memphis', 'minnie', 'black', 'bob', 'pianist', 'many', 'chicago', 'blues', 'recordings', 'mid', 'late', 'notably', 'bluebird', 'vocalion', 'labels', 'recordings', 'included', 'sessions', 'broonzy', 'amos', 'easton', 'jazz', 'gillum', 'lil', 'johnson', 'red', 'nelson', 'kansas', 'joe', 'mccoy', 'memphis', 'minnie', 'merline', 'johnson', 'papa', 'charlie', 'mccoy', 'tampa', 'red', 'casey', 'bill', 'weldon', 'washboard', 'sam', 'one', 'reviewer', 'described', 'muscular', 'runs', 'rippling', 'fills', 'clearly', 'accomplished', 'professional', 'day', 'although', 'seems', 'recorded', 'perhaps', 'memphis', 'minnie', 'reported', 'performed', 'recorded', 'backing', 'band', 'late', 'nothing', 'known', 'later', 'life', 'article', 'blues', 'musician', 'united', 'states', 'stub', 'help', 'wikipedia', 'adding', 'missing', 'information', 'article', 'american', 'pianist', 'stub', 'help', 'wikipedia', 'adding', 'missing', 'information']"
Caldwell–Hampton–Boylston House,"
 Caldwell–Hampton–Boylston House is a historic home located at Columbia, South Carolina. It was built between 1820 and 1830, and is a three-story, five-bay, clapboard clad frame dwelling in the Greek Revival style. It features a two-story, projecting front porch. Also on the property is contributing ironwork and brick fencing (c. 1855), and a stable/carriage house, garden gazebo, and tea house. In 1874–1876, it was the residence of South Carolina Reconstruction governor Daniel H. Chamberlain, who purchased the house in 1869.[2][3]
 It was added to the National Register of Historic Places in 1971.[1]  It is located in Columbia Historic District I.
 This article about a Registered Historic Place in Columbia, South Carolina is a stub. You can help Wikipedia by adding missing information. This article related to a building or structure in Columbia, South Carolina is a stub. You can help Wikipedia by adding missing information.","
^ a b ""National Register Information System"". National Register of Historic Places. National Park Service. July 9, 2010.

^ Dollie McGrath (February 1971). ""Caldwell–Hampton–Boylston House"" (pdf). National Register of Historic Places - Nomination and Inventory. Retrieved January 7, 2014.

^ ""Caldwell–Hampton–Boylston House, Richland County (829 Richland St., Columbia)"". National Register Properties in South Carolina. South Carolina Department of Archives and History. Retrieved January 7, 2014.

","
 caldwell hampton boylston house is a historic home located at columbia  south carolina  it was built between      and       and is a three story  five bay  clapboard clad frame dwelling in the greek revival style  it features a two story  projecting front porch  also on the property is contributing ironwork and brick fencing  c         and a stable carriage house  garden gazebo  and tea house  in            it was the residence of south carolina reconstruction governor daniel h  chamberlain  who purchased the house in        
 it was added to the national register of historic places in         it is located in columbia historic district i 
 this article about a registered historic place in columbia  south carolina is a stub  you can help wikipedia by adding missing information  this article related to a building or structure in columbia  south carolina is a stub  you can help wikipedia by adding missing information ","['caldwell', 'hampton', 'boylston', 'house', 'historic', 'home', 'located', 'columbia', 'south', 'carolina', 'built', 'three', 'story', 'five', 'bay', 'clapboard', 'clad', 'frame', 'dwelling', 'greek', 'revival', 'style', 'features', 'two', 'story', 'projecting', 'front', 'porch', 'also', 'property', 'contributing', 'ironwork', 'brick', 'fencing', 'stable', 'carriage', 'house', 'garden', 'gazebo', 'tea', 'house', 'residence', 'south', 'carolina', 'reconstruction', 'governor', 'daniel', 'chamberlain', 'purchased', 'house', 'added', 'national', 'register', 'historic', 'places', 'located', 'columbia', 'historic', 'district', 'article', 'registered', 'historic', 'place', 'columbia', 'south', 'carolina', 'stub', 'help', 'wikipedia', 'adding', 'missing', 'information', 'article', 'related', 'building', 'structure', 'columbia', 'south', 'carolina', 'stub', 'help', 'wikipedia', 'adding', 'missing', 'information']"
Maurice Rollinat,"Maurice Rollinat (December 29, 1846 in Châteauroux, Indre – October 26, 1903 in Ivry-sur-Seine) was a French poet and musician.
 His father represented Indre in the National Assembly of 1848, and was a friend of George Sand, whose influence is very marked in young Rollinat's first volume, Dans les brandes (1877), and to whom it was dedicated.
 After its publication, he abandoned realism and worked in a very different manner. He joined a literary circle that called themselves Les Hydropathes, founded by Émile Goudeau, an anti-clerical group with ties to the Decadent literary movement. Under their influence, he wrote the poems that made his reputation. In Les Névroses, with the sub-title Les Âmes, Les Luxures, Les Refuges, Les Spectres, Les Ténèbres, he showed himself as a disciple of Charles Baudelaire. He constantly returns in these poems to the physical horrors of death, and is obsessed by unpleasant images. Less outré in sentiment are L'Abîme (1886), La Nature, and a book of children's verse, Le Livre de la Nature (1893).
 He was a musician as well as a poet, and set many of his songs to music. Several evenings a week, Rollinat would appear at the cabaret Le Chat Noir, and there he would perform his poems with piano accompaniment.  His gaunt and pale appearance made his portrait a favourite subject for a number of painters, and the startling subjects of his verses brought him short fame during his lifetime; at the height of his popularity he drew a number of celebrities to the cabaret to see him perform; among them were Leconte de Lisle and Oscar Wilde.  Rollinat's friend Jules Barbey d'Aurevilly wrote that ""Rollinat might be Baudelaire's superior in the sincerity and depth of his diabolism"".
 On January 19, 1878, Maurice Rollinat married Marie Sérullaz. But dissensions appeared in the couple and they separated in February 1882.
 In September 1883, Maurice Rollinat left Paris  with Cécile Pouettre and settled in Fresselines in Creuse, where they lived for twenty years. Cécile Pouettre died on August 24, 1903. The causes of her death are not known but are certainly linked to the fact that she took morphine injections for her pain, and not to rabies. Maurice Rollinat, probably suffering from colorectal cancer, was transported to the clinic of Doctor Moreau in Ivry near Paris, where he died on October 26, 1903, at the age of 56. He is buried in the Saint-Denis cemetery in Châteauroux.
 On Rollinat's death, Auguste Rodin offered the Fresselines commune a bas-relief entitled ""Poet and the Muse"". This sculpture is on display on the wall of the village church at Fresselines.
",,"maurice rollinat  december          in ch teauroux  indre   october          in ivry sur seine  was a french poet and musician 
 his father represented indre in the national assembly of       and was a friend of george sand  whose influence is very marked in young rollinat s first volume  dans les brandes         and to whom it was dedicated 
 after its publication  he abandoned realism and worked in a very different manner  he joined a literary circle that called themselves les hydropathes  founded by  mile goudeau  an anti clerical group with ties to the decadent literary movement  under their influence  he wrote the poems that made his reputation  in les n vroses  with the sub title les  mes  les luxures  les refuges  les spectres  les t n bres  he showed himself as a disciple of charles baudelaire  he constantly returns in these poems to the physical horrors of death  and is obsessed by unpleasant images  less outr  in sentiment are l ab me         la nature  and a book of children s verse  le livre de la nature        
 he was a musician as well as a poet  and set many of his songs to music  several evenings a week  rollinat would appear at the cabaret le chat noir  and there he would perform his poems with piano accompaniment   his gaunt and pale appearance made his portrait a favourite subject for a number of painters  and the startling subjects of his verses brought him short fame during his lifetime  at the height of his popularity he drew a number of celebrities to the cabaret to see him perform  among them were leconte de lisle and oscar wilde   rollinat s friend jules barbey d aurevilly wrote that  rollinat might be baudelaire s superior in the sincerity and depth of his diabolism  
 on january           maurice rollinat married marie s rullaz  but dissensions appeared in the couple and they separated in february      
 in september       maurice rollinat left paris  with c cile pouettre and settled in fresselines in creuse  where they lived for twenty years  c cile pouettre died on august           the causes of her death are not known but are certainly linked to the fact that she took morphine injections for her pain  and not to rabies  maurice rollinat  probably suffering from colorectal cancer  was transported to the clinic of doctor moreau in ivry near paris  where he died on october           at the age of     he is buried in the saint denis cemetery in ch teauroux 
 on rollinat s death  auguste rodin offered the fresselines commune a bas relief entitled  poet and the muse   this sculpture is on display on the wall of the village church at fresselines 
","['maurice', 'rollinat', 'december', 'teauroux', 'indre', 'october', 'ivry', 'sur', 'seine', 'french', 'poet', 'musician', 'father', 'represented', 'indre', 'national', 'assembly', 'friend', 'george', 'sand', 'whose', 'influence', 'marked', 'young', 'rollinat', 'first', 'volume', 'dans', 'les', 'brandes', 'dedicated', 'publication', 'abandoned', 'realism', 'worked', 'different', 'manner', 'joined', 'literary', 'circle', 'called', 'les', 'hydropathes', 'founded', 'mile', 'goudeau', 'anti', 'clerical', 'group', 'ties', 'decadent', 'literary', 'movement', 'influence', 'wrote', 'poems', 'made', 'reputation', 'les', 'vroses', 'sub', 'title', 'les', 'mes', 'les', 'luxures', 'les', 'refuges', 'les', 'spectres', 'les', 'bres', 'showed', 'disciple', 'charles', 'baudelaire', 'constantly', 'returns', 'poems', 'physical', 'horrors', 'death', 'obsessed', 'unpleasant', 'images', 'less', 'outr', 'sentiment', 'nature', 'book', 'children', 'verse', 'livre', 'nature', 'musician', 'well', 'poet', 'set', 'many', 'songs', 'music', 'several', 'evenings', 'week', 'rollinat', 'would', 'appear', 'cabaret', 'chat', 'noir', 'would', 'perform', 'poems', 'piano', 'accompaniment', 'gaunt', 'pale', 'appearance', 'made', 'portrait', 'favourite', 'subject', 'number', 'painters', 'startling', 'subjects', 'verses', 'brought', 'short', 'fame', 'lifetime', 'height', 'popularity', 'drew', 'number', 'celebrities', 'cabaret', 'see', 'perform', 'among', 'leconte', 'lisle', 'oscar', 'wilde', 'rollinat', 'friend', 'jules', 'barbey', 'aurevilly', 'wrote', 'rollinat', 'might', 'baudelaire', 'superior', 'sincerity', 'depth', 'diabolism', 'january', 'maurice', 'rollinat', 'married', 'marie', 'rullaz', 'dissensions', 'appeared', 'couple', 'separated', 'february', 'september', 'maurice', 'rollinat', 'left', 'paris', 'cile', 'pouettre', 'settled', 'fresselines', 'creuse', 'lived', 'twenty', 'years', 'cile', 'pouettre', 'died', 'august', 'causes', 'death', 'known', 'certainly', 'linked', 'fact', 'took', 'morphine', 'injections', 'pain', 'rabies', 'maurice', 'rollinat', 'probably', 'suffering', 'colorectal', 'cancer', 'transported', 'clinic', 'doctor', 'moreau', 'ivry', 'near', 'paris', 'died', 'october', 'age', 'buried', 'saint', 'denis', 'cemetery', 'teauroux', 'rollinat', 'death', 'auguste', 'rodin', 'offered', 'fresselines', 'commune', 'bas', 'relief', 'entitled', 'poet', 'muse', 'sculpture', 'display', 'wall', 'village', 'church', 'fresselines']"
Steel Winds,"
 Steel Winds (or Steel Winds I & Steel Winds II) is a wind energy project located on the coast of Lake Erie in Lackawanna, New York, just south of the City of Buffalo in Erie County. Its first phase was operational in 2007 and the second phase came online in 2012, for a combined production capacity of 35 MW.[1] The unique project was built on part of the brownfield of a former Bethlehem Steel plant. By using much of the existing infrastructure of roads and transmission lines, it could reduce project costs. It is one of the largest urban wind farms in the world and uses turbines manufactured in Iowa.
 According to the U.S. Department of Energy, wind farms are producing the fastest-growing energy source in the world. American wind farms generated an estimated 35,000 megawatts (MW) of wind energy in 2009, just over two percent of the U.S. electricity supply, powering the equivalent of nearly 10 million homes.[2] Prior to this project, studies for solar power options at the site were extensively studied.[3]
 The Steel Winds project has been developed on 30 acres (12 ha) of the 1,600-acre (650 ha) brownfield remaining from the former Bethlehem Steel Plant. This facility, declining since 1983 and ending its coke production in 2001,[4] is being returned to productive use under the New York Department of Environmental Conservation Brownfield Cleanup Program.[5] EPA had completed sufficient cleanup of the Super Fund site by early 2006 to allow the next phase of the project to proceed under state supervision.[4]
 A 2002 change in environmental laws gave the city and developers immunity from the costs of remediating the site. Such associated costs had earlier stymied redevelopment of the planned 1,600-acre site for public use under the state's brownfield cleanup program.[6] Brownfields are the remains of accumulated low-level toxic waste, which developed around factory operations. They were left when industry restructured, and factories were abandoned.[4]
 Norman Polanski, then mayor of Lackawanna, New York and a former worker at Bethlehem Steel, has supported this project. He believes it can help attract industry to the area, as well as tourism. The city and state are studying the possibility of manufacturing turbine equipment locally to revive local industry and reduce costs of future projects in New York.
 The wind farm is designed to produce 35-MW of electricity, enough to power 16,000 homes in New York. Power is being sold into the NYS ISO grid for sale to retail customers. This is one of the largest urban wind power developments in the world, and its wind turbines are harnessing the power of the steady winds that blow from Lake Erie.[7]
 The project is owned by First Wind, which will be selling energy, capacity and RECs to energy retailer Constellation NewEnergy through 2009.  The project was built by Tennessee Valley Infrastructure Group, of Chattanooga, Tennessee. It is operated by First Wind.[8] Operation and maintenance services will be provided by Clipper Windpower, the manufacturer of the turbines, for the first five years.[9]
 As the project uses the old steel mill's roads and off-site transmission lines, it required little construction of new infrastructure, often the most expensive part of an industrial project. The initial phase of the project cost an estimated $40 million. A 2012 expansion added $25 million to $30 million to the project's overall price tag.[10]
 Construction was divided into two phases. Phase I called for the installation of 8 turbines by 2007, while phase II called for the installation of an additional 6 turbines by 2012.
 The turbine components for phase I were manufactured in 2006 at Clipper's facility in Cedar Rapids, Iowa. They were shipped overland to the project site in early 2007, constructed, and placed online in April 2007. This marked the first commercial deployment of the 2.5 MW (3,400 hp) Liberty Series turbines.[11] Full commercial operations started June 5, 2007, with a capacity of 20 MW.[12]
 The second phase of the project became active on January 27, 2012.[10] This phase completed the 14-turbine project, adding 15 MW, for a cumulative 35 MW of power.[1]
 In community action, First Wind has used the Steel Winds project to raise awareness and funds for research into breast cancer. For five years, one of the turbines was illuminated by a pink light for National Breast Cancer Awareness Month, which is in the month of October.[13]
 The project consists of 14 Clipper Windpower 2.5-MW Liberty series wind turbines, which represents the latest technology in the largest commercially viable form.[14]
 Clipper patented its Quantum Distributed Generation Drivetrain (""DGEN-Q"") and the use of four unique permanent magnet generators. Grid integration is achieved through power factor regulation technology with ride-through capability. The 2.5 MW Liberty turbine installation can be accomplished with a crane sized for standard commercial 1.5 MW units.[15]
","
^ a b ""Steel Winds I | First Wind"". Archived from the original on 2013-06-25. Retrieved 2013-07-17.

^ ""Renewable Energy: Super Fund Programs"", EPA

^ ""Archived copy"" (PDF). Archived from the original (PDF) on 2014-03-03. Retrieved 2014-02-27.{{cite web}}:  CS1 maint: archived copy as title (link)

^ a b c David Staba, ""An Old Steel Mill Retools to Produce Clean Energy"", New York Times, 22 May 2007

^ ""Bethlehem Steel Site in Buffalo Gets New Life as Steel Winds Wind Farm""

^ EBSCO Host (subscription required)

^ Sean Brodfuehrer, M. Arch., Ecopolis, Design for Urban Contexts: A Case Study for Buffalo, NY, State University of New York at Buffalo, 2009, 147

^ Anna Miller, ""Green Energy: The answer is blowing in the wind"", Buffalo Rising Magazine], May 2007

^ Renewable Energy Access.

^ a b Buffalo News, 19 June 2012, accessed 30 December 2014.

^ ""Feature: Steel Winds Project"". Archived from the original on 2007-10-13. Retrieved 2007-10-28.

^ ""Clipper Windpower Press Release"". Retrieved 2007-10-28.{{cite web}}:  CS1 maint: deprecated archival service (link)

^ ""Gale - Product Login"".

^ EBSCO Host (subscription required)

^ ""Press release"", Clipper Wind, 24 June 2007

","
 steel winds  or steel winds i   steel winds ii  is a wind energy project located on the coast of lake erie in lackawanna  new york  just south of the city of buffalo in erie county  its first phase was operational in      and the second phase came online in       for a combined production capacity of    mw   the unique project was built on part of the brownfield of a former bethlehem steel plant  by using much of the existing infrastructure of roads and transmission lines  it could reduce project costs  it is one of the largest urban wind farms in the world and uses turbines manufactured in iowa 
 according to the u s  department of energy  wind farms are producing the fastest growing energy source in the world  american wind farms generated an estimated        megawatts  mw  of wind energy in       just over two percent of the u s  electricity supply  powering the equivalent of nearly    million homes   prior to this project  studies for solar power options at the site were extensively studied  
 the steel winds project has been developed on    acres     ha  of the       acre      ha  brownfield remaining from the former bethlehem steel plant  this facility  declining since      and ending its coke production in        is being returned to productive use under the new york department of environmental conservation brownfield cleanup program   epa had completed sufficient cleanup of the super fund site by early      to allow the next phase of the project to proceed under state supervision  
 a      change in environmental laws gave the city and developers immunity from the costs of remediating the site  such associated costs had earlier stymied redevelopment of the planned       acre site for public use under the state s brownfield cleanup program   brownfields are the remains of accumulated low level toxic waste  which developed around factory operations  they were left when industry restructured  and factories were abandoned  
 norman polanski  then mayor of lackawanna  new york and a former worker at bethlehem steel  has supported this project  he believes it can help attract industry to the area  as well as tourism  the city and state are studying the possibility of manufacturing turbine equipment locally to revive local industry and reduce costs of future projects in new york 
 the wind farm is designed to produce    mw of electricity  enough to power        homes in new york  power is being sold into the nys iso grid for sale to retail customers  this is one of the largest urban wind power developments in the world  and its wind turbines are harnessing the power of the steady winds that blow from lake erie  
 the project is owned by first wind  which will be selling energy  capacity and recs to energy retailer constellation newenergy through        the project was built by tennessee valley infrastructure group  of chattanooga  tennessee  it is operated by first wind   operation and maintenance services will be provided by clipper windpower  the manufacturer of the turbines  for the first five years  
 as the project uses the old steel mill s roads and off site transmission lines  it required little construction of new infrastructure  often the most expensive part of an industrial project  the initial phase of the project cost an estimated     million  a      expansion added     million to     million to the project s overall price tag  
 construction was divided into two phases  phase i called for the installation of   turbines by       while phase ii called for the installation of an additional   turbines by      
 the turbine components for phase i were manufactured in      at clipper s facility in cedar rapids  iowa  they were shipped overland to the project site in early       constructed  and placed online in april       this marked the first commercial deployment of the     mw        hp  liberty series turbines   full commercial operations started june          with a capacity of    mw  
 the second phase of the project became active on january            this phase completed the    turbine project  adding    mw  for a cumulative    mw of power  
 in community action  first wind has used the steel winds project to raise awareness and funds for research into breast cancer  for five years  one of the turbines was illuminated by a pink light for national breast cancer awareness month  which is in the month of october  
 the project consists of    clipper windpower     mw liberty series wind turbines  which represents the latest technology in the largest commercially viable form  
 clipper patented its quantum distributed generation drivetrain   dgen q   and the use of four unique permanent magnet generators  grid integration is achieved through power factor regulation technology with ride through capability  the     mw liberty turbine installation can be accomplished with a crane sized for standard commercial     mw units  
","['steel', 'winds', 'steel', 'winds', 'steel', 'winds', 'wind', 'energy', 'project', 'located', 'coast', 'lake', 'erie', 'lackawanna', 'new', 'york', 'south', 'city', 'buffalo', 'erie', 'county', 'first', 'phase', 'operational', 'second', 'phase', 'came', 'online', 'combined', 'production', 'capacity', 'unique', 'project', 'built', 'part', 'brownfield', 'former', 'bethlehem', 'steel', 'plant', 'using', 'much', 'existing', 'infrastructure', 'roads', 'transmission', 'lines', 'could', 'reduce', 'project', 'costs', 'one', 'largest', 'urban', 'wind', 'farms', 'world', 'uses', 'turbines', 'manufactured', 'iowa', 'according', 'department', 'energy', 'wind', 'farms', 'producing', 'fastest', 'growing', 'energy', 'source', 'world', 'american', 'wind', 'farms', 'generated', 'estimated', 'megawatts', 'wind', 'energy', 'two', 'percent', 'electricity', 'supply', 'powering', 'equivalent', 'nearly', 'million', 'homes', 'prior', 'project', 'studies', 'solar', 'power', 'options', 'site', 'extensively', 'studied', 'steel', 'winds', 'project', 'developed', 'acres', 'acre', 'brownfield', 'remaining', 'former', 'bethlehem', 'steel', 'plant', 'facility', 'declining', 'since', 'ending', 'coke', 'production', 'returned', 'productive', 'use', 'new', 'york', 'department', 'environmental', 'conservation', 'brownfield', 'cleanup', 'program', 'epa', 'completed', 'sufficient', 'cleanup', 'super', 'fund', 'site', 'early', 'allow', 'next', 'phase', 'project', 'proceed', 'state', 'supervision', 'change', 'environmental', 'laws', 'gave', 'city', 'developers', 'immunity', 'costs', 'remediating', 'site', 'associated', 'costs', 'earlier', 'stymied', 'redevelopment', 'planned', 'acre', 'site', 'public', 'use', 'state', 'brownfield', 'cleanup', 'program', 'brownfields', 'remains', 'accumulated', 'low', 'level', 'toxic', 'waste', 'developed', 'around', 'factory', 'operations', 'left', 'industry', 'restructured', 'factories', 'abandoned', 'norman', 'polanski', 'mayor', 'lackawanna', 'new', 'york', 'former', 'worker', 'bethlehem', 'steel', 'supported', 'project', 'believes', 'help', 'attract', 'industry', 'area', 'well', 'tourism', 'city', 'state', 'studying', 'possibility', 'manufacturing', 'turbine', 'equipment', 'locally', 'revive', 'local', 'industry', 'reduce', 'costs', 'future', 'projects', 'new', 'york', 'wind', 'farm', 'designed', 'produce', 'electricity', 'enough', 'power', 'homes', 'new', 'york', 'power', 'sold', 'nys', 'iso', 'grid', 'sale', 'retail', 'customers', 'one', 'largest', 'urban', 'wind', 'power', 'developments', 'world', 'wind', 'turbines', 'harnessing', 'power', 'steady', 'winds', 'blow', 'lake', 'erie', 'project', 'owned', 'first', 'wind', 'selling', 'energy', 'capacity', 'recs', 'energy', 'retailer', 'constellation', 'newenergy', 'project', 'built', 'tennessee', 'valley', 'infrastructure', 'group', 'chattanooga', 'tennessee', 'operated', 'first', 'wind', 'operation', 'maintenance', 'services', 'provided', 'clipper', 'windpower', 'manufacturer', 'turbines', 'first', 'five', 'years', 'project', 'uses', 'old', 'steel', 'mill', 'roads', 'site', 'transmission', 'lines', 'required', 'little', 'construction', 'new', 'infrastructure', 'often', 'expensive', 'part', 'industrial', 'project', 'initial', 'phase', 'project', 'cost', 'estimated', 'million', 'expansion', 'added', 'million', 'million', 'project', 'overall', 'price', 'tag', 'construction', 'divided', 'two', 'phases', 'phase', 'called', 'installation', 'turbines', 'phase', 'called', 'installation', 'additional', 'turbines', 'turbine', 'components', 'phase', 'manufactured', 'clipper', 'facility', 'cedar', 'rapids', 'iowa', 'shipped', 'overland', 'project', 'site', 'early', 'constructed', 'placed', 'online', 'april', 'marked', 'first', 'commercial', 'deployment', 'liberty', 'series', 'turbines', 'full', 'commercial', 'operations', 'started', 'june', 'capacity', 'second', 'phase', 'project', 'became', 'active', 'january', 'phase', 'completed', 'turbine', 'project', 'adding', 'cumulative', 'power', 'community', 'action', 'first', 'wind', 'used', 'steel', 'winds', 'project', 'raise', 'awareness', 'funds', 'research', 'breast', 'cancer', 'five', 'years', 'one', 'turbines', 'illuminated', 'pink', 'light', 'national', 'breast', 'cancer', 'awareness', 'month', 'month', 'october', 'project', 'consists', 'clipper', 'windpower', 'liberty', 'series', 'wind', 'turbines', 'represents', 'latest', 'technology', 'largest', 'commercially', 'viable', 'form', 'clipper', 'patented', 'quantum', 'distributed', 'generation', 'drivetrain', 'dgen', 'use', 'four', 'unique', 'permanent', 'magnet', 'generators', 'grid', 'integration', 'achieved', 'power', 'factor', 'regulation', 'technology', 'ride', 'capability', 'liberty', 'turbine', 'installation', 'accomplished', 'crane', 'sized', 'standard', 'commercial', 'units']"
Indostomus,"
 Indostomus is a genus of small ray-finned fish native to slow-moving or stagnant freshwater habitats in Indochina.[1] It is the sole genus of the monogeneric family Indostomidae, Long considered to be sticklebacks, within the order Gasterosteiformes, modern analyses place the indostomids within the order Synbranchiformes, which implies that they are related with the spiny eels and swamp eels.[2][3]
 Indostomus was first proposed as a genus in 1929 by the Indian zoologists Baini Prashad and Dev Dev Mukerji when they described Indostomus paradoxus,[4] giving its type locality as north of the Indawgyi Lake near Nyaungbin in Upper Burma.[5] They erected a new family, Indostomidae, for the genus.[6] Indostomidae was classified within the order Gasterostiformes, specifically within the suborder Gasterosteoidei. Phylogenetics have, however, shown that Gasterostiformes was paraphyletic with the Gasterosteoidei not being sister to the Syngnathoidei and being more closely related to the Zoarcoidei, but that the inclusion of the Indostomidae in the Gasterosteoidei rendered that taxon paraphyletic.[2] However, in the 5th edition of Fishes of the World, Indostomidae was still included in the Gasterosteoidei within the order Scorpaeniformes[7] but other phylogenetic studies have classified the family within the monotypic suborder Indostomoidei within the order Synbranchiformes.[3]
 Indostomus species are all incredibly small, on average reaching 3 cm in length at maximum. Their bodies are armored and thin, tapering towards the back, and ending in a small, fan-shaped tail. They are sexually dimorphic, with mature females outwardly showing the presence of eggs with a broader, fuller abdomen, and, in the case of Indostomus crocodilus, mature males have white bands along the edges of the dorsal, anal, and ventral fins.
 Indostomus species show a clear preference for slow moving and stagnant freshwater wetlands, streams, ponds, and oxbow lakes, including both clearwater and blackwater habitats. They are often found around aquatic plant growth, algae, and decaying organic material such as leaf litter and branches. Sympatric fish include danionins, Dario, and gouramis.
 Indostomus are micropredatory fish, predating on small aquatic insects, crustaceans, and worms. In an aquarium setting, Indostomus will often refuse prepared foods, only eating very small live or frozen foods such as copepods, Artemia, Daphnia, or Moina.
 Indostomus will spawn in very small caves and crevices, such as in reeds, bamboos, or very small lengths of plastic piping. Males select a spawning site, and guard the eggs and nest until the fry are free-swimming and disperse.[8]
 The three currently recognized species in this genus are:[9]
 The type species, Indostomus paradoxus, was discovered in the 1920s in Lake Indawgyi in Myanmar. In the 1990s, the two other species were discovered and placed in this genus.[10]
","
^ Froese, Rainer; Pauly, Daniel (eds.). ""Family Indostomidae"". FishBase. October 2012 version.

^ a b Kawahara, Ryouka; Miya, Masaki; Mabuchi, Kohji; Lavoué, Sébastien; Inoue, Jun G.; Satoh, Takashi P.; Kawaguchi, Akira; Nishida, Mutsumi (2008). ""Interrelationships of the 11 gasterosteiform families (sticklebacks, pipefishes, and their relatives): A new perspective based on whole mitogenome sequences from 75 higher teleosts"". Molecular Phylogenetics and Evolution. 46 (1): 224–236. doi:10.1016/j.ympev.2007.07.009. ISSN 1055-7903. PMID 17709262.

^ a b Ricardo Betancur-R; Edward O. Wiley; Gloria Arratia; et al. (2017). ""Phylogenetic classification of bony fishes"". BMC Evolutionary Biology. 17 (162): 162. doi:10.1186/s12862-017-0958-3. PMC 5501477. PMID 28683774.

^ Fricke, Ron; Eschmeyer, William N. & van der Laan, Richard (eds.). ""Genera in the family Indostomidae"". Catalog of Fishes. California Academy of Sciences. Retrieved 24 November 2022.

^ Fricke, Ron; Eschmeyer, William N. & van der Laan, Richard (eds.). ""Species in the genus Inostomus"". Catalog of Fishes. California Academy of Sciences. Retrieved 24 November 2022.

^ Richard van der Laan; William N. Eschmeyer & Ronald Fricke (2014). ""Family-group names of Recent fishes"". Zootaxa. 3882 (2): 001–230. doi:10.11646/zootaxa.3882.1.1. PMID 25543675.

^ J. S. Nelson; T. C. Grande; M. V. H. Wilson (2016). Fishes of the World (5th ed.). Wiley. pp. 467–495. ISBN 978-1-118-34233-6. Archived from the original on 2019-04-08. Retrieved 2022-11-24.

^ ""Indostomus crocodilus — Seriously Fish"". Retrieved 2021-10-09.

^ Froese, Rainer; Pauly, Daniel (eds.). ""Species in genus Indostomus"". FishBase. October 2012 version.

^ Britz, R. and M. Kottelat. (1999). Two new species of gasterosteiform fishes of the genus Indostomus (Teleostei: Indostomidae). Ichthyol. Explor. Freshwat. 10(4):327-336.

","
 indostomus is a genus of small ray finned fish native to slow moving or stagnant freshwater habitats in indochina   it is the sole genus of the monogeneric family indostomidae  long considered to be sticklebacks  within the order gasterosteiformes  modern analyses place the indostomids within the order synbranchiformes  which implies that they are related with the spiny eels and swamp eels   
 indostomus was first proposed as a genus in      by the indian zoologists baini prashad and dev dev mukerji when they described indostomus paradoxus   giving its type locality as north of the indawgyi lake near nyaungbin in upper burma   they erected a new family  indostomidae  for the genus   indostomidae was classified within the order gasterostiformes  specifically within the suborder gasterosteoidei  phylogenetics have  however  shown that gasterostiformes was paraphyletic with the gasterosteoidei not being sister to the syngnathoidei and being more closely related to the zoarcoidei  but that the inclusion of the indostomidae in the gasterosteoidei rendered that taxon paraphyletic   however  in the  th edition of fishes of the world  indostomidae was still included in the gasterosteoidei within the order scorpaeniformes  but other phylogenetic studies have classified the family within the monotypic suborder indostomoidei within the order synbranchiformes  
 indostomus species are all incredibly small  on average reaching   cm in length at maximum  their bodies are armored and thin  tapering towards the back  and ending in a small  fan shaped tail  they are sexually dimorphic  with mature females outwardly showing the presence of eggs with a broader  fuller abdomen  and  in the case of indostomus crocodilus  mature males have white bands along the edges of the dorsal  anal  and ventral fins 
 indostomus species show a clear preference for slow moving and stagnant freshwater wetlands  streams  ponds  and oxbow lakes  including both clearwater and blackwater habitats  they are often found around aquatic plant growth  algae  and decaying organic material such as leaf litter and branches  sympatric fish include danionins  dario  and gouramis 
 indostomus are micropredatory fish  predating on small aquatic insects  crustaceans  and worms  in an aquarium setting  indostomus will often refuse prepared foods  only eating very small live or frozen foods such as copepods  artemia  daphnia  or moina 
 indostomus will spawn in very small caves and crevices  such as in reeds  bamboos  or very small lengths of plastic piping  males select a spawning site  and guard the eggs and nest until the fry are free swimming and disperse  
 the three currently recognized species in this genus are  
 the type species  indostomus paradoxus  was discovered in the     s in lake indawgyi in myanmar  in the     s  the two other species were discovered and placed in this genus  
","['indostomus', 'genus', 'small', 'ray', 'finned', 'fish', 'native', 'slow', 'moving', 'stagnant', 'freshwater', 'habitats', 'indochina', 'sole', 'genus', 'monogeneric', 'family', 'indostomidae', 'long', 'considered', 'sticklebacks', 'within', 'order', 'gasterosteiformes', 'modern', 'analyses', 'place', 'indostomids', 'within', 'order', 'synbranchiformes', 'implies', 'related', 'spiny', 'eels', 'swamp', 'eels', 'indostomus', 'first', 'proposed', 'genus', 'indian', 'zoologists', 'baini', 'prashad', 'dev', 'dev', 'mukerji', 'described', 'indostomus', 'paradoxus', 'giving', 'type', 'locality', 'north', 'indawgyi', 'lake', 'near', 'nyaungbin', 'upper', 'burma', 'erected', 'new', 'family', 'indostomidae', 'genus', 'indostomidae', 'classified', 'within', 'order', 'gasterostiformes', 'specifically', 'within', 'suborder', 'gasterosteoidei', 'phylogenetics', 'however', 'shown', 'gasterostiformes', 'paraphyletic', 'gasterosteoidei', 'sister', 'syngnathoidei', 'closely', 'related', 'zoarcoidei', 'inclusion', 'indostomidae', 'gasterosteoidei', 'rendered', 'taxon', 'paraphyletic', 'however', 'edition', 'fishes', 'world', 'indostomidae', 'still', 'included', 'gasterosteoidei', 'within', 'order', 'scorpaeniformes', 'phylogenetic', 'studies', 'classified', 'family', 'within', 'monotypic', 'suborder', 'indostomoidei', 'within', 'order', 'synbranchiformes', 'indostomus', 'species', 'incredibly', 'small', 'average', 'reaching', 'length', 'maximum', 'bodies', 'armored', 'thin', 'tapering', 'towards', 'back', 'ending', 'small', 'fan', 'shaped', 'tail', 'sexually', 'dimorphic', 'mature', 'females', 'outwardly', 'showing', 'presence', 'eggs', 'broader', 'fuller', 'abdomen', 'case', 'indostomus', 'crocodilus', 'mature', 'males', 'white', 'bands', 'along', 'edges', 'dorsal', 'anal', 'ventral', 'fins', 'indostomus', 'species', 'show', 'clear', 'preference', 'slow', 'moving', 'stagnant', 'freshwater', 'wetlands', 'streams', 'ponds', 'oxbow', 'lakes', 'including', 'clearwater', 'blackwater', 'habitats', 'often', 'found', 'around', 'aquatic', 'plant', 'growth', 'algae', 'decaying', 'organic', 'material', 'leaf', 'litter', 'branches', 'sympatric', 'fish', 'include', 'danionins', 'dario', 'gouramis', 'indostomus', 'micropredatory', 'fish', 'predating', 'small', 'aquatic', 'insects', 'crustaceans', 'worms', 'aquarium', 'setting', 'indostomus', 'often', 'refuse', 'prepared', 'foods', 'eating', 'small', 'live', 'frozen', 'foods', 'copepods', 'artemia', 'daphnia', 'moina', 'indostomus', 'spawn', 'small', 'caves', 'crevices', 'reeds', 'bamboos', 'small', 'lengths', 'plastic', 'piping', 'males', 'select', 'spawning', 'site', 'guard', 'eggs', 'nest', 'fry', 'free', 'swimming', 'disperse', 'three', 'currently', 'recognized', 'species', 'genus', 'type', 'species', 'indostomus', 'paradoxus', 'discovered', 'lake', 'indawgyi', 'myanmar', 'two', 'species', 'discovered', 'placed', 'genus']"
Rita Kassabian,"Rita Kassabian is an Armenian composer in Lebanon.
 She was fascinated by the piano from an early age: from 1996 till 1997, she followed the advice of her mentor and internationally known late pianist Walid Akl who encouraged her to excel in music.  She studied piano, harmony, and analysis, then was admitted to Schola Cantorum de Paris (France) in the composition/orchestration class of Patrice Sciortino in September 2001.
 A maember of the French Société des auteurs, compositeurs et éditeurs de musique, she is also the chairwoman of the music associations ARKOncerts and A.R.K., which promote young talent.
 2004
 2005
 2006
 2007
 Impromptu for 2 flutes, cello, 4 timpani and 1 harp (composition prize 2005)
 Divertimento for solo tenor saxophone, edited by L'Harmattan Editions – Paris (composition prize 2006)
 Waltz for flute and strings
 Evasions for solo contrabass
 Trio for flute, tenor saxophone, and cello
 Suite for strings (La Madeleine church Paris)
 Concerto for flute, string orchestra, french horn, harp, timpani, and percussion (La Madeleine, Paris)
 Fantasia for flute ensemble (Saint Germain des Prés Auditorium, Paris)
 Concerto for tenor saxophone, oboe, strings, and percussion (Paris)
 Concerto for tenor saxophone, saxophone band, and percussion (new version of the concerto created in December 2009 (Paris)
 
",,"rita kassabian is an armenian composer in lebanon 
 she was fascinated by the piano from an early age  from      till       she followed the advice of her mentor and internationally known late pianist walid akl who encouraged her to excel in music   she studied piano  harmony  and analysis  then was admitted to schola cantorum de paris  france  in the composition orchestration class of patrice sciortino in september      
 a maember of the french soci t  des auteurs  compositeurs et  diteurs de musique  she is also the chairwoman of the music associations arkoncerts and a r k   which promote young talent 
     
     
     
     
 impromptu for   flutes  cello    timpani and   harp  composition prize      
 divertimento for solo tenor saxophone  edited by l harmattan editions   paris  composition prize      
 waltz for flute and strings
 evasions for solo contrabass
 trio for flute  tenor saxophone  and cello
 suite for strings  la madeleine church paris 
 concerto for flute  string orchestra  french horn  harp  timpani  and percussion  la madeleine  paris 
 fantasia for flute ensemble  saint germain des pr s auditorium  paris 
 concerto for tenor saxophone  oboe  strings  and percussion  paris 
 concerto for tenor saxophone  saxophone band  and percussion  new version of the concerto created in december       paris 
 
","['rita', 'kassabian', 'armenian', 'composer', 'lebanon', 'fascinated', 'piano', 'early', 'age', 'till', 'followed', 'advice', 'mentor', 'internationally', 'known', 'late', 'pianist', 'walid', 'akl', 'encouraged', 'excel', 'music', 'studied', 'piano', 'harmony', 'analysis', 'admitted', 'schola', 'cantorum', 'paris', 'france', 'composition', 'orchestration', 'class', 'patrice', 'sciortino', 'september', 'maember', 'french', 'soci', 'des', 'auteurs', 'compositeurs', 'diteurs', 'musique', 'also', 'chairwoman', 'music', 'associations', 'arkoncerts', 'promote', 'young', 'talent', 'impromptu', 'flutes', 'cello', 'timpani', 'harp', 'composition', 'prize', 'divertimento', 'solo', 'tenor', 'saxophone', 'edited', 'harmattan', 'editions', 'paris', 'composition', 'prize', 'waltz', 'flute', 'strings', 'evasions', 'solo', 'contrabass', 'trio', 'flute', 'tenor', 'saxophone', 'cello', 'suite', 'strings', 'madeleine', 'church', 'paris', 'concerto', 'flute', 'string', 'orchestra', 'french', 'horn', 'harp', 'timpani', 'percussion', 'madeleine', 'paris', 'fantasia', 'flute', 'ensemble', 'saint', 'germain', 'des', 'auditorium', 'paris', 'concerto', 'tenor', 'saxophone', 'oboe', 'strings', 'percussion', 'paris', 'concerto', 'tenor', 'saxophone', 'saxophone', 'band', 'percussion', 'new', 'version', 'concerto', 'created', 'december', 'paris']"
Tarantula (DC Comics),"The Tarantula is the name of two characters appearing in American comic books published by DC Comics. The first, John Law, is a superhero introduced during the Golden Age of Comic Books, while the second is a villain introduced in the 2000s. Both are associated with the character Nightwing.
 The original Tarantula was a character prominent in the 1940s named John Law. He first appeared in Star-Spangled Comics #1 (October 1941) and was created by Mort Weisinger and designed and drawn by cartoonist Hal Sharp.[1] He continued in Star Spangled Comics until issue #19 (April 1943).[2] In his initial Golden Age appearances he wore a yellow-and-purple costume that bore strong resemblance to Wesley Dodds' second Sandman costume. This was later explained in a retcon in the pages of All-Star Squadron as coming from Dodds' associate, Dian Belmont. He was assisted by his housekeeper Olga. According to Jess Nevins' Encyclopedia of Golden Age Superheroes, the Tarantula battles ""the sword-wielding Blade, the cowboy thief the Outlaw and his pyrotechnic partner the Candle, the Hindu-themed Shiva, and the crime lord Sting"".[3]
 The second Tarantula, Catalina Flores, first appeared in Nightwing (vol. 2) #71 (September 2002), and debuted as Tarantula in issue #75 (January 2003). She was created by Devin Grayson.[4]
 Mystery story writer John Law was inspired to become a mystery man by the Crimson Avenger in the days after America entered World War II. The Tarantula possessed no super-abilities but relied on several gimmicks and his quick wits. He was trained in hand-to-hand combat, as well as some acrobatics, and had a passing interest in stage make-up and stage magic. He used suction cups attached to the soles on his boots to allow him to walk up walls and hang from ceilings. He used a ""web-gun"" which fired a string of fast-hardening nylon that was used to swing from one anchored point to another.
 He was a member of the All-Star Squadron before retiring to continue his writing career. He published a best-selling book, Altered Egos: The Mystery Men of World War II, sometime in the 1970s. He went on to write many other books, but none were as successful as Altered Egos.
 In his later years, Law lived in the city of Blüdhaven, in the same building as Dick Grayson, known to some as the vigilante hero Nightwing. Two elderly Nazis, wanting revenge on Law, tracked him down, but were defeated by Nightwing. Law tried to spin this out as a plot for a new story, with him as the major protagonist.
 Later, the building was burned down by the villain Blockbuster in an attempt to ruin Nightwing's life. John Law's successor, the new Tarantula, tried to save him, but arrived too late. John Law was presumed to have died, along with 21 other residents. However, his body was never recovered, suggesting that he survived the explosion.
 Catalina Marie Flores grew up in Blüdhaven and witnessed many of the injustices that were carried out throughout the city. This prompted her to leave Blüdhaven and join the FBI in Quantico, Virginia. It is unknown how long she was an agent, but she eventually left the bureau and returned to Blüdhaven. Once there, she learned that her older brother, Assistant D.A. Mateo Flores, was unable to halt the corruption present throughout the city. She seemed to be working for the city herself when she encountered John Law, the first Tarantula, when he visited her office to get his SSI check. She had previously read a book of memoirs featuring the first Tarantula and she wanted him to sign her copy. She then wanted to know everything about John Law during his time as Tarantula.
 Catalina first garnered Nightwing's attention while attending a self-defense class taught by him and she was able to deliver a blow to his body. Confident and uninhibited, she was eager to learn other various hand-to-hand defensive moves, as well as getting to know more about Grayson on less formal terms. She next caught his eye during her first outings as the second Tarantula. Nightwing was unimpressed with her extreme vigilante methods and forbade her to operate in Blüdhaven. This angered her and she took off, only to be more of a foil for Grayson down the road. During that time, Grayson was investigating the death of Delmore Redhorn, Blüdhaven's corrupt Chief of Police, and discovered evidence indicting the new Tarantula as his killer.[5]
 Working with Tad Ryerstad (Nite-Wing), Nightwing was able to have Tarantula arrested for the murder of Redhorn, although in the process the wanted vigilante Tad was arrested as well. Mateo was determined to have his sister released, angered that Catalina was arrested with the help of a dubious vigilante. After she was released, Tarantula aided Blockbuster in his revenge campaign on Nightwing. When ordered to kill Grayson's girlfriend, Barbara Gordon, she instead manipulated a dinner engagement between the two in such a manner that caused Barbara to break up with Grayson.
 Things soon took a turn for the worse when Blockbuster hired other villains to attack those Grayson held dear. Tarantula was devastated as she was unable to stop a bomb explosion in Grayson's building complex that was also the home of John Law. Confronted by Lady Vic and warned not to go against Blockbuster's wishes, she shot Vic in the chest. Seeking vengeance for John Law's demise, Tarantula helped Nightwing record Blockbuster's confession, but when she gave the tape to her brother, he crushed it because of a deal he made with Blockbuster to get her out of prison. Tarantula was out on the streets soon enough, and when the battle between Nightwing and Blockbuster heated up, Tarantula involved herself and shot Blockbuster. Nightwing could have prevented the murder, but, driven to the edge of sanity by Blockbuster's calculated assaults on everyone whom Nightwing held dear (Blockbuster knew his secret identity and exploited this), in a moment of absolute misery Nightwing stood aside and let Tarantula kill him. Afterwards, wounded and suffering a near-mental breakdown due to Blockbuster's attacks as well as his own complicity in the villain's murder, Grayson was unable to stop Tarantula from raping him where he fell.[6] Not long after the incident, the two left Blüdhaven, only for Tarantula to face off against Copperhead, who was responsible for killing several local gang leaders. Grayson was able to pull it together long enough to save her from Copperhead. Strong feelings for Grayson had them try to know each other better and she persuaded him to buy a marriage license. Before Grayson could sign anything, Batman summoned him to Gotham. After the events of War Games, Nightwing came to his senses and turned in Tarantula and himself for the murder of Blockbuster. He was acquitted of his crimes, however, while Tarantula was imprisoned.
 Her fate was unknown during Infinite Crisis when the Secret Society of Super Villains released Chemo, destroying Blüdhaven. Later in Secret Six, she was revealed to have survived, but was imprisoned at Alcatraz Island. She stole a mysterious card from Junior, a mysterious crime boss who runs all of the West Coast mobs. It was later revealed that she was in possession of a ""Get Out of Hell Free"" card, forged by Neron. The card is coveted by Junior, who is revealed to be Rag Doll's insane sister and sends an army of supervillains after Tarantula. She eventually sacrifices herself by pulling Junior and herself in front of a combined attack from the assembled villains, killing them both.
 Later, she made an appearance in Justice Society of America as part of the resistance in an alternative future dominated by Nazis.
 At the end of Nightwing (vol. 2) #93 (July 2004), after Tarantula killed Blockbuster, she raped Nightwing on the rooftop. At the time, Nightwing was in shock and undergoing deep emotional trauma. He had also explicitly told Catalina not to touch him, but she proceeded despite this. On the subject, writer Devin Grayson made the following statement: ""For the record, I've never used the word 'rape', I just said it was non-consensual"".[7] In a 2014 interview, Grayson apologized for the comment, explicitly referring to the act as rape.[8]
 There have been other characters who have used the name Tarantula:
 The Tarantula name was used by a criminal named Mr. Crossart. He took the wealthy socialite Vivian Dale captive and ran afoul of Sandman.[9] Tarantula was later among the villains who Ian Karkull used to fight the Justice Society of America. He was defeated by Sandman and Sandy the Golden Boy.[10]
 There is a Tarantula who is a crime lord. His minion Logger suspected that Charles McNider and Doctor Mid-Nite are the same person.[11]
 The Tarantula name was used by Frank Lester who lost his private investigator license for unknown reasons and became a vigilante who targeted the Masher Mob. He was inspired by the Tarantula TV series that his son Gerold watched. This attracted the attention of Superman who tried to stop him from killing the two Masher Mob members. When Lois Lane stumbled upon him, Tarantula attempted to silence her only to be stopped by Superman and the ghost of a secret agent named Simon Cross. Tarantula was then handed over to the police.[12]
 The Tarantula name was also used by Roger Goldman, the former owner of the Evergood Milk Bottling Company. He became a serial killer and an enemy of Sandman.[13]
 The Catalina Flores incarnation of Tarantula makes a non-speaking cameo appearance in The Lego Batman Movie as one of several villains recruited by the Joker.
","
^ Markstein, Don. ""Tarantula"". Don Markstein's Toonopedia. Retrieved 2 April 2020.

^ Benton, Mike (1992). Superhero Comics of the Golden Age: The Illustrated History. Dallas: Taylor Publishing Company. p. 184. ISBN 0-87833-808-X. Retrieved 1 April 2020.

^ Nevins, Jess (2013). Encyclopedia of Golden Age Superheroes. High Rock Press. p. 266. ISBN 978-1-61318-023-5.

^ Cowsill, Alan; Irvine, Alex; Korte, Steve; Manning, Matt; Wiacek, Win; Wilson, Sven (2016). The DC Comics Encyclopedia: The Definitive Guide to the Characters of the DC Universe. DK Publishing. p. 304. ISBN 978-1-4654-5357-0.

^ Greenberger, Robert (2008). The Essential Batman Encyclopedia. New York City: Del Rey Books. pp. 344–345. ISBN 9780345501066.

^ Nightwing (vol. 2) #93 (July 2004)

^ Burtis, Randy (August 9, 2004). ""Interview with Devin Grayson"". comicboards.com.

^ Grant, D.M. (May 20, 2014). ""TBU Exclusive: Devin Grayson on Her Batman Universe Work"". The Batman Universe.

^ Adventure Comics #40. DC Comics.

^ All-Star Squadron Annual #3. DC Comics.

^ All-American Comics #88. DC Comics.

^ Superman Family #169. DC Comics.

^ Sandman Mystery Theatre #1

","the tarantula is the name of two characters appearing in american comic books published by dc comics  the first  john law  is a superhero introduced during the golden age of comic books  while the second is a villain introduced in the     s  both are associated with the character nightwing 
 the original tarantula was a character prominent in the     s named john law  he first appeared in star spangled comics     october       and was created by mort weisinger and designed and drawn by cartoonist hal sharp   he continued in star spangled comics until issue      april         in his initial golden age appearances he wore a yellow and purple costume that bore strong resemblance to wesley dodds  second sandman costume  this was later explained in a retcon in the pages of all star squadron as coming from dodds  associate  dian belmont  he was assisted by his housekeeper olga  according to jess nevins  encyclopedia of golden age superheroes  the tarantula battles  the sword wielding blade  the cowboy thief the outlaw and his pyrotechnic partner the candle  the hindu themed shiva  and the crime lord sting   
 the second tarantula  catalina flores  first appeared in nightwing  vol          september        and debuted as tarantula in issue      january        she was created by devin grayson  
 mystery story writer john law was inspired to become a mystery man by the crimson avenger in the days after america entered world war ii  the tarantula possessed no super abilities but relied on several gimmicks and his quick wits  he was trained in hand to hand combat  as well as some acrobatics  and had a passing interest in stage make up and stage magic  he used suction cups attached to the soles on his boots to allow him to walk up walls and hang from ceilings  he used a  web gun  which fired a string of fast hardening nylon that was used to swing from one anchored point to another 
 he was a member of the all star squadron before retiring to continue his writing career  he published a best selling book  altered egos  the mystery men of world war ii  sometime in the     s  he went on to write many other books  but none were as successful as altered egos 
 in his later years  law lived in the city of bl dhaven  in the same building as dick grayson  known to some as the vigilante hero nightwing  two elderly nazis  wanting revenge on law  tracked him down  but were defeated by nightwing  law tried to spin this out as a plot for a new story  with him as the major protagonist 
 later  the building was burned down by the villain blockbuster in an attempt to ruin nightwing s life  john law s successor  the new tarantula  tried to save him  but arrived too late  john law was presumed to have died  along with    other residents  however  his body was never recovered  suggesting that he survived the explosion 
 catalina marie flores grew up in bl dhaven and witnessed many of the injustices that were carried out throughout the city  this prompted her to leave bl dhaven and join the fbi in quantico  virginia  it is unknown how long she was an agent  but she eventually left the bureau and returned to bl dhaven  once there  she learned that her older brother  assistant d a  mateo flores  was unable to halt the corruption present throughout the city  she seemed to be working for the city herself when she encountered john law  the first tarantula  when he visited her office to get his ssi check  she had previously read a book of memoirs featuring the first tarantula and she wanted him to sign her copy  she then wanted to know everything about john law during his time as tarantula 
 catalina first garnered nightwing s attention while attending a self defense class taught by him and she was able to deliver a blow to his body  confident and uninhibited  she was eager to learn other various hand to hand defensive moves  as well as getting to know more about grayson on less formal terms  she next caught his eye during her first outings as the second tarantula  nightwing was unimpressed with her extreme vigilante methods and forbade her to operate in bl dhaven  this angered her and she took off  only to be more of a foil for grayson down the road  during that time  grayson was investigating the death of delmore redhorn  bl dhaven s corrupt chief of police  and discovered evidence indicting the new tarantula as his killer  
 working with tad ryerstad  nite wing   nightwing was able to have tarantula arrested for the murder of redhorn  although in the process the wanted vigilante tad was arrested as well  mateo was determined to have his sister released  angered that catalina was arrested with the help of a dubious vigilante  after she was released  tarantula aided blockbuster in his revenge campaign on nightwing  when ordered to kill grayson s girlfriend  barbara gordon  she instead manipulated a dinner engagement between the two in such a manner that caused barbara to break up with grayson 
 things soon took a turn for the worse when blockbuster hired other villains to attack those grayson held dear  tarantula was devastated as she was unable to stop a bomb explosion in grayson s building complex that was also the home of john law  confronted by lady vic and warned not to go against blockbuster s wishes  she shot vic in the chest  seeking vengeance for john law s demise  tarantula helped nightwing record blockbuster s confession  but when she gave the tape to her brother  he crushed it because of a deal he made with blockbuster to get her out of prison  tarantula was out on the streets soon enough  and when the battle between nightwing and blockbuster heated up  tarantula involved herself and shot blockbuster  nightwing could have prevented the murder  but  driven to the edge of sanity by blockbuster s calculated assaults on everyone whom nightwing held dear  blockbuster knew his secret identity and exploited this   in a moment of absolute misery nightwing stood aside and let tarantula kill him  afterwards  wounded and suffering a near mental breakdown due to blockbuster s attacks as well as his own complicity in the villain s murder  grayson was unable to stop tarantula from raping him where he fell   not long after the incident  the two left bl dhaven  only for tarantula to face off against copperhead  who was responsible for killing several local gang leaders  grayson was able to pull it together long enough to save her from copperhead  strong feelings for grayson had them try to know each other better and she persuaded him to buy a marriage license  before grayson could sign anything  batman summoned him to gotham  after the events of war games  nightwing came to his senses and turned in tarantula and himself for the murder of blockbuster  he was acquitted of his crimes  however  while tarantula was imprisoned 
 her fate was unknown during infinite crisis when the secret society of super villains released chemo  destroying bl dhaven  later in secret six  she was revealed to have survived  but was imprisoned at alcatraz island  she stole a mysterious card from junior  a mysterious crime boss who runs all of the west coast mobs  it was later revealed that she was in possession of a  get out of hell free  card  forged by neron  the card is coveted by junior  who is revealed to be rag doll s insane sister and sends an army of supervillains after tarantula  she eventually sacrifices herself by pulling junior and herself in front of a combined attack from the assembled villains  killing them both 
 later  she made an appearance in justice society of america as part of the resistance in an alternative future dominated by nazis 
 at the end of nightwing  vol          july        after tarantula killed blockbuster  she raped nightwing on the rooftop  at the time  nightwing was in shock and undergoing deep emotional trauma  he had also explicitly told catalina not to touch him  but she proceeded despite this  on the subject  writer devin grayson made the following statement   for the record  i ve never used the word  rape   i just said it was non consensual    in a      interview  grayson apologized for the comment  explicitly referring to the act as rape  
 there have been other characters who have used the name tarantula 
 the tarantula name was used by a criminal named mr  crossart  he took the wealthy socialite vivian dale captive and ran afoul of sandman   tarantula was later among the villains who ian karkull used to fight the justice society of america  he was defeated by sandman and sandy the golden boy  
 there is a tarantula who is a crime lord  his minion logger suspected that charles mcnider and doctor mid nite are the same person  
 the tarantula name was used by frank lester who lost his private investigator license for unknown reasons and became a vigilante who targeted the masher mob  he was inspired by the tarantula tv series that his son gerold watched  this attracted the attention of superman who tried to stop him from killing the two masher mob members  when lois lane stumbled upon him  tarantula attempted to silence her only to be stopped by superman and the ghost of a secret agent named simon cross  tarantula was then handed over to the police  
 the tarantula name was also used by roger goldman  the former owner of the evergood milk bottling company  he became a serial killer and an enemy of sandman  
 the catalina flores incarnation of tarantula makes a non speaking cameo appearance in the lego batman movie as one of several villains recruited by the joker 
","['tarantula', 'name', 'two', 'characters', 'appearing', 'american', 'comic', 'books', 'published', 'comics', 'first', 'john', 'law', 'superhero', 'introduced', 'golden', 'age', 'comic', 'books', 'second', 'villain', 'introduced', 'associated', 'character', 'nightwing', 'original', 'tarantula', 'character', 'prominent', 'named', 'john', 'law', 'first', 'appeared', 'star', 'spangled', 'comics', 'october', 'created', 'mort', 'weisinger', 'designed', 'drawn', 'cartoonist', 'hal', 'sharp', 'continued', 'star', 'spangled', 'comics', 'issue', 'april', 'initial', 'golden', 'age', 'appearances', 'wore', 'yellow', 'purple', 'costume', 'bore', 'strong', 'resemblance', 'wesley', 'dodds', 'second', 'sandman', 'costume', 'later', 'explained', 'retcon', 'pages', 'star', 'squadron', 'coming', 'dodds', 'associate', 'dian', 'belmont', 'assisted', 'housekeeper', 'olga', 'according', 'jess', 'nevins', 'encyclopedia', 'golden', 'age', 'superheroes', 'tarantula', 'battles', 'sword', 'wielding', 'blade', 'cowboy', 'thief', 'outlaw', 'pyrotechnic', 'partner', 'candle', 'hindu', 'themed', 'shiva', 'crime', 'lord', 'sting', 'second', 'tarantula', 'catalina', 'flores', 'first', 'appeared', 'nightwing', 'vol', 'september', 'debuted', 'tarantula', 'issue', 'january', 'created', 'devin', 'grayson', 'mystery', 'story', 'writer', 'john', 'law', 'inspired', 'become', 'mystery', 'man', 'crimson', 'avenger', 'days', 'america', 'entered', 'world', 'war', 'tarantula', 'possessed', 'super', 'abilities', 'relied', 'several', 'gimmicks', 'quick', 'wits', 'trained', 'hand', 'hand', 'combat', 'well', 'acrobatics', 'passing', 'interest', 'stage', 'make', 'stage', 'magic', 'used', 'suction', 'cups', 'attached', 'soles', 'boots', 'allow', 'walk', 'walls', 'hang', 'ceilings', 'used', 'web', 'gun', 'fired', 'string', 'fast', 'hardening', 'nylon', 'used', 'swing', 'one', 'anchored', 'point', 'another', 'member', 'star', 'squadron', 'retiring', 'continue', 'writing', 'career', 'published', 'best', 'selling', 'book', 'altered', 'egos', 'mystery', 'men', 'world', 'war', 'sometime', 'went', 'write', 'many', 'books', 'none', 'successful', 'altered', 'egos', 'later', 'years', 'law', 'lived', 'city', 'dhaven', 'building', 'dick', 'grayson', 'known', 'vigilante', 'hero', 'nightwing', 'two', 'elderly', 'nazis', 'wanting', 'revenge', 'law', 'tracked', 'defeated', 'nightwing', 'law', 'tried', 'spin', 'plot', 'new', 'story', 'major', 'protagonist', 'later', 'building', 'burned', 'villain', 'blockbuster', 'attempt', 'ruin', 'nightwing', 'life', 'john', 'law', 'successor', 'new', 'tarantula', 'tried', 'save', 'arrived', 'late', 'john', 'law', 'presumed', 'died', 'along', 'residents', 'however', 'body', 'never', 'recovered', 'suggesting', 'survived', 'explosion', 'catalina', 'marie', 'flores', 'grew', 'dhaven', 'witnessed', 'many', 'injustices', 'carried', 'throughout', 'city', 'prompted', 'leave', 'dhaven', 'join', 'fbi', 'quantico', 'virginia', 'unknown', 'long', 'agent', 'eventually', 'left', 'bureau', 'returned', 'dhaven', 'learned', 'older', 'brother', 'assistant', 'mateo', 'flores', 'unable', 'halt', 'corruption', 'present', 'throughout', 'city', 'seemed', 'working', 'city', 'encountered', 'john', 'law', 'first', 'tarantula', 'visited', 'office', 'get', 'ssi', 'check', 'previously', 'read', 'book', 'memoirs', 'featuring', 'first', 'tarantula', 'wanted', 'sign', 'copy', 'wanted', 'know', 'everything', 'john', 'law', 'time', 'tarantula', 'catalina', 'first', 'garnered', 'nightwing', 'attention', 'attending', 'self', 'defense', 'class', 'taught', 'able', 'deliver', 'blow', 'body', 'confident', 'uninhibited', 'eager', 'learn', 'various', 'hand', 'hand', 'defensive', 'moves', 'well', 'getting', 'know', 'grayson', 'less', 'formal', 'terms', 'next', 'caught', 'eye', 'first', 'outings', 'second', 'tarantula', 'nightwing', 'unimpressed', 'extreme', 'vigilante', 'methods', 'forbade', 'operate', 'dhaven', 'angered', 'took', 'foil', 'grayson', 'road', 'time', 'grayson', 'investigating', 'death', 'delmore', 'redhorn', 'dhaven', 'corrupt', 'chief', 'police', 'discovered', 'evidence', 'indicting', 'new', 'tarantula', 'killer', 'working', 'tad', 'ryerstad', 'nite', 'wing', 'nightwing', 'able', 'tarantula', 'arrested', 'murder', 'redhorn', 'although', 'process', 'wanted', 'vigilante', 'tad', 'arrested', 'well', 'mateo', 'determined', 'sister', 'released', 'angered', 'catalina', 'arrested', 'help', 'dubious', 'vigilante', 'released', 'tarantula', 'aided', 'blockbuster', 'revenge', 'campaign', 'nightwing', 'ordered', 'kill', 'grayson', 'girlfriend', 'barbara', 'gordon', 'instead', 'manipulated', 'dinner', 'engagement', 'two', 'manner', 'caused', 'barbara', 'break', 'grayson', 'things', 'soon', 'took', 'turn', 'worse', 'blockbuster', 'hired', 'villains', 'attack', 'grayson', 'held', 'dear', 'tarantula', 'devastated', 'unable', 'stop', 'bomb', 'explosion', 'grayson', 'building', 'complex', 'also', 'home', 'john', 'law', 'confronted', 'lady', 'vic', 'warned', 'blockbuster', 'wishes', 'shot', 'vic', 'chest', 'seeking', 'vengeance', 'john', 'law', 'demise', 'tarantula', 'helped', 'nightwing', 'record', 'blockbuster', 'confession', 'gave', 'tape', 'brother', 'crushed', 'deal', 'made', 'blockbuster', 'get', 'prison', 'tarantula', 'streets', 'soon', 'enough', 'battle', 'nightwing', 'blockbuster', 'heated', 'tarantula', 'involved', 'shot', 'blockbuster', 'nightwing', 'could', 'prevented', 'murder', 'driven', 'edge', 'sanity', 'blockbuster', 'calculated', 'assaults', 'everyone', 'nightwing', 'held', 'dear', 'blockbuster', 'knew', 'secret', 'identity', 'exploited', 'moment', 'absolute', 'misery', 'nightwing', 'stood', 'aside', 'let', 'tarantula', 'kill', 'afterwards', 'wounded', 'suffering', 'near', 'mental', 'breakdown', 'due', 'blockbuster', 'attacks', 'well', 'complicity', 'villain', 'murder', 'grayson', 'unable', 'stop', 'tarantula', 'raping', 'fell', 'long', 'incident', 'two', 'left', 'dhaven', 'tarantula', 'face', 'copperhead', 'responsible', 'killing', 'several', 'local', 'gang', 'leaders', 'grayson', 'able', 'pull', 'together', 'long', 'enough', 'save', 'copperhead', 'strong', 'feelings', 'grayson', 'try', 'know', 'better', 'persuaded', 'buy', 'marriage', 'license', 'grayson', 'could', 'sign', 'anything', 'batman', 'summoned', 'gotham', 'events', 'war', 'games', 'nightwing', 'came', 'senses', 'turned', 'tarantula', 'murder', 'blockbuster', 'acquitted', 'crimes', 'however', 'tarantula', 'imprisoned', 'fate', 'unknown', 'infinite', 'crisis', 'secret', 'society', 'super', 'villains', 'released', 'chemo', 'destroying', 'dhaven', 'later', 'secret', 'six', 'revealed', 'survived', 'imprisoned', 'alcatraz', 'island', 'stole', 'mysterious', 'card', 'junior', 'mysterious', 'crime', 'boss', 'runs', 'west', 'coast', 'mobs', 'later', 'revealed', 'possession', 'get', 'hell', 'free', 'card', 'forged', 'neron', 'card', 'coveted', 'junior', 'revealed', 'rag', 'doll', 'insane', 'sister', 'sends', 'army', 'supervillains', 'tarantula', 'eventually', 'sacrifices', 'pulling', 'junior', 'front', 'combined', 'attack', 'assembled', 'villains', 'killing', 'later', 'made', 'appearance', 'justice', 'society', 'america', 'part', 'resistance', 'alternative', 'future', 'dominated', 'nazis', 'end', 'nightwing', 'vol', 'july', 'tarantula', 'killed', 'blockbuster', 'raped', 'nightwing', 'rooftop', 'time', 'nightwing', 'shock', 'undergoing', 'deep', 'emotional', 'trauma', 'also', 'explicitly', 'told', 'catalina', 'touch', 'proceeded', 'despite', 'subject', 'writer', 'devin', 'grayson', 'made', 'following', 'statement', 'record', 'never', 'used', 'word', 'rape', 'said', 'non', 'consensual', 'interview', 'grayson', 'apologized', 'comment', 'explicitly', 'referring', 'act', 'rape', 'characters', 'used', 'name', 'tarantula', 'tarantula', 'name', 'used', 'criminal', 'named', 'crossart', 'took', 'wealthy', 'socialite', 'vivian', 'dale', 'captive', 'ran', 'afoul', 'sandman', 'tarantula', 'later', 'among', 'villains', 'ian', 'karkull', 'used', 'fight', 'justice', 'society', 'america', 'defeated', 'sandman', 'sandy', 'golden', 'boy', 'tarantula', 'crime', 'lord', 'minion', 'logger', 'suspected', 'charles', 'mcnider', 'doctor', 'mid', 'nite', 'person', 'tarantula', 'name', 'used', 'frank', 'lester', 'lost', 'private', 'investigator', 'license', 'unknown', 'reasons', 'became', 'vigilante', 'targeted', 'masher', 'mob', 'inspired', 'tarantula', 'series', 'son', 'gerold', 'watched', 'attracted', 'attention', 'superman', 'tried', 'stop', 'killing', 'two', 'masher', 'mob', 'members', 'lois', 'lane', 'stumbled', 'upon', 'tarantula', 'attempted', 'silence', 'stopped', 'superman', 'ghost', 'secret', 'agent', 'named', 'simon', 'cross', 'tarantula', 'handed', 'police', 'tarantula', 'name', 'also', 'used', 'roger', 'goldman', 'former', 'owner', 'evergood', 'milk', 'bottling', 'company', 'became', 'serial', 'killer', 'enemy', 'sandman', 'catalina', 'flores', 'incarnation', 'tarantula', 'makes', 'non', 'speaking', 'cameo', 'appearance', 'lego', 'batman', 'movie', 'one', 'several', 'villains', 'recruited', 'joker']"
Andre Lee,"Andre Lee (born January 16, 1963) is a French-Canadian-Korean executive, entrepreneur and financier from New York City, New York. He is the chief executive officer of Snowflake Innovations and Technology Reserve. He formerly served as co-founder and managing director of the Invention Development Fund at Intellectual Ventures.[1] Lee is best known for ""largely pioneering the Asian junk bonds market""[2] as the head of Peregrine's bond department.[3] In 2011, Lee founded Snowflake Innovations, a private holding company focused on designing and spinning out new business models and strategic platforms in financing intangible assets. He blogs on a range of subjects related to innovation at Innovation Unleashed.
 Andre Lee was born in New York City to a French-Canadian mother and Korean father.[3] When he was five years old, Lee moved to South Korea[3] with his family, where he stayed until he returned to New York to attend Colgate University in 1981.[4] He studied philosophy and religion and earned his Bachelor of Arts from Colgate in 1985.[5] After graduation, Lee was hired by Juki, a Japanese company that manufactured industrial sewing machines, and was responsible for managing distributors in the garment industry in New York City.[5]
 In 1988, Lee became a retail-broker trainee on Wall Street at Shearson Lehman Hutton Inc., which later became Salomon Smith Barney.[3] Lee built relationships and established contacts in Korea and began to establish business with Korean banks.[3] Because of his early success, Lee went to work for Lehman Brothers in their Hong Kong office, where he became a ""leading"" bond salesman.[6] In Hong Kong, Lee worked as a fixed-income salesman covering Asian fixed-income institutional investors in Hong Kong and Korea. Lee began selling bonds to Korean banks and managed Lehman's fixed income trading relationship with the central bank of Korea and the Asian Development Bank.[7][8]
 In 1994, ""with a reputation for being at the cutting edge of financial developments in Asia,""[8] Lee left Lehman Brothers to head Peregrine's fixed-income business.[6] From 1994–1996, Peregrine's business increased six-fold under Lee's leadership.[9] In 1996, Lee's team accounted for one-third of Peregrine's operating profits.[9]
 Peregrine went into liquidation in January 1998 as a result of the 1997 Asian financial crisis.[10][11] and Lee returned to Korea to found 01 Inc., an internet-based company that provided internet-enabled financial trading and investment banking services for small businesses and financial institutions.[12][13] 01 Inc. was backed by Hyundai Development Company and Kolon.[13] 01 Inc.'s DealComposer.com, a website designed to guide companies through funding processes, including regulatory and due diligence, launched in August 2000.[13][14]
 Lee later co-founded and served as managing director of Intellectual Ventures' Invention Development Fund, an approximately $590 million fund focused on generating invention and encouraging technology transfer that partnered with universities and individual inventors in Asia and North America.[1] He left the firm in 2011. Lee currently serves as CEO of Snowflake Innovations and Technology Reserve both based in Vancouver, British Columbia, Canada. Snowflake Innovations is a private holding company focused on designing and spinning out new business models and strategic platforms in financing intangible assets. Technology Reserve is a global exchange platform for sharing technology and know-how designed to accelerate innovation in small and medium-sized companies.[15]
","
^ a b Nathan Vardi (2011-07-07). ""How A Notorious Banker Left Intellectual Ventures With A Poorly Performing Fund"". Forbes. Retrieved 2014-05-08.

^ Edward A. Gargan (1998-01-13). ""Hong Kong's Peregrine Soared Like a Falcon, Sank Like a Reckless Bank"". The New York Times. Retrieved 2014-05-08.

^ a b c d e Erik Guyot; Jon E. Hilsenrath (13 January 1998). ""Going Nova: How Peregrine Rose And Fell With a Star In Bond Trading --- Like the Hong Kong Bank, Andre Lee Was Soaring Until Currencies Tanked --- Grousing About 'Eurofags'"".

^ Allen T. Cheng (August 1999). ""Life After Peregrine"".

^ a b Jon E. Hilsenrath; Erik Guyot (13 January 1998). ""Scourge of 'Eurofags': Like Peregrine, Andre Lee Soared Until Crisis Erupted"". The Asian Wall Street Journal.

^ a b Robert Steiner (14 April 1994). ""Battle Heats Up for Asian Finance Staff --- Poaching Proliferates as Companies Rush to Build Regional Presences"". The Asian Wall Street Journal.

^ Malcolm Surry (1 March 1998). ""One crash too many"". Asian Business.

^ a b Peter Lee (April 1998). ""Peregrine's Last Days"".

^ a b Moon Ihlwan (July 10, 2000). ""Seoul's Web Spawns a Comeback Kid"".

^ Jason Nisse (13 January 1998). ""Peregrine's short flight and spectacular fall – Peregrine Investments"". The Times.

^ ""Hubris left out basics"". South China Morning Post. 28 March 2001.

^ ""The philosophical Mr Lee"". Asiamoney. 1 November 1999.

^ a b c Emiko Terazono (19 October 2000). ""SOUTH KOREA 7 – Online Cupid for investors PROFILE – ANDREW LEE"". Financial Times.

^ Richard Irving. (26 June 2000). ""Peregrine's Lee to back bond venture"". The Financial News.

^ ""Report on Proceedings and Findings"" (PDF). International Commercialization Alliance. May 2011. Archived from the original (PDF) on 2014-05-22. Retrieved 2014-05-08.

","andre lee  born january           is a french canadian korean executive  entrepreneur and financier from new york city  new york  he is the chief executive officer of snowflake innovations and technology reserve  he formerly served as co founder and managing director of the invention development fund at intellectual ventures   lee is best known for  largely pioneering the asian junk bonds market   as the head of peregrine s bond department   in       lee founded snowflake innovations  a private holding company focused on designing and spinning out new business models and strategic platforms in financing intangible assets  he blogs on a range of subjects related to innovation at innovation unleashed 
 andre lee was born in new york city to a french canadian mother and korean father   when he was five years old  lee moved to south korea  with his family  where he stayed until he returned to new york to attend colgate university in        he studied philosophy and religion and earned his bachelor of arts from colgate in        after graduation  lee was hired by juki  a japanese company that manufactured industrial sewing machines  and was responsible for managing distributors in the garment industry in new york city  
 in       lee became a retail broker trainee on wall street at shearson lehman hutton inc   which later became salomon smith barney   lee built relationships and established contacts in korea and began to establish business with korean banks   because of his early success  lee went to work for lehman brothers in their hong kong office  where he became a  leading  bond salesman   in hong kong  lee worked as a fixed income salesman covering asian fixed income institutional investors in hong kong and korea  lee began selling bonds to korean banks and managed lehman s fixed income trading relationship with the central bank of korea and the asian development bank   
 in        with a reputation for being at the cutting edge of financial developments in asia    lee left lehman brothers to head peregrine s fixed income business   from            peregrine s business increased six fold under lee s leadership   in       lee s team accounted for one third of peregrine s operating profits  
 peregrine went into liquidation in january      as a result of the      asian financial crisis    and lee returned to korea to found    inc   an internet based company that provided internet enabled financial trading and investment banking services for small businesses and financial institutions       inc  was backed by hyundai development company and kolon      inc  s dealcomposer com  a website designed to guide companies through funding processes  including regulatory and due diligence  launched in august        
 lee later co founded and served as managing director of intellectual ventures  invention development fund  an approximately      million fund focused on generating invention and encouraging technology transfer that partnered with universities and individual inventors in asia and north america   he left the firm in       lee currently serves as ceo of snowflake innovations and technology reserve both based in vancouver  british columbia  canada  snowflake innovations is a private holding company focused on designing and spinning out new business models and strategic platforms in financing intangible assets  technology reserve is a global exchange platform for sharing technology and know how designed to accelerate innovation in small and medium sized companies  
","['andre', 'lee', 'born', 'january', 'french', 'canadian', 'korean', 'executive', 'entrepreneur', 'financier', 'new', 'york', 'city', 'new', 'york', 'chief', 'executive', 'officer', 'snowflake', 'innovations', 'technology', 'reserve', 'formerly', 'served', 'founder', 'managing', 'director', 'invention', 'development', 'fund', 'intellectual', 'ventures', 'lee', 'best', 'known', 'largely', 'pioneering', 'asian', 'junk', 'bonds', 'market', 'head', 'peregrine', 'bond', 'department', 'lee', 'founded', 'snowflake', 'innovations', 'private', 'holding', 'company', 'focused', 'designing', 'spinning', 'new', 'business', 'models', 'strategic', 'platforms', 'financing', 'intangible', 'assets', 'blogs', 'range', 'subjects', 'related', 'innovation', 'innovation', 'unleashed', 'andre', 'lee', 'born', 'new', 'york', 'city', 'french', 'canadian', 'mother', 'korean', 'father', 'five', 'years', 'old', 'lee', 'moved', 'south', 'korea', 'family', 'stayed', 'returned', 'new', 'york', 'attend', 'colgate', 'university', 'studied', 'philosophy', 'religion', 'earned', 'bachelor', 'arts', 'colgate', 'graduation', 'lee', 'hired', 'juki', 'japanese', 'company', 'manufactured', 'industrial', 'sewing', 'machines', 'responsible', 'managing', 'distributors', 'garment', 'industry', 'new', 'york', 'city', 'lee', 'became', 'retail', 'broker', 'trainee', 'wall', 'street', 'shearson', 'lehman', 'hutton', 'inc', 'later', 'became', 'salomon', 'smith', 'barney', 'lee', 'built', 'relationships', 'established', 'contacts', 'korea', 'began', 'establish', 'business', 'korean', 'banks', 'early', 'success', 'lee', 'went', 'work', 'lehman', 'brothers', 'hong', 'kong', 'office', 'became', 'leading', 'bond', 'salesman', 'hong', 'kong', 'lee', 'worked', 'fixed', 'income', 'salesman', 'covering', 'asian', 'fixed', 'income', 'institutional', 'investors', 'hong', 'kong', 'korea', 'lee', 'began', 'selling', 'bonds', 'korean', 'banks', 'managed', 'lehman', 'fixed', 'income', 'trading', 'relationship', 'central', 'bank', 'korea', 'asian', 'development', 'bank', 'reputation', 'cutting', 'edge', 'financial', 'developments', 'asia', 'lee', 'left', 'lehman', 'brothers', 'head', 'peregrine', 'fixed', 'income', 'business', 'peregrine', 'business', 'increased', 'six', 'fold', 'lee', 'leadership', 'lee', 'team', 'accounted', 'one', 'third', 'peregrine', 'operating', 'profits', 'peregrine', 'went', 'liquidation', 'january', 'result', 'asian', 'financial', 'crisis', 'lee', 'returned', 'korea', 'found', 'inc', 'internet', 'based', 'company', 'provided', 'internet', 'enabled', 'financial', 'trading', 'investment', 'banking', 'services', 'small', 'businesses', 'financial', 'institutions', 'inc', 'backed', 'hyundai', 'development', 'company', 'kolon', 'inc', 'dealcomposer', 'com', 'website', 'designed', 'guide', 'companies', 'funding', 'processes', 'including', 'regulatory', 'due', 'diligence', 'launched', 'august', 'lee', 'later', 'founded', 'served', 'managing', 'director', 'intellectual', 'ventures', 'invention', 'development', 'fund', 'approximately', 'million', 'fund', 'focused', 'generating', 'invention', 'encouraging', 'technology', 'transfer', 'partnered', 'universities', 'individual', 'inventors', 'asia', 'north', 'america', 'left', 'firm', 'lee', 'currently', 'serves', 'ceo', 'snowflake', 'innovations', 'technology', 'reserve', 'based', 'vancouver', 'british', 'columbia', 'canada', 'snowflake', 'innovations', 'private', 'holding', 'company', 'focused', 'designing', 'spinning', 'new', 'business', 'models', 'strategic', 'platforms', 'financing', 'intangible', 'assets', 'technology', 'reserve', 'global', 'exchange', 'platform', 'sharing', 'technology', 'know', 'designed', 'accelerate', 'innovation', 'small', 'medium', 'sized', 'companies']"
Ella Koon,"
 Ella Koon Yun-na (born 9 July 1979) is a former Hong Kong Cantopop singer and semi-retired actress.
 Ella Koon was born in the French Polynesian island of Tahiti, and is of Hakka descent.[1][2] She was raised in Hong Kong and attended high school in Birmingham, England. Koon is multilingual and speaks Hakka, Cantonese, English, Mandarin, and some French. Koon also plays the Guzheng,[3][non-primary source needed] a traditional Chinese musical instrument with 21 strings, as well as the Guitar and Piano.[4] She is not a French citizen.[5]
 After completing her studies in England, Koon returned to Hong Kong in 2000 where she began her modeling career for various magazines, advertisements and commercials. Modelling became her full-time profession. 
 In 2001, she landed her first movie role in ""I Do"". After the movie, she continued modelling; then in 2004 she was invited to attend a singing audition. The audition landed her a contract with Boombeat Music and launched her singing career.[3] Her first few albums – ""Original"", ""Ellacadabra"" (2005), ""Lose Sanity"" (2006) and the EP ""Stages"" (2008) were not particularly acclaimed. But as a singer on The Voice (超級巨聲) singing ""Endless Love"" she impressed audiences and further propelled her singing career.
 Koon also starred in the popular TVB's drama series ""Revolving Door of Vengeance"" in 2005 and ""Survivor's Law II "" in 2007. In ""Revolving Door of Vengeance"" she played ""Hoi Sum"" (meaning 'happy' in Cantonese), a carefree and happy-go-lucky girl. In ""Survivor's Law II,"" she won the audience again with her character as ""Lily"" the sassy and stylish lawyer who could hold her own in the courtroom. Besides the drama series, Koon has been invited as a guest to several TVB games shows and was a host for two food travel shows with notable Hong Kong Chefs. Indeed, her most recent work with Kelvin Pan (Pan Kai Tai) has boosted her into the pinnacle of Hong Kong entertainment business.[3]
 “I Do"" was just the first of many movies Koon appeared and started in. She also landed roles in movies such as My Sweetie (甜絲絲, 2004), Drink, Drank, Drunk (千杯不醉, 2005), Ice Age 2: The Meltdown (冰河世紀二, 2006), The Shopaholics (最愛女人購物狂, 2006), Without Words (地老天荒, 2006), Undercover Hidden Dragon (至尊無賴, 2006), Arthur and the Minimoys (迷你魔界大冒險, 2007), Muddy but Pure White (泥巴色的純白, 2008), Playboy Cops (花花型警, 2008), Look for a Star (游龍戲鳳, 2008), Short of Love (矮仔多情, 2009) and Ice Age 3: Dawn of the Dinosaurs (冰河世紀三, 2009). She Played the role of Merry in the Clement Cheng movie 'Merry-go-round' (2010) in which her talent expresses perfectly.[3]
 Between 2010 and 2012, Koon became the first ever Asian GoDaddy Girl[6] and was featured on the front page of the GoDaddy site[7] for all Asian users. She was supported by DotAsia's coordination.
 In 2006, during promoting a Mid-Autumn Festival event, Ella was assaulted on stage by a man, later identified as Kalton Pan, a 22-year-old male. The man was immediately arrested and later sentenced to 9 months imprisonment. Ella was not harmed by the incident and decided against pursuing legal action against the man.[8]
 In September 2014, Ella was diagnosed with Bell's palsy, which made her right side of her face paralyzed.[9]
","
^ ""官恩娜迟到比不到要好 身为客家人而骄傲(图) - ┋新闻报道┋ - QQ空间论坛 - Powered by Discuz!"". Archived from the original on 24 December 2013. Retrieved 19 June 2012.""

^ ""罗家英:官恩娜是客家人中的美"". Archived from the original on 3 July 2013. Retrieved 19 June 2012.

^ a b c d ""Biography"". Retrieved 20 February 2010.

^ ""Ella Koon 官恩娜"". SPCNET. Retrieved 3 June 2022.

^ ""Interview"". Archived from the original on 11 August 2017. Retrieved 27 November 2016.

^ ""Ella Koon: The First Ever Asian GoDaddy Girl"". dot.asia. 16 November 2008. Retrieved 17 June 2025.

^ ""Ella Koon's blog @ godaddy.com"". Archived from the original on 1 November 2010. Retrieved 1 November 2010.

^ ""官恩娜中秋晚會被強吻 男青年當場被拘捕(圖)"". news.cn. Archived from the original on 16 January 2014. Retrieved 15 January 2014.

^ ""Ella Koon diagnosed with Bell's Palsy"". Yahoo! News. 17 September 2014. Retrieved 17 September 2014.

","
 ella koon yun na  born   july       is a former hong kong cantopop singer and semi retired actress 
 ella koon was born in the french polynesian island of tahiti  and is of hakka descent    she was raised in hong kong and attended high school in birmingham  england  koon is multilingual and speaks hakka  cantonese  english  mandarin  and some french  koon also plays the guzheng   non primary source needed  a traditional chinese musical instrument with    strings  as well as the guitar and piano   she is not a french citizen  
 after completing her studies in england  koon returned to hong kong in      where she began her modeling career for various magazines  advertisements and commercials  modelling became her full time profession  
 in       she landed her first movie role in  i do   after the movie  she continued modelling  then in      she was invited to attend a singing audition  the audition landed her a contract with boombeat music and launched her singing career   her first few albums    original    ellacadabra           lose sanity         and the ep  stages         were not particularly acclaimed  but as a singer on the voice        singing  endless love  she impressed audiences and further propelled her singing career 
 koon also starred in the popular tvb s drama series  revolving door of vengeance  in      and  survivor s law ii   in       in  revolving door of vengeance  she played  hoi sum   meaning  happy  in cantonese   a carefree and happy go lucky girl  in  survivor s law ii   she won the audience again with her character as  lily  the sassy and stylish lawyer who could hold her own in the courtroom  besides the drama series  koon has been invited as a guest to several tvb games shows and was a host for two food travel shows with notable hong kong chefs  indeed  her most recent work with kelvin pan  pan kai tai  has boosted her into the pinnacle of hong kong entertainment business  
  i do  was just the first of many movies koon appeared and started in  she also landed roles in movies such as my sweetie              drink  drank  drunk               ice age    the meltdown                the shopaholics                  without words               undercover hidden dragon               arthur and the minimoys                  muddy but pure white                 playboy cops               look for a star               short of love              and ice age    dawn of the dinosaurs                she played the role of merry in the clement cheng movie  merry go round         in which her talent expresses perfectly  
 between      and       koon became the first ever asian godaddy girl  and was featured on the front page of the godaddy site  for all asian users  she was supported by dotasia s coordination 
 in       during promoting a mid autumn festival event  ella was assaulted on stage by a man  later identified as kalton pan  a    year old male  the man was immediately arrested and later sentenced to   months imprisonment  ella was not harmed by the incident and decided against pursuing legal action against the man  
 in september       ella was diagnosed with bell s palsy  which made her right side of her face paralyzed  
","['ella', 'koon', 'yun', 'born', 'july', 'former', 'hong', 'kong', 'cantopop', 'singer', 'semi', 'retired', 'actress', 'ella', 'koon', 'born', 'french', 'polynesian', 'island', 'tahiti', 'hakka', 'descent', 'raised', 'hong', 'kong', 'attended', 'high', 'school', 'birmingham', 'england', 'koon', 'multilingual', 'speaks', 'hakka', 'cantonese', 'english', 'mandarin', 'french', 'koon', 'also', 'plays', 'guzheng', 'non', 'primary', 'source', 'needed', 'traditional', 'chinese', 'musical', 'instrument', 'strings', 'well', 'guitar', 'piano', 'french', 'citizen', 'completing', 'studies', 'england', 'koon', 'returned', 'hong', 'kong', 'began', 'modeling', 'career', 'various', 'magazines', 'advertisements', 'commercials', 'modelling', 'became', 'full', 'time', 'profession', 'landed', 'first', 'movie', 'role', 'movie', 'continued', 'modelling', 'invited', 'attend', 'singing', 'audition', 'audition', 'landed', 'contract', 'boombeat', 'music', 'launched', 'singing', 'career', 'first', 'albums', 'original', 'ellacadabra', 'lose', 'sanity', 'stages', 'particularly', 'acclaimed', 'singer', 'voice', 'singing', 'endless', 'love', 'impressed', 'audiences', 'propelled', 'singing', 'career', 'koon', 'also', 'starred', 'popular', 'tvb', 'drama', 'series', 'revolving', 'door', 'vengeance', 'survivor', 'law', 'revolving', 'door', 'vengeance', 'played', 'hoi', 'sum', 'meaning', 'happy', 'cantonese', 'carefree', 'happy', 'lucky', 'girl', 'survivor', 'law', 'audience', 'character', 'lily', 'sassy', 'stylish', 'lawyer', 'could', 'hold', 'courtroom', 'besides', 'drama', 'series', 'koon', 'invited', 'guest', 'several', 'tvb', 'games', 'shows', 'host', 'two', 'food', 'travel', 'shows', 'notable', 'hong', 'kong', 'chefs', 'indeed', 'recent', 'work', 'kelvin', 'pan', 'pan', 'kai', 'tai', 'boosted', 'pinnacle', 'hong', 'kong', 'entertainment', 'business', 'first', 'many', 'movies', 'koon', 'appeared', 'started', 'also', 'landed', 'roles', 'movies', 'sweetie', 'drink', 'drank', 'drunk', 'ice', 'age', 'meltdown', 'shopaholics', 'without', 'words', 'undercover', 'hidden', 'dragon', 'arthur', 'minimoys', 'muddy', 'pure', 'white', 'playboy', 'cops', 'look', 'star', 'short', 'love', 'ice', 'age', 'dawn', 'dinosaurs', 'played', 'role', 'merry', 'clement', 'cheng', 'movie', 'merry', 'round', 'talent', 'expresses', 'perfectly', 'koon', 'became', 'first', 'ever', 'asian', 'godaddy', 'girl', 'featured', 'front', 'page', 'godaddy', 'site', 'asian', 'users', 'supported', 'dotasia', 'coordination', 'promoting', 'mid', 'autumn', 'festival', 'event', 'ella', 'assaulted', 'stage', 'man', 'later', 'identified', 'kalton', 'pan', 'year', 'old', 'male', 'man', 'immediately', 'arrested', 'later', 'sentenced', 'months', 'imprisonment', 'ella', 'harmed', 'incident', 'decided', 'pursuing', 'legal', 'action', 'man', 'september', 'ella', 'diagnosed', 'bell', 'palsy', 'made', 'right', 'side', 'face', 'paralyzed']"
644th Bomb Squadron,"
 The 644th Bomb Squadron is an inactive United States Air Force unit.  It was last assigned to the 410th Bombardment Wing at K. I. Sawyer Air Force Base, Michigan, where it was inactivated on 21 November 1994.
 First activated as the 644th Bombardment Squadron during World War II, the squadron moved to the European Theater of Operations in the spring of 1944.  It flew air support and air interdiction missions with Douglas A-20 Havoc bombers, first from England, then from Advanced Landing Grounds on the European continent.  It received a Distinguished Unit Citation for missions flown against German targets during the Battle of the Bulge.  In February 1945, the unit began converting to the Douglas A-26 Invader, but the war ended before it flew any combat missions with its new aircraft.
 The squadron was redesignated the 644th Strategic Missile Squadron and activated in 1959 as a SM-75 Thor training unit, training Royal Air Force missile crews.  It was inactivated later that year.  The squadron returned to its bombardment designation in 1963, when it was activated to replace a Boeing B-52H Stratofortress squadron at K. I. Sawyer Air Force Base.  The squadron stood alert with its planes there until the end of the Cold War.  It deployed crewmembers during the Vietnam War and crews and airplanes during Desert Storm, although the squadron itself remained at its home station.
 The squadron was first activated as the 644th Bombardment Squadron at Will Rogers Field on 1 July 1943 as one of the four original squadrons of the 410th Bombardment Group and equipped and trained with Douglas A-20 Havoc light bombers.  It completed training and left the United States for the European Theater of Operations in March 1944.[1][3]
 The squadron arrived at its first overseas station, RAF Birch in April 1944, but soon moved to RAF Gosfield.  The squadron flew its first combat mission the following month.  It helped to prepare for Operation Overlord, the invasion of Normandy, by assaulting coastal defenses, airfields, and V-1 flying bomb and V-2 rocket sites in France, and marshalling yards in France and Belgium.  It supported the landings in June by bombing artillery positions and railway choke points. Assisted ground forces participating in Operation Cobra, the breakthrough at St Lo in July, and supported ground forces at Caen and Brest, France through September by attacking bridges, vehicles, fuel and ammunition dumps, and rail lines.[3]
 The 644th moved to its first base in France in September, and from Coulommiers Airfield struck defended villages, railroad bridges and overpasses, marshalling yards, military camps, and communications centers to support the Allied assault on the Siegfried Line through the middle of December. In December, the unit participated in the Battle of the Bulge by striking marshalling yards, railheads, bridges, and vehicles in the battle area through January 1945. The squadron's bombing of targets in the Ardennes, when it made many attacks on German lines of communications, from 23 to 25 December 1944, earned it a Distinguished Unit Citation.[3]
 The squadron began training in January 1945 for night missions, while continuing its daylight operations.  It replaced its A-20G and A-20H aircraft with nose-mounted guns with black A-20J and A-20Ks with navigator positions for night operations.  These operations were aided by Martin B-26 Marauder flare ships to illuminate the area, and Douglas A-26 Invaders to mark targets with special bombs that burned with various colors.  Successful night missions were flown in February, but the swift advances of Allied forces and need for daytime support resulted in a return to daylight operations.[4]
 The 644th continued to fly ground support and air interdiction missions, aiding the Allied drive across the Rhine and into Germany from February through April 1945. The squadron converted to the Douglas A-26 Invader in 1945, but did not fly combat missions with its new bomber.  After V-E Day, the squadron left Europe in June 1945 and reassembled at Seymour Johnson Field, North Carolina in August.  It was inactivated at Myrtle Beach Army Air Field in November 1945.[1][3]
 The squadron was redesignated the 644th Strategic Missile Squadron and activated at Vandenberg Air Force Base, California in January 1959 as a missile training squadron.  The squadron was assigned to the 704th Strategic Missile Wing and was intended to train Royal Air Force personnel in the operation and launching of the SM-75 Thor Intermediate Range Ballistic Missile (IRBM).  Anticipating the inactivation of the 704th Wing in July, the squadron was attached to the 1st Missile Division on 6  April 1969.[5]  However, although Thors were provided to NATO allies, no USAF units were equipped with them, when the Army's Jupiter missile was selected as the IRBM for US forces, and the squadron was inactivated on 15 December 1959 without being manned.[1]
 In the late 1950s, Strategic Air Command (SAC) began to disperse its Boeing B-52 Stratofortress bombers over a larger number of bases, thus making it more difficult for the Soviet Union to knock out the entire fleet with a surprise first strike.[6]  SAC bases with large concentrations of bombers made attractive targets.  SAC's response was to break up its wings and scatter their aircraft over a larger number of bases.[7]  As part of this program, it established the 4042d Strategic Wing at the new K. I. Sawyer Air Force Base, Michigan in August 1958.[8]  By 1961, the base was ready to accept the B-52s of the 526th Bombardment Squadron, which moved to K.I. Sawyer from Homestead Air Force Base, Florida.[9]  However, the 4042d Wing was a Major Command controlled (MAJCON) wing, which could not carry a permanent history or lineage,[10] and SAC wanted to replace it with a permanent unit.[11]  The 410th Bombardment Wing was activated to replace the 4042d Wing in February 1963,[12]  The 644th, once again a bombardment squadron, took over the mission, personnel and equipment of the 526th, which was simultaneously inactivated.[1][9]  While this action was almost tantamount to redesignation, it was not an official redesignation.[13]
 One half of the squadron's aircraft were maintained on fifteen minute alert, fully fueled and ready for combat to reduce vulnerability to a Soviet missile strike.[14] in addition, the squadron periodically flew Operation Chrome Dome missions for ""airborne alert training.""[15] The squadron trained for strategic bombardment  to meet SAC commitments. Although the squadron did not deploy to support Operation Arc Light and Operation Linebacker, from 1968 to the end of the Vietnam War squadron crews deployed to the Pacific,[12] where they flew B-52s of other units on combat missions.
 In 1980, two 644th Bomb Squadron crews (S-21 and S-31) received the Mackay Trophy for ""executing a nonstop, around-the-world mission with the immediate objective of locating and photographing elements of the Soviet Navy operating in the Persian Gulf.[16]  With the end of the Cold War, its bombers were taken off alert.  The squadron was inactivated in November 1994, as the 410th Bomb Wing became non-operational in preparation for the closure of K.I. Sawyer in 1995.
  This article incorporates public domain material from the Air Force Historical Research Agency
","
^ Aircraft is Boeing B-52H-155-BW Stratofortress, serial 60-0057, Someplace Special (Nemesis during Operation Allied Force).  Baugher, Joe (14 April 2023). ""1960 USAF Serial Numbers"". Joe Baugher. Retrieved 12 May 2023.  Taken at RAF Greenham Common in 1982.  The plane's markings are patterned after those used by the squadron on D-Day.

^ Approved 21 December 1943.  Description: Over and through an ultramarine blue disc, border white, edged back, a right fist proper, winged gold, doubled about red brass knuckles.

 
^ a b c d e f g h i j k l m Maurer, Combat Squadrons, p. 692

^ Rust, p. 211

^ a b c d Maurer, Combat Units, pp. 295-296

^ Rust, pp. 152-153

^ Ravenstein, p. 292

^ ""Abstract (Unclassified), Vol 1, History of Strategic Air Command, Jan-Jun 1957 (Secret)"". Air Force History Index. Retrieved 4 March 2014.

^ Knaack, p. 252

^ Mueller, p. 296

^ a b Maurer, Combat Squadrons, p. 631

^ Ravenstein, Guide to Air Force Lineage and Honors, p. 12

^ Ravenstein, Combat Wings, p. 271

^ a b Ravenstein, Combat Wings, pp.221-222

^ The Development of the Strategic Air Command 1946-1986, Office of the Historian, Headquarters Strategic Air Command, Offutt AFB, NE, pp. 117-118.

^ ""Abstract (Unclassified), History of the Strategic Bomber since 1945 (Top Secret, downgraded to Secret)"". Air Force History Index. 1 April 1975. Retrieved 4 March 2014.

^ Narducci, pp. 5-6

^ ""Mackay Trophy 1980-1989 Winners"". National Aeronautic Association. 2004. Archived from the original on 22 February 2012. Retrieved 23 September 2019.

^ a b c Lineage information prior to March 1963 in Maurer, Combat Squadrons, p. 692.

^ Station number in Anderson, p. 21.

^ Station number in Anderson, p. 22.

^ a b Station number in Johnson, p. 19.

^ Station number in Johnson, p. 20.

^ Station information prior to March 1963 in Maurer, Combat Squadrons, p. 692, except as noted.

","
 the    th bomb squadron is an inactive united states air force unit   it was last assigned to the    th bombardment wing at k  i  sawyer air force base  michigan  where it was inactivated on    november      
 first activated as the    th bombardment squadron during world war ii  the squadron moved to the european theater of operations in the spring of        it flew air support and air interdiction missions with douglas a    havoc bombers  first from england  then from advanced landing grounds on the european continent   it received a distinguished unit citation for missions flown against german targets during the battle of the bulge   in february       the unit began converting to the douglas a    invader  but the war ended before it flew any combat missions with its new aircraft 
 the squadron was redesignated the    th strategic missile squadron and activated in      as a sm    thor training unit  training royal air force missile crews   it was inactivated later that year   the squadron returned to its bombardment designation in       when it was activated to replace a boeing b   h stratofortress squadron at k  i  sawyer air force base   the squadron stood alert with its planes there until the end of the cold war   it deployed crewmembers during the vietnam war and crews and airplanes during desert storm  although the squadron itself remained at its home station 
 the squadron was first activated as the    th bombardment squadron at will rogers field on   july      as one of the four original squadrons of the    th bombardment group and equipped and trained with douglas a    havoc light bombers   it completed training and left the united states for the european theater of operations in march        
 the squadron arrived at its first overseas station  raf birch in april       but soon moved to raf gosfield   the squadron flew its first combat mission the following month   it helped to prepare for operation overlord  the invasion of normandy  by assaulting coastal defenses  airfields  and v   flying bomb and v   rocket sites in france  and marshalling yards in france and belgium   it supported the landings in june by bombing artillery positions and railway choke points  assisted ground forces participating in operation cobra  the breakthrough at st lo in july  and supported ground forces at caen and brest  france through september by attacking bridges  vehicles  fuel and ammunition dumps  and rail lines  
 the    th moved to its first base in france in september  and from coulommiers airfield struck defended villages  railroad bridges and overpasses  marshalling yards  military camps  and communications centers to support the allied assault on the siegfried line through the middle of december  in december  the unit participated in the battle of the bulge by striking marshalling yards  railheads  bridges  and vehicles in the battle area through january       the squadron s bombing of targets in the ardennes  when it made many attacks on german lines of communications  from    to    december       earned it a distinguished unit citation  
 the squadron began training in january      for night missions  while continuing its daylight operations   it replaced its a   g and a   h aircraft with nose mounted guns with black a   j and a   ks with navigator positions for night operations   these operations were aided by martin b    marauder flare ships to illuminate the area  and douglas a    invaders to mark targets with special bombs that burned with various colors   successful night missions were flown in february  but the swift advances of allied forces and need for daytime support resulted in a return to daylight operations  
 the    th continued to fly ground support and air interdiction missions  aiding the allied drive across the rhine and into germany from february through april       the squadron converted to the douglas a    invader in       but did not fly combat missions with its new bomber   after v e day  the squadron left europe in june      and reassembled at seymour johnson field  north carolina in august   it was inactivated at myrtle beach army air field in november        
 the squadron was redesignated the    th strategic missile squadron and activated at vandenberg air force base  california in january      as a missile training squadron   the squadron was assigned to the    th strategic missile wing and was intended to train royal air force personnel in the operation and launching of the sm    thor intermediate range ballistic missile  irbm    anticipating the inactivation of the    th wing in july  the squadron was attached to the  st missile division on    april         however  although thors were provided to nato allies  no usaf units were equipped with them  when the army s jupiter missile was selected as the irbm for us forces  and the squadron was inactivated on    december      without being manned  
 in the late     s  strategic air command  sac  began to disperse its boeing b    stratofortress bombers over a larger number of bases  thus making it more difficult for the soviet union to knock out the entire fleet with a surprise first strike    sac bases with large concentrations of bombers made attractive targets   sac s response was to break up its wings and scatter their aircraft over a larger number of bases    as part of this program  it established the     d strategic wing at the new k  i  sawyer air force base  michigan in august         by       the base was ready to accept the b   s of the    th bombardment squadron  which moved to k i  sawyer from homestead air force base  florida    however  the     d wing was a major command controlled  majcon  wing  which could not carry a permanent history or lineage   and sac wanted to replace it with a permanent unit    the    th bombardment wing was activated to replace the     d wing in february         the    th  once again a bombardment squadron  took over the mission  personnel and equipment of the    th  which was simultaneously inactivated     while this action was almost tantamount to redesignation  it was not an official redesignation  
 one half of the squadron s aircraft were maintained on fifteen minute alert  fully fueled and ready for combat to reduce vulnerability to a soviet missile strike   in addition  the squadron periodically flew operation chrome dome missions for  airborne alert training    the squadron trained for strategic bombardment  to meet sac commitments  although the squadron did not deploy to support operation arc light and operation linebacker  from      to the end of the vietnam war squadron crews deployed to the pacific   where they flew b   s of other units on combat missions 
 in       two    th bomb squadron crews  s    and s     received the mackay trophy for  executing a nonstop  around the world mission with the immediate objective of locating and photographing elements of the soviet navy operating in the persian gulf    with the end of the cold war  its bombers were taken off alert   the squadron was inactivated in november       as the    th bomb wing became non operational in preparation for the closure of k i  sawyer in      
  this article incorporates public domain material from the air force historical research agency
","['bomb', 'squadron', 'inactive', 'united', 'states', 'air', 'force', 'unit', 'last', 'assigned', 'bombardment', 'wing', 'sawyer', 'air', 'force', 'base', 'michigan', 'inactivated', 'november', 'first', 'activated', 'bombardment', 'squadron', 'world', 'war', 'squadron', 'moved', 'european', 'theater', 'operations', 'spring', 'flew', 'air', 'support', 'air', 'interdiction', 'missions', 'douglas', 'havoc', 'bombers', 'first', 'england', 'advanced', 'landing', 'grounds', 'european', 'continent', 'received', 'distinguished', 'unit', 'citation', 'missions', 'flown', 'german', 'targets', 'battle', 'bulge', 'february', 'unit', 'began', 'converting', 'douglas', 'invader', 'war', 'ended', 'flew', 'combat', 'missions', 'new', 'aircraft', 'squadron', 'redesignated', 'strategic', 'missile', 'squadron', 'activated', 'thor', 'training', 'unit', 'training', 'royal', 'air', 'force', 'missile', 'crews', 'inactivated', 'later', 'year', 'squadron', 'returned', 'bombardment', 'designation', 'activated', 'replace', 'boeing', 'stratofortress', 'squadron', 'sawyer', 'air', 'force', 'base', 'squadron', 'stood', 'alert', 'planes', 'end', 'cold', 'war', 'deployed', 'crewmembers', 'vietnam', 'war', 'crews', 'airplanes', 'desert', 'storm', 'although', 'squadron', 'remained', 'home', 'station', 'squadron', 'first', 'activated', 'bombardment', 'squadron', 'rogers', 'field', 'july', 'one', 'four', 'original', 'squadrons', 'bombardment', 'group', 'equipped', 'trained', 'douglas', 'havoc', 'light', 'bombers', 'completed', 'training', 'left', 'united', 'states', 'european', 'theater', 'operations', 'march', 'squadron', 'arrived', 'first', 'overseas', 'station', 'raf', 'birch', 'april', 'soon', 'moved', 'raf', 'gosfield', 'squadron', 'flew', 'first', 'combat', 'mission', 'following', 'month', 'helped', 'prepare', 'operation', 'overlord', 'invasion', 'normandy', 'assaulting', 'coastal', 'defenses', 'airfields', 'flying', 'bomb', 'rocket', 'sites', 'france', 'marshalling', 'yards', 'france', 'belgium', 'supported', 'landings', 'june', 'bombing', 'artillery', 'positions', 'railway', 'choke', 'points', 'assisted', 'ground', 'forces', 'participating', 'operation', 'cobra', 'breakthrough', 'july', 'supported', 'ground', 'forces', 'caen', 'brest', 'france', 'september', 'attacking', 'bridges', 'vehicles', 'fuel', 'ammunition', 'dumps', 'rail', 'lines', 'moved', 'first', 'base', 'france', 'september', 'coulommiers', 'airfield', 'struck', 'defended', 'villages', 'railroad', 'bridges', 'overpasses', 'marshalling', 'yards', 'military', 'camps', 'communications', 'centers', 'support', 'allied', 'assault', 'siegfried', 'line', 'middle', 'december', 'december', 'unit', 'participated', 'battle', 'bulge', 'striking', 'marshalling', 'yards', 'railheads', 'bridges', 'vehicles', 'battle', 'area', 'january', 'squadron', 'bombing', 'targets', 'ardennes', 'made', 'many', 'attacks', 'german', 'lines', 'communications', 'december', 'earned', 'distinguished', 'unit', 'citation', 'squadron', 'began', 'training', 'january', 'night', 'missions', 'continuing', 'daylight', 'operations', 'replaced', 'aircraft', 'nose', 'mounted', 'guns', 'black', 'navigator', 'positions', 'night', 'operations', 'operations', 'aided', 'martin', 'marauder', 'flare', 'ships', 'illuminate', 'area', 'douglas', 'invaders', 'mark', 'targets', 'special', 'bombs', 'burned', 'various', 'colors', 'successful', 'night', 'missions', 'flown', 'february', 'swift', 'advances', 'allied', 'forces', 'need', 'daytime', 'support', 'resulted', 'return', 'daylight', 'operations', 'continued', 'fly', 'ground', 'support', 'air', 'interdiction', 'missions', 'aiding', 'allied', 'drive', 'across', 'rhine', 'germany', 'february', 'april', 'squadron', 'converted', 'douglas', 'invader', 'fly', 'combat', 'missions', 'new', 'bomber', 'day', 'squadron', 'left', 'europe', 'june', 'reassembled', 'seymour', 'johnson', 'field', 'north', 'carolina', 'august', 'inactivated', 'myrtle', 'beach', 'army', 'air', 'field', 'november', 'squadron', 'redesignated', 'strategic', 'missile', 'squadron', 'activated', 'vandenberg', 'air', 'force', 'base', 'california', 'january', 'missile', 'training', 'squadron', 'squadron', 'assigned', 'strategic', 'missile', 'wing', 'intended', 'train', 'royal', 'air', 'force', 'personnel', 'operation', 'launching', 'thor', 'intermediate', 'range', 'ballistic', 'missile', 'irbm', 'anticipating', 'inactivation', 'wing', 'july', 'squadron', 'attached', 'missile', 'division', 'april', 'however', 'although', 'thors', 'provided', 'nato', 'allies', 'usaf', 'units', 'equipped', 'army', 'jupiter', 'missile', 'selected', 'irbm', 'forces', 'squadron', 'inactivated', 'december', 'without', 'manned', 'late', 'strategic', 'air', 'command', 'sac', 'began', 'disperse', 'boeing', 'stratofortress', 'bombers', 'larger', 'number', 'bases', 'thus', 'making', 'difficult', 'soviet', 'union', 'knock', 'entire', 'fleet', 'surprise', 'first', 'strike', 'sac', 'bases', 'large', 'concentrations', 'bombers', 'made', 'attractive', 'targets', 'sac', 'response', 'break', 'wings', 'scatter', 'aircraft', 'larger', 'number', 'bases', 'part', 'program', 'established', 'strategic', 'wing', 'new', 'sawyer', 'air', 'force', 'base', 'michigan', 'august', 'base', 'ready', 'accept', 'bombardment', 'squadron', 'moved', 'sawyer', 'homestead', 'air', 'force', 'base', 'florida', 'however', 'wing', 'major', 'command', 'controlled', 'majcon', 'wing', 'could', 'carry', 'permanent', 'history', 'lineage', 'sac', 'wanted', 'replace', 'permanent', 'unit', 'bombardment', 'wing', 'activated', 'replace', 'wing', 'february', 'bombardment', 'squadron', 'took', 'mission', 'personnel', 'equipment', 'simultaneously', 'inactivated', 'action', 'almost', 'tantamount', 'redesignation', 'official', 'redesignation', 'one', 'half', 'squadron', 'aircraft', 'maintained', 'fifteen', 'minute', 'alert', 'fully', 'fueled', 'ready', 'combat', 'reduce', 'vulnerability', 'soviet', 'missile', 'strike', 'addition', 'squadron', 'periodically', 'flew', 'operation', 'chrome', 'dome', 'missions', 'airborne', 'alert', 'training', 'squadron', 'trained', 'strategic', 'bombardment', 'meet', 'sac', 'commitments', 'although', 'squadron', 'deploy', 'support', 'operation', 'arc', 'light', 'operation', 'linebacker', 'end', 'vietnam', 'war', 'squadron', 'crews', 'deployed', 'pacific', 'flew', 'units', 'combat', 'missions', 'two', 'bomb', 'squadron', 'crews', 'received', 'mackay', 'trophy', 'executing', 'nonstop', 'around', 'world', 'mission', 'immediate', 'objective', 'locating', 'photographing', 'elements', 'soviet', 'navy', 'operating', 'persian', 'gulf', 'end', 'cold', 'war', 'bombers', 'taken', 'alert', 'squadron', 'inactivated', 'november', 'bomb', 'wing', 'became', 'non', 'operational', 'preparation', 'closure', 'sawyer', 'article', 'incorporates', 'public', 'domain', 'material', 'air', 'force', 'historical', 'research', 'agency']"
John Clarke (satirist),"
 John Morrison Clarke (29 July 1948 – 9 April 2017) was a New Zealand comedian, writer and satirist who lived and worked in Australia from the late 1970s. He was a highly regarded actor and writer whose work appeared on the Australian Broadcasting Corporation (ABC) in both radio and television and also in print. He is principally known for his character Fred Dagg and his long-running collaboration with fellow satirist Bryan Dawe, which lasted from 1989 to his death in 2017, as well as for his success as a comic actor in Australian and New Zealand film and television.
 Clarke was born on 29 July 1948 in Palmerston North, New Zealand,[1] the son of Ted Clarke and Neva Clarke-McKenna.[2] He moved to Wellington and attended Scots College[3] before studying at Victoria University of Wellington between 1967 and 1970.[2]
 Clarke first became known during the mid to late 1970s for portraying a laconic farmer called Fred Dagg on stage, film and television. Gumboot and singlet-clad, Dagg had seven sons all named ""Trev"".[4] Clarke also recorded a series of records and cassettes and published several books as Dagg. Over forty years after its release, the first Fred Dagg album, Fred Dagg's Greatest Hits (1976), remains one of New Zealand's biggest selling records. Some of his earliest appearances as Fred Dagg in the Australian media were on the ABC's The Science Show and Dagg later made regular radio appearances on 2JJ until the station moved to FM and was renamed 2JJJ in 1980. An LP of some 2JJ sketches, The Fred Dagg Tapes, was released in 1979.[5] He relocated to Australia in 1977.[6]
 In 1984 Clarke was part of the Australian ABC TV series The Gillies Report, starring Max Gillies. Among the highlights of this satire were Clarke's straight-faced reports on the fictional sport of ""farnarkeling"" and the exploits of Australia's farnarkeling champion, Dave Sorensen.[7]
 In 1998, together with others, Clarke developed the TV series The Games, a satirical series depicting the preparations for the Sydney 2000 Olympic Games.[8]
 In 1972, he made his first film appearance in The Adventures of Barry McKenzie, a film about an expatriate Australian in London.[9] Although Clarke was only an extra, the film's makers, Bruce Beresford and Barry Humphries, instantly recognised his talent; ""he was terribly funny and terribly real"".[10] In 1974 he wrote and appeared (as Ken) in Buck House, a New Zealand comedy TV series set in a student flat.[5]
 In 1982, he was nominated for an AFI award for co-writing the acclaimed Paul Cox film Lonely Hearts.[11] He also co-wrote the mini-series Anzacs[12] and provided the voice of Wal Footrot in the feature-length animated film, Footrot Flats: The Dog's Tale (1986), based on the comic strips by Murray Ball.[13] Towards the end of the 1980s, he featured in a number of other films, and began to be known for his political satire.
 During the 1980s and early 1990s, Clarke featured in several films, including Never Say Die, alongside New Zealand actor Temuera Morrison, Death in Brunswick, alongside another New Zealand actor, Sam Neill, and Blood Oath (released in some countries as Prisoners of the Sun).[14]
 In 1987[6] or 1989 Clarke and collaborator Bryan Dawe introduced weekly satirical mock interviews to television, and these short pieces became a regular and popular segment of the Nine Network current affairs programme A Current Affair.[1] These are described by Robert Phiddian & Jessica Milner as John Clarke's ""most sustained comic attack on public mendacity.""[6]
 Each segment addressed a topical issue, with Dawe acting as the interviewer, while Clarke assumed the persona of a politician or other figure, who typically tries to avoid directly answering any of Dawe's questions. Unusually for the genre, Clarke never attempted to directly mimic the voice, manner or appearance of his subject. This feature set the segments apart from the typical approach to this form of satire, including Clarke's earlier series The Gillies Report (1985–86).[9]
 The pair continued to do mock interviews for A Current Affair until 1997, satirising a range of figures including Paul Keating, Alexander Downer, George Bush, and Alan Bond. After a break, the pair reappeared on ABC TV's The 7.30 Report in a similar format.[1] In 2013 the mock interviews became an eponymous program, Clarke and Dawe, which screened on ABC TV. The interviews were broadcast weekly on ABCTV and were made available online on both the ABC and on YouTube and for retail sale.[15][16] This format of mock interviews was continued by John Bird and John Fortune on the British TV show Bremner, Bird and Fortune from 1999 onwards.
 The interviews have been compiled into books and CD releases. Great Interviews of the Twentieth Century won the ARIA Award for Best Australian Comedy Album in 1991.[17] The Annual Report won the same award in 1992 and Secret Men's Business was nominated in 1997.[18][19]
 Clarke had a commercial success in 1998, when he co-wrote (with Ross Stevenson) and starred (with Dawe and Gina Riley) in The Games, a mockumentary about the Sydney Organising Committee for the Olympic Games (SOCOG).[9] In 2001, Billy Connolly starred in a film based on Clarke's screenplay The Man Who Sued God (re-written by Don Watson).[20] In 2002 Clarke appeared in a villainous role in the movie Crackerjack[21] and as a comedy club owner in the award-winning telemovie Roy Hollsdotter Live.[22] After a quiet period, he re-emerged in 2004, adapting Melbourne author Shane Maloney's Murray Whelan series for film. This resulted in two films, Stiff and The Brush-Off, both starring David Wenham and Mick Molloy. Clarke directed Stiff himself and made a cameo appearance in The Brush-Off, which was directed by his old friend Sam Neill.[23]
 Clarke was the author of several books, notably two mock compilations of Australian poetry, and The Tournament, a book describing a fictional tennis tournament involving many philosophical and literary figures of the twentieth century.[24]
 During the 1980s, Clarke was an influential Board member of Film Victoria.[25]
 In 2004 he was the recipient of the Byron Kennedy Award, ""for his works of sustained excellence and for the inspiration he presents to all of us in his roles as poet, playwright, actor, author, director and producer.""[26]
 Clarke was patron of the Australian Poetry Centre, launched in June 2007, one of the forerunners of the national peak body for poets, Australian Poetry.[27]
 He was inducted into the Logies Hall of Fame in 2008.[28] The Logie was presented to him by long-time collaborator and friend Bryan Dawe.[29] At the ARIA Music Awards of 2017 his posthumous album, Clarke's Classics, won the award for Best Comedy Release in October of that year.[30]
 On 9 April 2017, Clarke died of a heart attack while on a bushwalk up Mount Abrupt[31] in the Grampians National Park, Victoria.[32][33][9] Australian prime minister Malcolm Turnbull, leader of the opposition Bill Shorten, and New Zealand prime minister Bill English paid tribute to his role as a political satirist. Turnbull said ""His satire served a noble purpose. It spoke truth to power. It made our democracy richer and stronger. It kept politicians on their toes"".[32]
 Long-time collaborator Bryan Dawe said in an interview with The Sydney Morning Herald, ""He'd never forget what was going on in your life"", and paid tribute to their partnership; ""The trick with John was he had these sparkling eyes. He was a mischief maker and his eyes went looking for mischief. You could see it and it would set you off. Neither of us could look at each other when we were doing the show... It was always about the audience"". Episodes of Clarke & Dawe were re-released online and interviews with the pair were repeated on ABC Radio in the wake of Clarke's death.[16][34][35][36]
 Clarke's work was presented on ABC Radio and Television over a period of nearly 30 years. In tribute to him and his work, the ABC repeated many pieces after his death, including his guest presentation for ABC Classic FM from October 2016 and the three-part documentary Sporting Nation, repeated on ABC television. ABC Television also screened a program containing tributes from Dawe and other friends, politicians, colleagues and comedians entitled John Clarke: Thanks for Your Time.[37] Comedian and fellow New Zealander Tony Martin delivered a tribute to Clarke at the 2017 Logie Awards.[38]
 Clarke and his works are the subject of an academic study in the journal Comedy Studies. The study was written and compiled by New Zealand film producer and writer Paul Horan in collaboration with film researcher and archivist Mark Hutchings.[39][40]
 The Fred Award, named after Clarke's character Fred Dagg, is the top award at the New Zealand International Comedy Festival, and has been presented since 2006.[41] The Victorian Premier's Literary Awards added a category in 2024 named the John Clarke Prize for Humour Writing for works of fiction, nonfiction, and poetry.[42]
 His daughter Lorin Clarke published the memoir Would that be funny? in 2023.[43] She also directed But Also John Clarke, a feature-length documentary about her father which premiered at the Melbourne International Film Festival in August 2025.[44][45]
 The ARIA Music Awards is an annual awards ceremony that recognises excellence, innovation, and achievement across all genres of Australian music. John Clarke has won three awards from four nominations.

","
^ a b c Boland, Michaela (11 April 2017). ""John Clarke: from Fred Dagg to mentor of comedians"". The Australian. Retrieved 11 April 2017.

^ a b Taylor, Alister, ed. (2001). ""New Zealand Who's Who Aotearoa 2001"". New Zealand Who's Who, Aotearoa. Auckland: Alister Taylor Publishers: 227. ISSN 1172-9813.

^ ""John Clarke: Loss of comic legend echoes across Tasman"". The New Zealand Herald. 11 April 2017. Retrieved 14 February 2021.

^ Clarke, John (1976). The Thoughts of Chairman Fred. Wellington: Fourth Estate Books. p. 26.

^ a b c d e f g h i j k l m n o p q ""John Clarke, the man behind New Zealand cultural icon Fred Dagg, has died"". Stuff.co.nz. 11 April 2017. Retrieved 11 April 2017.

^ a b c Robert Phiddian; Jessica Milner Davis (2 January 2019). ""Introduction to Special Issue of Journal of Comedy Studies on John Clarke: Trans-Tasman satirist: John Clarke and his art"" (PDF). Comedy Studies. 10 (1): 2–7. doi:10.1080/2040610X.2019.1592310. ISSN 2040-6118. Wikidata Q117737690.

^ Clarke, John (1998). A Dagg at My Table: Selected Writings. Text Publishing. pp. 69–74. ISBN 978-1875847679.

^ ""Mr John Clarke — The Games"". mrjohnclarke.com. Retrieved 15 April 2023.

^ a b c d e f g h Meade, Amanda (10 April 2017). ""John Clarke, satirist and comedian, dies aged 68"". The Guardian. Retrieved 10 April 2017.

^ Moran, Rob; Carmody, Broede; Quinn, Karl (10 April 2017). ""John Clarke's 'incalculable gift' for sarcasm deserved 'Nobel Prize', say friends, comedians"". The Sydney Morning Herald. Retrieved 11 April 2017.

^ ""Renowned satirist John Clarke dead at 68"". news.com.au. 10 April 2017. Retrieved 10 April 2017.

^ Edwards, Paul M. (2016). World War I on Film: English Language Releases through 2014. McFarland. p. 37. ISBN 9781476620633.

^ Martin, Helen; Edwards, Sam (1997). New Zealand Film, 1912–1996. Oxford University Press. p. 126. ISBN 9780195583366.

^ a b c d e f Moran, Albert; Vieth, Errol (2009). The A to Z of Australian and New Zealand Cinema. Scarecrow Press. p. 304. ISBN 9780810863477.

^ ""Clarke & Dawe (Home page)"". ABCNews.

^ a b ""John Clarke dies: Your favourite Clarke and Dawe sketches"". ABCNews. 11 April 2017. Retrieved 18 April 2017.

^ ""Aria Awards 1991"". Archived from the original on 8 June 2009. Retrieved 23 July 2009.. Retrieved 23 July 2009.

^ ""Aria Awards 1992"". Archived from the original on 26 September 2007. Retrieved 23 July 2009.. Retrieved 23 July 2009.

^ ""Aria Awards 1997"". Archived from the original on 26 September 2007. Retrieved 23 July 2009.. Retrieved 23 July 2009.

^ ""Beloved Kiwi comedian John Clarke dies"". www.radiolive.co.nz. 10 April 2017. Retrieved 10 April 2017.

^ Stratton, David (10 April 2017). ""Review: Crackerjack"". Variety. Retrieved 30 October 2002.

^ a b Kuipers, Richard (28 October 2003). ""Review: Roy Hollsdotter Live"". Variety. Retrieved 10 April 2017.

^ Craven, Peter (19 June 2004). ""Murray Whelan Series: articles"". The Age. Retrieved 17 December 2023 – via australiantelevision.net.

^ Taylor, DJ (28 June 2003). ""Review: The Tournament by John Clarke"". The Guardian. Retrieved 10 April 2017.

^ ""Vale John Clarke"". Film Victoria. 10 April 2017. Retrieved 11 April 2017.

^ ""The Byron Kennedy Award"" (PDF). Australian Academy of Cinema and Television Arts (AACTA). Archived from the original (PDF) on 3 March 2016. Retrieved 11 April 2017.

^ Ommundsen, Wenche; Jacklin, Michael (July 2008). ""Mapping literature infrastructure in Australia: A report to the Australia Council for the Arts' literature board"". University of Wollongong Research Online Research Online. Australia Council for the Arts and University of Wollongong. This report, a partnership project co-funded by the University of Wollongong and the Australia Council for the Arts, presents findings from research into the literature infrastructure of Australia.

^ ""TV Week Logies Awards 2008"". Archived from the original on 20 February 2009. Retrieved 23 July 2009.. Retrieved 23 July 2009.

^ Thomsen, Simon (10 April 2017). ""John Clarke, one of Australia's funniest men, has died"". Business Insider Australia. Archived from the original on 11 April 2017. Retrieved 10 April 2017.

^ ""2017 ARIA Awards Nominated Artists Revealed"". Australian Recording Industry Association (ARIA). 10 October 2017. Archived from the original on 11 October 2017. Retrieved 11 October 2017.

^ ""Bryan Dawe breaks his silence on the death of his friend John Clarke"". 14 April 2017.

^ a b c ""Satirist John Clarke, of Clarke and Dawe fame, dies aged 68"". ABC News. Australia. 10 April 2017.

^ ""Renowned satirist John Clarke dead at 68"". The Canberra Times. 10 April 2017. Archived from the original on 10 April 2017. Retrieved 10 April 2017.

^ Donovan, Samantha (10 April 2017). ""A tribute to the much loved satirist John Clarke"".

^ Ferguson, Zoe (10 April 2017). ""Ross Stevenson, co-writer on The Games, reflects on John Clarke's legacy"". The World Today.

^ Overnights (15 April 2017). ""A tribute to John Clarke"". Australian Broadcasting Corporation.

^ ""John Clarke: Thanks for Your Time"". ABCTV.

^ ""The 59th TV Week Logie Awards – Television.AU"". 24 April 2017.

^ Horan, Paul; Hutchings, Mark (2 January 2019). ""First steps: an overview of John Clarke's television work in New Zealand before 1980"". Comedy Studies. 10 (1): 119–126. doi:10.1080/2040610X.2019.1592370. ISSN 2040-610X. S2CID 194640769.

^ ""Late comedian John Clarke and his muchloved alter-ego Fred Dagg subject of major academic study"". Stuff. 18 August 2019.

^ ""The Fred Award"". NZ International Comedy Festival. Retrieved 24 February 2018.

^ ""New prize for humour writing added to VPLAs"". Books+Publishing. 16 September 2024. Retrieved 19 September 2024.

^ Clarke, Lorin (2023). Would that be funny?. Text Publishing. ISBN 9781922790361.

^ Quinn, Karl (4 June 2025). ""'I didn't want to': How John Clarke's daughter surprised herself with a doco about her dad"". The Age. Retrieved 9 June 2025.

^ Russell, Stephen A (4 September 2025). ""But Also John Clarke is a tender look at Australia's greatest satirist"". ABC News. Retrieved 10 September 2025.

^ a b c Robinson, Roger; Wattie, Nelson, eds. (1998). The Oxford Companion to New Zealand Literature. Oxford University Press. p. 107. ISBN 9780195583489.

^ ""Fred Dagg creator John Clarke dies at 68"". New Zealand Herald. 10 April 2017. Retrieved 11 April 2017.

^ a b Moran, Albert; Keating, Chris (2009). The A to Z of Australian Radio and Television. Scarecrow Press. p. 90. ISBN 9780810870222.

^ Buckmaster, Luke (18 October 2015). ""A Month of Sundays review – schleppy tale of Adelaide real-estate"". The Guardian. Retrieved 11 April 2017.

^ a b Donnelly, Marea (10 April 2017). ""Much-loved satirist John Clarke was a Dagg with sharp wit"". The Daily Telegraph. Sydney. Retrieved 11 April 2017.

^ Australian Book Review, Issues 38–47. National Book Council (Australia). 1982. p. 31.

^ a b c d Who's Who of Australian Writers. D.W. Thorpe. 1991. p. 97. ISBN 9780909532819.

^ Clarke 1998.

^ Pearce, Suzannah (2007). Who's who in Australia. The Herald and Weekly Times. p. 457. ISBN 9781740951302.

^ Kent, David (1993). Australian Chart Book 1970–1992 (illustrated ed.). St Ives, N.S.W.: Australian Chart Book. p. 81. ISBN 0-646-11917-6.Ryan, Gavin (2011). Australia's Music Charts 1988–2010 (pdf ed.). Mt. Martha, VIC, Australia: Moonlight Publishing.

^ ""Clake's Classics"". Apple Music. 11 July 2020.[permanent dead link]

^ ""Fred Dagg NZ Charts"". Charts.nz. Retrieved 12 July 2020.

^ ""Gold and platinum New Zealand albums to 2013"". Te Ara: The Encyclopedia of New Zealand. Retrieved 12 July 2020.

","
 john morrison clarke     july          april       was a new zealand comedian  writer and satirist who lived and worked in australia from the late     s  he was a highly regarded actor and writer whose work appeared on the australian broadcasting corporation  abc  in both radio and television and also in print  he is principally known for his character fred dagg and his long running collaboration with fellow satirist bryan dawe  which lasted from      to his death in       as well as for his success as a comic actor in australian and new zealand film and television 
 clarke was born on    july      in palmerston north  new zealand   the son of ted clarke and neva clarke mckenna   he moved to wellington and attended scots college  before studying at victoria university of wellington between      and       
 clarke first became known during the mid to late     s for portraying a laconic farmer called fred dagg on stage  film and television  gumboot and singlet clad  dagg had seven sons all named  trev    clarke also recorded a series of records and cassettes and published several books as dagg  over forty years after its release  the first fred dagg album  fred dagg s greatest hits         remains one of new zealand s biggest selling records  some of his earliest appearances as fred dagg in the australian media were on the abc s the science show and dagg later made regular radio appearances on  jj until the station moved to fm and was renamed  jjj in       an lp of some  jj sketches  the fred dagg tapes  was released in        he relocated to australia in       
 in      clarke was part of the australian abc tv series the gillies report  starring max gillies  among the highlights of this satire were clarke s straight faced reports on the fictional sport of  farnarkeling  and the exploits of australia s farnarkeling champion  dave sorensen  
 in       together with others  clarke developed the tv series the games  a satirical series depicting the preparations for the sydney      olympic games  
 in       he made his first film appearance in the adventures of barry mckenzie  a film about an expatriate australian in london   although clarke was only an extra  the film s makers  bruce beresford and barry humphries  instantly recognised his talent   he was terribly funny and terribly real    in      he wrote and appeared  as ken  in buck house  a new zealand comedy tv series set in a student flat  
 in       he was nominated for an afi award for co writing the acclaimed paul cox film lonely hearts   he also co wrote the mini series anzacs  and provided the voice of wal footrot in the feature length animated film  footrot flats  the dog s tale         based on the comic strips by murray ball   towards the end of the     s  he featured in a number of other films  and began to be known for his political satire 
 during the     s and early     s  clarke featured in several films  including never say die  alongside new zealand actor temuera morrison  death in brunswick  alongside another new zealand actor  sam neill  and blood oath  released in some countries as prisoners of the sun   
 in       or      clarke and collaborator bryan dawe introduced weekly satirical mock interviews to television  and these short pieces became a regular and popular segment of the nine network current affairs programme a current affair   these are described by robert phiddian   jessica milner as john clarke s  most sustained comic attack on public mendacity   
 each segment addressed a topical issue  with dawe acting as the interviewer  while clarke assumed the persona of a politician or other figure  who typically tries to avoid directly answering any of dawe s questions  unusually for the genre  clarke never attempted to directly mimic the voice  manner or appearance of his subject  this feature set the segments apart from the typical approach to this form of satire  including clarke s earlier series the gillies report            
 the pair continued to do mock interviews for a current affair until       satirising a range of figures including paul keating  alexander downer  george bush  and alan bond  after a break  the pair reappeared on abc tv s the      report in a similar format   in      the mock interviews became an eponymous program  clarke and dawe  which screened on abc tv  the interviews were broadcast weekly on abctv and were made available online on both the abc and on youtube and for retail sale    this format of mock interviews was continued by john bird and john fortune on the british tv show bremner  bird and fortune from      onwards 
 the interviews have been compiled into books and cd releases  great interviews of the twentieth century won the aria award for best australian comedy album in        the annual report won the same award in      and secret men s business was nominated in        
 clarke had a commercial success in       when he co wrote  with ross stevenson  and starred  with dawe and gina riley  in the games  a mockumentary about the sydney organising committee for the olympic games  socog    in       billy connolly starred in a film based on clarke s screenplay the man who sued god  re written by don watson    in      clarke appeared in a villainous role in the movie crackerjack  and as a comedy club owner in the award winning telemovie roy hollsdotter live   after a quiet period  he re emerged in       adapting melbourne author shane maloney s murray whelan series for film  this resulted in two films  stiff and the brush off  both starring david wenham and mick molloy  clarke directed stiff himself and made a cameo appearance in the brush off  which was directed by his old friend sam neill  
 clarke was the author of several books  notably two mock compilations of australian poetry  and the tournament  a book describing a fictional tennis tournament involving many philosophical and literary figures of the twentieth century  
 during the     s  clarke was an influential board member of film victoria  
 in      he was the recipient of the byron kennedy award   for his works of sustained excellence and for the inspiration he presents to all of us in his roles as poet  playwright  actor  author  director and producer   
 clarke was patron of the australian poetry centre  launched in june       one of the forerunners of the national peak body for poets  australian poetry  
 he was inducted into the logies hall of fame in        the logie was presented to him by long time collaborator and friend bryan dawe   at the aria music awards of      his posthumous album  clarke s classics  won the award for best comedy release in october of that year  
 on   april       clarke died of a heart attack while on a bushwalk up mount abrupt  in the grampians national park  victoria     australian prime minister malcolm turnbull  leader of the opposition bill shorten  and new zealand prime minister bill english paid tribute to his role as a political satirist  turnbull said  his satire served a noble purpose  it spoke truth to power  it made our democracy richer and stronger  it kept politicians on their toes   
 long time collaborator bryan dawe said in an interview with the sydney morning herald   he d never forget what was going on in your life   and paid tribute to their partnership   the trick with john was he had these sparkling eyes  he was a mischief maker and his eyes went looking for mischief  you could see it and it would set you off  neither of us could look at each other when we were doing the show    it was always about the audience   episodes of clarke   dawe were re released online and interviews with the pair were repeated on abc radio in the wake of clarke s death     
 clarke s work was presented on abc radio and television over a period of nearly    years  in tribute to him and his work  the abc repeated many pieces after his death  including his guest presentation for abc classic fm from october      and the three part documentary sporting nation  repeated on abc television  abc television also screened a program containing tributes from dawe and other friends  politicians  colleagues and comedians entitled john clarke  thanks for your time   comedian and fellow new zealander tony martin delivered a tribute to clarke at the      logie awards  
 clarke and his works are the subject of an academic study in the journal comedy studies  the study was written and compiled by new zealand film producer and writer paul horan in collaboration with film researcher and archivist mark hutchings   
 the fred award  named after clarke s character fred dagg  is the top award at the new zealand international comedy festival  and has been presented since        the victorian premier s literary awards added a category in      named the john clarke prize for humour writing for works of fiction  nonfiction  and poetry  
 his daughter lorin clarke published the memoir would that be funny  in        she also directed but also john clarke  a feature length documentary about her father which premiered at the melbourne international film festival in august        
 the aria music awards is an annual awards ceremony that recognises excellence  innovation  and achievement across all genres of australian music  john clarke has won three awards from four nominations 

","['john', 'morrison', 'clarke', 'july', 'april', 'new', 'zealand', 'comedian', 'writer', 'satirist', 'lived', 'worked', 'australia', 'late', 'highly', 'regarded', 'actor', 'writer', 'whose', 'work', 'appeared', 'australian', 'broadcasting', 'corporation', 'abc', 'radio', 'television', 'also', 'print', 'principally', 'known', 'character', 'fred', 'dagg', 'long', 'running', 'collaboration', 'fellow', 'satirist', 'bryan', 'dawe', 'lasted', 'death', 'well', 'success', 'comic', 'actor', 'australian', 'new', 'zealand', 'film', 'television', 'clarke', 'born', 'july', 'palmerston', 'north', 'new', 'zealand', 'son', 'ted', 'clarke', 'neva', 'clarke', 'mckenna', 'moved', 'wellington', 'attended', 'scots', 'college', 'studying', 'victoria', 'university', 'wellington', 'clarke', 'first', 'became', 'known', 'mid', 'late', 'portraying', 'laconic', 'farmer', 'called', 'fred', 'dagg', 'stage', 'film', 'television', 'gumboot', 'singlet', 'clad', 'dagg', 'seven', 'sons', 'named', 'trev', 'clarke', 'also', 'recorded', 'series', 'records', 'cassettes', 'published', 'several', 'books', 'dagg', 'forty', 'years', 'release', 'first', 'fred', 'dagg', 'album', 'fred', 'dagg', 'greatest', 'hits', 'remains', 'one', 'new', 'zealand', 'biggest', 'selling', 'records', 'earliest', 'appearances', 'fred', 'dagg', 'australian', 'media', 'abc', 'science', 'show', 'dagg', 'later', 'made', 'regular', 'radio', 'appearances', 'station', 'moved', 'renamed', 'jjj', 'sketches', 'fred', 'dagg', 'tapes', 'released', 'relocated', 'australia', 'clarke', 'part', 'australian', 'abc', 'series', 'gillies', 'report', 'starring', 'max', 'gillies', 'among', 'highlights', 'satire', 'clarke', 'straight', 'faced', 'reports', 'fictional', 'sport', 'farnarkeling', 'exploits', 'australia', 'farnarkeling', 'champion', 'dave', 'sorensen', 'together', 'others', 'clarke', 'developed', 'series', 'games', 'satirical', 'series', 'depicting', 'preparations', 'sydney', 'olympic', 'games', 'made', 'first', 'film', 'appearance', 'adventures', 'barry', 'mckenzie', 'film', 'expatriate', 'australian', 'london', 'although', 'clarke', 'extra', 'film', 'makers', 'bruce', 'beresford', 'barry', 'humphries', 'instantly', 'recognised', 'talent', 'terribly', 'funny', 'terribly', 'real', 'wrote', 'appeared', 'ken', 'buck', 'house', 'new', 'zealand', 'comedy', 'series', 'set', 'student', 'flat', 'nominated', 'afi', 'award', 'writing', 'acclaimed', 'paul', 'cox', 'film', 'lonely', 'hearts', 'also', 'wrote', 'mini', 'series', 'anzacs', 'provided', 'voice', 'wal', 'footrot', 'feature', 'length', 'animated', 'film', 'footrot', 'flats', 'dog', 'tale', 'based', 'comic', 'strips', 'murray', 'ball', 'towards', 'end', 'featured', 'number', 'films', 'began', 'known', 'political', 'satire', 'early', 'clarke', 'featured', 'several', 'films', 'including', 'never', 'say', 'die', 'alongside', 'new', 'zealand', 'actor', 'temuera', 'morrison', 'death', 'brunswick', 'alongside', 'another', 'new', 'zealand', 'actor', 'sam', 'neill', 'blood', 'oath', 'released', 'countries', 'prisoners', 'sun', 'clarke', 'collaborator', 'bryan', 'dawe', 'introduced', 'weekly', 'satirical', 'mock', 'interviews', 'television', 'short', 'pieces', 'became', 'regular', 'popular', 'segment', 'nine', 'network', 'current', 'affairs', 'programme', 'current', 'affair', 'described', 'robert', 'phiddian', 'jessica', 'milner', 'john', 'clarke', 'sustained', 'comic', 'attack', 'public', 'mendacity', 'segment', 'addressed', 'topical', 'issue', 'dawe', 'acting', 'interviewer', 'clarke', 'assumed', 'persona', 'politician', 'figure', 'typically', 'tries', 'avoid', 'directly', 'answering', 'dawe', 'questions', 'unusually', 'genre', 'clarke', 'never', 'attempted', 'directly', 'mimic', 'voice', 'manner', 'appearance', 'subject', 'feature', 'set', 'segments', 'apart', 'typical', 'approach', 'form', 'satire', 'including', 'clarke', 'earlier', 'series', 'gillies', 'report', 'pair', 'continued', 'mock', 'interviews', 'current', 'affair', 'satirising', 'range', 'figures', 'including', 'paul', 'keating', 'alexander', 'downer', 'george', 'bush', 'alan', 'bond', 'break', 'pair', 'reappeared', 'abc', 'report', 'similar', 'format', 'mock', 'interviews', 'became', 'eponymous', 'program', 'clarke', 'dawe', 'screened', 'abc', 'interviews', 'broadcast', 'weekly', 'abctv', 'made', 'available', 'online', 'abc', 'youtube', 'retail', 'sale', 'format', 'mock', 'interviews', 'continued', 'john', 'bird', 'john', 'fortune', 'british', 'show', 'bremner', 'bird', 'fortune', 'onwards', 'interviews', 'compiled', 'books', 'releases', 'great', 'interviews', 'twentieth', 'century', 'aria', 'award', 'best', 'australian', 'comedy', 'album', 'annual', 'report', 'award', 'secret', 'men', 'business', 'nominated', 'clarke', 'commercial', 'success', 'wrote', 'ross', 'stevenson', 'starred', 'dawe', 'gina', 'riley', 'games', 'mockumentary', 'sydney', 'organising', 'committee', 'olympic', 'games', 'socog', 'billy', 'connolly', 'starred', 'film', 'based', 'clarke', 'screenplay', 'man', 'sued', 'god', 'written', 'watson', 'clarke', 'appeared', 'villainous', 'role', 'movie', 'crackerjack', 'comedy', 'club', 'owner', 'award', 'winning', 'telemovie', 'roy', 'hollsdotter', 'live', 'quiet', 'period', 'emerged', 'adapting', 'melbourne', 'author', 'shane', 'maloney', 'murray', 'whelan', 'series', 'film', 'resulted', 'two', 'films', 'stiff', 'brush', 'starring', 'david', 'wenham', 'mick', 'molloy', 'clarke', 'directed', 'stiff', 'made', 'cameo', 'appearance', 'brush', 'directed', 'old', 'friend', 'sam', 'neill', 'clarke', 'author', 'several', 'books', 'notably', 'two', 'mock', 'compilations', 'australian', 'poetry', 'tournament', 'book', 'describing', 'fictional', 'tennis', 'tournament', 'involving', 'many', 'philosophical', 'literary', 'figures', 'twentieth', 'century', 'clarke', 'influential', 'board', 'member', 'film', 'victoria', 'recipient', 'byron', 'kennedy', 'award', 'works', 'sustained', 'excellence', 'inspiration', 'presents', 'roles', 'poet', 'playwright', 'actor', 'author', 'director', 'producer', 'clarke', 'patron', 'australian', 'poetry', 'centre', 'launched', 'june', 'one', 'forerunners', 'national', 'peak', 'body', 'poets', 'australian', 'poetry', 'inducted', 'logies', 'hall', 'fame', 'logie', 'presented', 'long', 'time', 'collaborator', 'friend', 'bryan', 'dawe', 'aria', 'music', 'awards', 'posthumous', 'album', 'clarke', 'classics', 'award', 'best', 'comedy', 'release', 'october', 'year', 'april', 'clarke', 'died', 'heart', 'attack', 'bushwalk', 'mount', 'abrupt', 'grampians', 'national', 'park', 'victoria', 'australian', 'prime', 'minister', 'malcolm', 'turnbull', 'leader', 'opposition', 'bill', 'shorten', 'new', 'zealand', 'prime', 'minister', 'bill', 'english', 'paid', 'tribute', 'role', 'political', 'satirist', 'turnbull', 'said', 'satire', 'served', 'noble', 'purpose', 'spoke', 'truth', 'power', 'made', 'democracy', 'richer', 'stronger', 'kept', 'politicians', 'toes', 'long', 'time', 'collaborator', 'bryan', 'dawe', 'said', 'interview', 'sydney', 'morning', 'herald', 'never', 'forget', 'going', 'life', 'paid', 'tribute', 'partnership', 'trick', 'john', 'sparkling', 'eyes', 'mischief', 'maker', 'eyes', 'went', 'looking', 'mischief', 'could', 'see', 'would', 'set', 'neither', 'could', 'look', 'show', 'always', 'audience', 'episodes', 'clarke', 'dawe', 'released', 'online', 'interviews', 'pair', 'repeated', 'abc', 'radio', 'wake', 'clarke', 'death', 'clarke', 'work', 'presented', 'abc', 'radio', 'television', 'period', 'nearly', 'years', 'tribute', 'work', 'abc', 'repeated', 'many', 'pieces', 'death', 'including', 'guest', 'presentation', 'abc', 'classic', 'october', 'three', 'part', 'documentary', 'sporting', 'nation', 'repeated', 'abc', 'television', 'abc', 'television', 'also', 'screened', 'program', 'containing', 'tributes', 'dawe', 'friends', 'politicians', 'colleagues', 'comedians', 'entitled', 'john', 'clarke', 'thanks', 'time', 'comedian', 'fellow', 'new', 'zealander', 'tony', 'martin', 'delivered', 'tribute', 'clarke', 'logie', 'awards', 'clarke', 'works', 'subject', 'academic', 'study', 'journal', 'comedy', 'studies', 'study', 'written', 'compiled', 'new', 'zealand', 'film', 'producer', 'writer', 'paul', 'horan', 'collaboration', 'film', 'researcher', 'archivist', 'mark', 'hutchings', 'fred', 'award', 'named', 'clarke', 'character', 'fred', 'dagg', 'top', 'award', 'new', 'zealand', 'international', 'comedy', 'festival', 'presented', 'since', 'victorian', 'premier', 'literary', 'awards', 'added', 'category', 'named', 'john', 'clarke', 'prize', 'humour', 'writing', 'works', 'fiction', 'nonfiction', 'poetry', 'daughter', 'lorin', 'clarke', 'published', 'memoir', 'would', 'funny', 'also', 'directed', 'also', 'john', 'clarke', 'feature', 'length', 'documentary', 'father', 'premiered', 'melbourne', 'international', 'film', 'festival', 'august', 'aria', 'music', 'awards', 'annual', 'awards', 'ceremony', 'recognises', 'excellence', 'innovation', 'achievement', 'across', 'genres', 'australian', 'music', 'john', 'clarke', 'three', 'awards', 'four', 'nominations']"
Allen Chi Zhou Fan,"
 Allen Chi Zhou Fan (born 2004) is a New Zealand chess player. He was awarded the title of FIDE Master (FM) in 2019.[1]
 He finished second in the New Zealand Open Junior Championship in 2017, scoring 4½/6.[2]
 He qualified to play in the Chess World Cup 2021, where he was drawn to play Constantin Lupulescu in the first round, but he was unable to make it to the event and was defeated in a walkover.[3][4]
","
^ ""Fan, Allen Chi Zhou"". ratings.fide.com. Retrieved 11 August 2021.

^ ""New Zealand Junior Open Championship 2017"". www.nzchessmag.com. Archived from the original on 19 January 2022. Retrieved 11 August 2021.

^ ""Tournament tree — FIDE World Cup 2021"". worldcup.fide.com. Archived from the original on 28 October 2021. Retrieved 11 August 2021.

^ pawnwonder (16 July 2021). ""Africans at the World Cup 2021: Round 2.1"". Africa Chess Media. Archived from the original on 11 August 2021. Retrieved 11 August 2021.

","
 allen chi zhou fan  born       is a new zealand chess player  he was awarded the title of fide master  fm  in       
 he finished second in the new zealand open junior championship in       scoring       
 he qualified to play in the chess world cup       where he was drawn to play constantin lupulescu in the first round  but he was unable to make it to the event and was defeated in a walkover   
","['allen', 'chi', 'zhou', 'fan', 'born', 'new', 'zealand', 'chess', 'player', 'awarded', 'title', 'fide', 'master', 'finished', 'second', 'new', 'zealand', 'open', 'junior', 'championship', 'scoring', 'qualified', 'play', 'chess', 'world', 'cup', 'drawn', 'play', 'constantin', 'lupulescu', 'first', 'round', 'unable', 'make', 'event', 'defeated', 'walkover']"
Tchê Tchê,"
 Danilo das Neves Pinheiro (born 30 August 1992), known by his nickname Tchê Tchê, is a Brazilian professional footballer who plays as defensive midfielder for Vasco da Gama.
 Born in São Paulo, Tchê Tchê joined Audax's youth setup in 2006, after being approved on a trial. He made his senior debut for the club on 27 March 2011, playing the last 14 minutes in a 3–1 Campeonato Paulista Série A2 home win against Rio Branco.[1]
 Tchê Tchê was a regular starter for Audax in the club's first season in Campeonato Paulista, appearing in ten matches. His first match in the tournament occurred on 18 January 2014, a 0–0 away draw against Paulista.[2]
 After subsequent loans at Guaratinguetá, Ponte Preta[3] and Boa Esporte,[4] Tchê Tchê impressed with Audax during the 2016 Paulistão; he scored his first professional goal on 23 April 2016, netting from long range in a 2–2 draw at Corinthians, which ensured his team's qualification to the finals for the first time in their history.[5]
 On 28 April 2016, Tchê Tchê signed a pre-contract with Série A club Palmeiras, being effective after the Campeonato Paulista finals.[6]
 On 8 June 2018, Tchê Tchê signed a 5-year contract with Ukrainian Premier League club Dynamo Kyiv.[7]
 On 30 March 2019, Tchê Tchê signed a four-year contract with São Paulo, coming back for his country Brazil.[8]
 On 6 April 2021, Tchê Tchê joined Atlético Mineiro on loan with an option to buy until May 2022.[9]
 In April 2022, Botafogo presented Tchê Tchê as a new reinforcement.[10]
 The first player from the SAF Botafogo era to reach 100 games for Glorioso, Tchê Tchê won honors from the Club before the classic against Flamengo, at Maracanã, in the seventh round of the Carioca Championship.[11]
","
^ a b c Appearance(s) in Campeonato Paulista Série A2

^ Appearance(s) in Copa Paulista

^ a b c d e f Appearance(s) in Campeonato Paulista

^ a b c d e Appearance(s) in Copa Libertadores

^ One appearance in UEFA Champions League, four appearances in UEFA Europa League

^ Appearance in Ukrainian Super Cup

^ Six appearances in Copa Libertadores, two appearances in Copa Sudamericana

^ a b Appearance(s) in Campeonato Mineiro

^ a b c Appearance(s) in Campeonato Carioca

^ a b Appearances in Copa Sudamericana

 
^ ""Pão de Açúcar 3 x 1 Rio Branco – PAEC se despede da A2 com pé direito"" [Pão de Açúcar 3–1 Rio Branco – PAEC bid farewell of A2 with the right foot] (in Portuguese). Futebol Interior. 27 March 2011. Retrieved 5 May 2016.

^ ""Paulista e Audax-SP não saem do zero na estreia pelo Estadual"" [Paulista and Audax-SP draw blank in the State League debut] (in Portuguese). Globo Esporte. 18 January 2014. Retrieved 5 May 2016.

^ ""Meia Tchê-Tchê e atacante Vitor Xavier chegam para compor o elenco"" [Midfielder Tchê Tchê and forward Vitor Xavier arrive to bolster squad] (in Portuguese). Ponte Preta's official website. 10 December 2014. Retrieved 5 May 2016.

^ ""Sem chance na Ponte, meia vai para o Boa Esporte buscar espaço na Série B"" [Without a chance at Ponte, midfielder goes to Boa Esporte to search for a space in Série B] (in Portuguese). Globo Esporte. 24 April 2015. Retrieved 5 May 2016.

^ ""Em jogo alucinante, Audax elimina Corinthians nos pênaltis e vai à final do Paulistão"" [In a blistering match, Audax knock out Corinthians on penalties and go to the finals of Paulistão] (in Portuguese). Globo Esporte. 23 April 2016. Retrieved 5 May 2016.

^ ""Palmeiras acerta com Tchê Tchê, destaque do Audax no Paulistão"" [Palmeiras sign Tchê Tchê, Audax's spotlight in the Paulistão] (in Portuguese). Globo Esporte. 28 April 2016. Retrieved 5 May 2016.

^ ""Tche Tche – FC Dynamo Kyiv player!"". FC Dynamo Kyiv. 8 June 2018. Retrieved 8 June 2018.

^ São Paulo acerta compra de Tchê Tchê por 4 anos e aguarda volante para exames

^ ""Tchê Tchê reforça o Galo"" (in Brazilian Portuguese). Clube Atlético Mineiro. 6 April 2021. Archived from the original on 17 April 2021. Retrieved 6 April 2021.

^ ""Apresentado no Botafogo, Tchê Tchê comemora acerto: 'Privilégio vestir essa camisa'"". Fogo na Rede (in Brazilian Portuguese). 18 April 2022. Retrieved 8 April 2024.

^ Redação (7 February 2024). ""Botafogo homenageia Tchê Tchê por 100 jogos pelo clube; volante é o primeiro a completar marca na Era SAF"". Fogo na Rede (in Brazilian Portuguese). Retrieved 8 April 2024.

^ Tchê Tchê at Soccerway. Retrieved 6 April 2021.

^ ""Santos domina seleção do Paulistão; Audax emplaca dois e mais o técnico"" [Santos dominate the Paulistão team of the year; Audax include two and the manager] (in Portuguese). Globo Esporte. 9 May 2016. Retrieved 9 May 2016.

^ ""Em festa santista, Lucas Lima leva o prêmio de melhor jogador do Paulista"" [In the santista party, Lucas Lima takes the prize of best player of the Paulista] (in Portuguese). Globo Esporte. 9 May 2016. Retrieved 9 May 2016.

^ ""Gabriel Jesus wins Bola de Prata award for best player in the Brasileirao"". Sambafoot.

^ ""Palmeiras tem oito na seleção do Brasileirão, Gabriel Jesus é o craque"". sportv.com (in Brazilian Portuguese). 12 December 2016.

^ ""Veja os ganhadores da edição 2016 do Troféu Mesa Redonda - Gazeta Esportiva"". www.gazetaesportiva.com. 19 December 2016. Retrieved 9 September 2023.

^ Teixeira, Gabriel Amaral (11 December 2023). ""Palmeiras domina seleção do Troféu Mesa Redonda, e Suárez é eleito o craque da temporada"". Gazeta Esportiva (in Brazilian Portuguese). Retrieved 1 March 2024.

","
 danilo das neves pinheiro  born    august        known by his nickname tch  tch   is a brazilian professional footballer who plays as defensive midfielder for vasco da gama 
 born in s o paulo  tch  tch  joined audax s youth setup in       after being approved on a trial  he made his senior debut for the club on    march       playing the last    minutes in a     campeonato paulista s rie a  home win against rio branco  
 tch  tch  was a regular starter for audax in the club s first season in campeonato paulista  appearing in ten matches  his first match in the tournament occurred on    january       a     away draw against paulista  
 after subsequent loans at guaratinguet   ponte preta  and boa esporte   tch  tch  impressed with audax during the      paulist o  he scored his first professional goal on    april       netting from long range in a     draw at corinthians  which ensured his team s qualification to the finals for the first time in their history  
 on    april       tch  tch  signed a pre contract with s rie a club palmeiras  being effective after the campeonato paulista finals  
 on   june       tch  tch  signed a   year contract with ukrainian premier league club dynamo kyiv  
 on    march       tch  tch  signed a four year contract with s o paulo  coming back for his country brazil  
 on   april       tch  tch  joined atl tico mineiro on loan with an option to buy until may       
 in april       botafogo presented tch  tch  as a new reinforcement  
 the first player from the saf botafogo era to reach     games for glorioso  tch  tch  won honors from the club before the classic against flamengo  at maracan   in the seventh round of the carioca championship  
","['danilo', 'das', 'neves', 'pinheiro', 'born', 'august', 'known', 'nickname', 'tch', 'tch', 'brazilian', 'professional', 'footballer', 'plays', 'defensive', 'midfielder', 'vasco', 'gama', 'born', 'paulo', 'tch', 'tch', 'joined', 'audax', 'youth', 'setup', 'approved', 'trial', 'made', 'senior', 'debut', 'club', 'march', 'playing', 'last', 'minutes', 'campeonato', 'paulista', 'rie', 'home', 'win', 'rio', 'branco', 'tch', 'tch', 'regular', 'starter', 'audax', 'club', 'first', 'season', 'campeonato', 'paulista', 'appearing', 'ten', 'matches', 'first', 'match', 'tournament', 'occurred', 'january', 'away', 'draw', 'paulista', 'subsequent', 'loans', 'guaratinguet', 'ponte', 'preta', 'boa', 'esporte', 'tch', 'tch', 'impressed', 'audax', 'paulist', 'scored', 'first', 'professional', 'goal', 'april', 'netting', 'long', 'range', 'draw', 'corinthians', 'ensured', 'team', 'qualification', 'finals', 'first', 'time', 'history', 'april', 'tch', 'tch', 'signed', 'pre', 'contract', 'rie', 'club', 'palmeiras', 'effective', 'campeonato', 'paulista', 'finals', 'june', 'tch', 'tch', 'signed', 'year', 'contract', 'ukrainian', 'premier', 'league', 'club', 'dynamo', 'kyiv', 'march', 'tch', 'tch', 'signed', 'four', 'year', 'contract', 'paulo', 'coming', 'back', 'country', 'brazil', 'april', 'tch', 'tch', 'joined', 'atl', 'tico', 'mineiro', 'loan', 'option', 'buy', 'may', 'april', 'botafogo', 'presented', 'tch', 'tch', 'new', 'reinforcement', 'first', 'player', 'saf', 'botafogo', 'era', 'reach', 'games', 'glorioso', 'tch', 'tch', 'honors', 'club', 'classic', 'flamengo', 'maracan', 'seventh', 'round', 'carioca', 'championship']"
